family,X,B,B_valences_json,compatible_A_count,compatible_A_json,neutral_charge_tuples_json,has_any_charge_compatible_A,deterministically_exportable_A_count,deterministically_exportable_A_json,later_filter_first_rejections_json
oxide,O,Ti,[4],3,"[""Ba"", ""Sr"", ""Ca""]","[{""A"": ""Ba"", ""qA"": 2, ""qB"": 4, ""qX"": -2, ""total"": 0}, {""A"": ""Sr"", ""qA"": 2, ""qB"": 4, ""qX"": -2, ""total"": 0}, {""A"": ""Ca"", ""qA"": 2, ""qB"": 4, ""qX"": -2, ""total"": 0}]",True,3,"[""Ba"", ""Sr"", ""Ca""]",{}
oxide,O,Zr,[4],3,"[""Ba"", ""Sr"", ""Ca""]","[{""A"": ""Ba"", ""qA"": 2, ""qB"": 4, ""qX"": -2, ""total"": 0}, {""A"": ""Sr"", ""qA"": 2, ""qB"": 4, ""qX"": -2, ""total"": 0}, {""A"": ""Ca"", ""qA"": 2, ""qB"": 4, ""qX"": -2, ""total"": 0}]",True,3,"[""Ba"", ""Sr"", ""Ca""]",{}
oxide,O,Hf,[4],3,"[""Ba"", ""Sr"", ""Ca""]","[{""A"": ""Ba"", ""qA"": 2, ""qB"": 4, ""qX"": -2, ""total"": 0}, {""A"": ""Sr"", ""qA"": 2, ""qB"": 4, ""qX"": -2, ""total"": 0}, {""A"": ""Ca"", ""qA"": 2, ""qB"": 4, ""qX"": -2, ""total"": 0}]",True,3,"[""Ba"", ""Sr"", ""Ca""]",{}
oxide,O,V,"[3, 4, 5]",21,"[""Yb"", ""Pr"", ""Tb"", ""Tm"", ""Er"", ""K"", ""Ba"", ""Sr"", ""Ho"", ""Gd"", ""Na"", ""Ca"", ""Rb"", ""Dy"", ""Nd"", ""Cs"", ""La"", ""Eu"", ""Sm"", ""Lu"", ""Ce""]","[{""A"": ""Yb"", ""qA"": 3, ""qB"": 3, ""qX"": -2, ""total"": 0}, {""A"": ""Pr"", ""qA"": 3, ""qB"": 3, ""qX"": -2, ""total"": 0}, {""A"": ""Tb"", ""qA"": 3, ""qB"": 3, ""qX"": -2, ""total"": 0}, {""A"": ""Tm"", ""qA"": 3, ""qB"": 3, ""qX"": -2, ""total"": 0}, {""A"": ""Er"", ""qA"": 3, ""qB"": 3, ""qX"": -2, ""total"": 0}, {""A"": ""K"", ""qA"": 1, ""qB"": 5, ""qX"": -2, ""total"": 0}, {""A"": ""Ba"", ""qA"": 2, ""qB"": 4, ""qX"": -2, ""total"": 0}, {""A"": ""Sr"", ""qA"": 2, ""qB"": 4, ""qX"": -2, ""total"": 0}, {""A"": ""Ho"", ""qA"": 3, ""qB"": 3, ""qX"": -2, ""total"": 0}, {""A"": ""Gd"", ""qA"": 3, ""qB"": 3, ""qX"": -2, ""total"": 0}, {""A"": ""Na"", ""qA"": 1, ""qB"": 5, ""qX"": -2, ""total"": 0}, {""A"": ""Ca"", ""qA"": 2, ""qB"": 4, ""qX"": -2, ""total"": 0}, {""A"": ""Rb"", ""qA"": 1, ""qB"": 5, ""qX"": -2, ""total"": 0}, {""A"": ""Dy"", ""qA"": 3, ""qB"": 3, ""qX"": -2, ""total"": 0}, {""A"": ""Nd"", ""qA"": 3, ""qB"": 3, ""qX"": -2, ""total"": 0}, {""A"": ""Cs"", ""qA"": 1, ""qB"": 5, ""qX"": -2, ""total"": 0}, {""A"": ""La"", ""qA"": 3, ""qB"": 3, ""qX"": -2, ""total"": 0}, {""A"": ""Eu"", ""qA"": 3, ""qB"": 3, ""qX"": -2, ""total"": 0}, {""A"": ""Sm"", ""qA"": 3, ""qB"": 3, ""qX"": -2, ""total"": 0}, {""A"": ""Lu"", ""qA"": 3, ""qB"": 3, ""qX"": -2, ""total"": 0}, {""A"": ""Ce"", ""qA"": 3, ""qB"": 3, ""qX"": -2, ""total"": 0}]",True,16,"[""Yb"", ""Pr"", ""Tm"", ""K"", ""Ba"", ""Sr"", ""Gd"", ""Na"", ""Ca"", ""Rb"", ""Dy"", ""Nd"", ""La"", ""Eu"", ""Sm"", ""Ce""]","{""tolerance/mu"": 5}"
oxide,O,Nb,[5],4,"[""K"", ""Na"", ""Rb"", ""Cs""]","[{""A"": ""K"", ""qA"": 1, ""qB"": 5, ""qX"": -2, ""total"": 0}, {""A"": ""Na"", ""qA"": 1, ""qB"": 5, ""qX"": -2, ""total"": 0}, {""A"": ""Rb"", ""qA"": 1, ""qB"": 5, ""qX"": -2, ""total"": 0}, {""A"": ""Cs"", ""qA"": 1, ""qB"": 5, ""qX"": -2, ""total"": 0}]",True,4,"[""K"", ""Na"", ""Rb"", ""Cs""]",{}
oxide,O,Ta,[5],4,"[""K"", ""Na"", ""Rb"", ""Cs""]","[{""A"": ""K"", ""qA"": 1, ""qB"": 5, ""qX"": -2, ""total"": 0}, {""A"": ""Na"", ""qA"": 1, ""qB"": 5, ""qX"": -2, ""total"": 0}, {""A"": ""Rb"", ""qA"": 1, ""qB"": 5, ""qX"": -2, ""total"": 0}, {""A"": ""Cs"", ""qA"": 1, ""qB"": 5, ""qX"": -2, ""total"": 0}]",True,4,"[""K"", ""Na"", ""Rb"", ""Cs""]",{}
oxide,O,Cr,[3],14,"[""Yb"", ""Pr"", ""Tb"", ""Tm"", ""Er"", ""Ho"", ""Gd"", ""Dy"", ""Nd"", ""La"", ""Eu"", ""Sm"", ""Lu"", ""Ce""]","[{""A"": ""Yb"", ""qA"": 3, ""qB"": 3, ""qX"": -2, ""total"": 0}, {""A"": ""Pr"", ""qA"": 3, ""qB"": 3, ""qX"": -2, ""total"": 0}, {""A"": ""Tb"", ""qA"": 3, ""qB"": 3, ""qX"": -2, ""total"": 0}, {""A"": ""Tm"", ""qA"": 3, ""qB"": 3, ""qX"": -2, ""total"": 0}, {""A"": ""Er"", ""qA"": 3, ""qB"": 3, ""qX"": -2, ""total"": 0}, {""A"": ""Ho"", ""qA"": 3, ""qB"": 3, ""qX"": -2, ""total"": 0}, {""A"": ""Gd"", ""qA"": 3, ""qB"": 3, ""qX"": -2, ""total"": 0}, {""A"": ""Dy"", ""qA"": 3, ""qB"": 3, ""qX"": -2, ""total"": 0}, {""A"": ""Nd"", ""qA"": 3, ""qB"": 3, ""qX"": -2, ""total"": 0}, {""A"": ""La"", ""qA"": 3, ""qB"": 3, ""qX"": -2, ""total"": 0}, {""A"": ""Eu"", ""qA"": 3, ""qB"": 3, ""qX"": -2, ""total"": 0}, {""A"": ""Sm"", ""qA"": 3, ""qB"": 3, ""qX"": -2, ""total"": 0}, {""A"": ""Lu"", ""qA"": 3, ""qB"": 3, ""qX"": -2, ""total"": 0}, {""A"": ""Ce"", ""qA"": 3, ""qB"": 3, ""qX"": -2, ""total"": 0}]",True,1,"[""Nd""]","{""tolerance/mu"": 13}"
oxide,O,Mn,"[3, 4]",17,"[""Yb"", ""Pr"", ""Tb"", ""Tm"", ""Er"", ""Ba"", ""Sr"", ""Ho"", ""Gd"", ""Ca"", ""Dy"", ""Nd"", ""La"", ""Eu"", ""Sm"", ""Lu"", ""Ce""]","[{""A"": ""Yb"", ""qA"": 3, ""qB"": 3, ""qX"": -2, ""total"": 0}, {""A"": ""Pr"", ""qA"": 3, ""qB"": 3, ""qX"": -2, ""total"": 0}, {""A"": ""Tb"", ""qA"": 3, ""qB"": 3, ""qX"": -2, ""total"": 0}, {""A"": ""Tm"", ""qA"": 3, ""qB"": 3, ""qX"": -2, ""total"": 0}, {""A"": ""Er"", ""qA"": 3, ""qB"": 3, ""qX"": -2, ""total"": 0}, {""A"": ""Ba"", ""qA"": 2, ""qB"": 4, ""qX"": -2, ""total"": 0}, {""A"": ""Sr"", ""qA"": 2, ""qB"": 4, ""qX"": -2, ""total"": 0}, {""A"": ""Ho"", ""qA"": 3, ""qB"": 3, ""qX"": -2, ""total"": 0}, {""A"": ""Gd"", ""qA"": 3, ""qB"": 3, ""qX"": -2, ""total"": 0}, {""A"": ""Ca"", ""qA"": 2, ""qB"": 4, ""qX"": -2, ""total"": 0}, {""A"": ""Dy"", ""qA"": 3, ""qB"": 3, ""qX"": -2, ""total"": 0}, {""A"": ""Nd"", ""qA"": 3, ""qB"": 3, ""qX"": -2, ""total"": 0}, {""A"": ""La"", ""qA"": 3, ""qB"": 3, ""qX"": -2, ""total"": 0}, {""A"": ""Eu"", ""qA"": 3, ""qB"": 3, ""qX"": -2, ""total"": 0}, {""A"": ""Sm"", ""qA"": 3, ""qB"": 3, ""qX"": -2, ""total"": 0}, {""A"": ""Lu"", ""qA"": 3, ""qB"": 3, ""qX"": -2, ""total"": 0}, {""A"": ""Ce"", ""qA"": 3, ""qB"": 3, ""qX"": -2, ""total"": 0}]",True,6,"[""Ba"", ""Sr"", ""Nd"", ""La"", ""Eu"", ""Sm""]","{""tolerance/mu"": 11}"
oxide,O,Fe,[3],14,"[""Yb"", ""Pr"", ""Tb"", ""Tm"", ""Er"", ""Ho"", ""Gd"", ""Dy"", ""Nd"", ""La"", ""Eu"", ""Sm"", ""Lu"", ""Ce""]","[{""A"": ""Yb"", ""qA"": 3, ""qB"": 3, ""qX"": -2, ""total"": 0}, {""A"": ""Pr"", ""qA"": 3, ""qB"": 3, ""qX"": -2, ""total"": 0}, {""A"": ""Tb"", ""qA"": 3, ""qB"": 3, ""qX"": -2, ""total"": 0}, {""A"": ""Tm"", ""qA"": 3, ""qB"": 3, ""qX"": -2, ""total"": 0}, {""A"": ""Er"", ""qA"": 3, ""qB"": 3, ""qX"": -2, ""total"": 0}, {""A"": ""Ho"", ""qA"": 3, ""qB"": 3, ""qX"": -2, ""total"": 0}, {""A"": ""Gd"", ""qA"": 3, ""qB"": 3, ""qX"": -2, ""total"": 0}, {""A"": ""Dy"", ""qA"": 3, ""qB"": 3, ""qX"": -2, ""total"": 0}, {""A"": ""Nd"", ""qA"": 3, ""qB"": 3, ""qX"": -2, ""total"": 0}, {""A"": ""La"", ""qA"": 3, ""qB"": 3, ""qX"": -2, ""total"": 0}, {""A"": ""Eu"", ""qA"": 3, ""qB"": 3, ""qX"": -2, ""total"": 0}, {""A"": ""Sm"", ""qA"": 3, ""qB"": 3, ""qX"": -2, ""total"": 0}, {""A"": ""Lu"", ""qA"": 3, ""qB"": 3, ""qX"": -2, ""total"": 0}, {""A"": ""Ce"", ""qA"": 3, ""qB"": 3, ""qX"": -2, ""total"": 0}]",True,5,"[""Dy"", ""Nd"", ""La"", ""Eu"", ""Sm""]","{""tolerance/mu"": 9}"
oxide,O,Co,[3],14,"[""Yb"", ""Pr"", ""Tb"", ""Tm"", ""Er"", ""Ho"", ""Gd"", ""Dy"", ""Nd"", ""La"", ""Eu"", ""Sm"", ""Lu"", ""Ce""]","[{""A"": ""Yb"", ""qA"": 3, ""qB"": 3, ""qX"": -2, ""total"": 0}, {""A"": ""Pr"", ""qA"": 3, ""qB"": 3, ""qX"": -2, ""total"": 0}, {""A"": ""Tb"", ""qA"": 3, ""qB"": 3, ""qX"": -2, ""total"": 0}, {""A"": ""Tm"", ""qA"": 3, ""qB"": 3, ""qX"": -2, ""total"": 0}, {""A"": ""Er"", ""qA"": 3, ""qB"": 3, ""qX"": -2, ""total"": 0}, {""A"": ""Ho"", ""qA"": 3, ""qB"": 3, ""qX"": -2, ""total"": 0}, {""A"": ""Gd"", ""qA"": 3, ""qB"": 3, ""qX"": -2, ""total"": 0}, {""A"": ""Dy"", ""qA"": 3, ""qB"": 3, ""qX"": -2, ""total"": 0}, {""A"": ""Nd"", ""qA"": 3, ""qB"": 3, ""qX"": -2, ""total"": 0}, {""A"": ""La"", ""qA"": 3, ""qB"": 3, ""qX"": -2, ""total"": 0}, {""A"": ""Eu"", ""qA"": 3, ""qB"": 3, ""qX"": -2, ""total"": 0}, {""A"": ""Sm"", ""qA"": 3, ""qB"": 3, ""qX"": -2, ""total"": 0}, {""A"": ""Lu"", ""qA"": 3, ""qB"": 3, ""qX"": -2, ""total"": 0}, {""A"": ""Ce"", ""qA"": 3, ""qB"": 3, ""qX"": -2, ""total"": 0}]",True,11,"[""Yb"", ""Pr"", ""Tm"", ""Ho"", ""Gd"", ""Dy"", ""Nd"", ""La"", ""Eu"", ""Sm"", ""Ce""]","{""tolerance/mu"": 3}"
oxide,O,Ni,[3],14,"[""Yb"", ""Pr"", ""Tb"", ""Tm"", ""Er"", ""Ho"", ""Gd"", ""Dy"", ""Nd"", ""La"", ""Eu"", ""Sm"", ""Lu"", ""Ce""]","[{""A"": ""Yb"", ""qA"": 3, ""qB"": 3, ""qX"": -2, ""total"": 0}, {""A"": ""Pr"", ""qA"": 3, ""qB"": 3, ""qX"": -2, ""total"": 0}, {""A"": ""Tb"", ""qA"": 3, ""qB"": 3, ""qX"": -2, ""total"": 0}, {""A"": ""Tm"", ""qA"": 3, ""qB"": 3, ""qX"": -2, ""total"": 0}, {""A"": ""Er"", ""qA"": 3, ""qB"": 3, ""qX"": -2, ""total"": 0}, {""A"": ""Ho"", ""qA"": 3, ""qB"": 3, ""qX"": -2, ""total"": 0}, {""A"": ""Gd"", ""qA"": 3, ""qB"": 3, ""qX"": -2, ""total"": 0}, {""A"": ""Dy"", ""qA"": 3, ""qB"": 3, ""qX"": -2, ""total"": 0}, {""A"": ""Nd"", ""qA"": 3, ""qB"": 3, ""qX"": -2, ""total"": 0}, {""A"": ""La"", ""qA"": 3, ""qB"": 3, ""qX"": -2, ""total"": 0}, {""A"": ""Eu"", ""qA"": 3, ""qB"": 3, ""qX"": -2, ""total"": 0}, {""A"": ""Sm"", ""qA"": 3, ""qB"": 3, ""qX"": -2, ""total"": 0}, {""A"": ""Lu"", ""qA"": 3, ""qB"": 3, ""qX"": -2, ""total"": 0}, {""A"": ""Ce"", ""qA"": 3, ""qB"": 3, ""qX"": -2, ""total"": 0}]",True,12,"[""Yb"", ""Pr"", ""Tm"", ""Er"", ""Ho"", ""Gd"", ""Dy"", ""Nd"", ""La"", ""Eu"", ""Sm"", ""Ce""]","{""tolerance/mu"": 2}"
oxide,O,Cu,[2],0,[],[],False,0,[],{}
oxide,O,Zn,[2],0,[],[],False,0,[],{}
oxide,O,Sc,[3],14,"[""Yb"", ""Pr"", ""Tb"", ""Tm"", ""Er"", ""Ho"", ""Gd"", ""Dy"", ""Nd"", ""La"", ""Eu"", ""Sm"", ""Lu"", ""Ce""]","[{""A"": ""Yb"", ""qA"": 3, ""qB"": 3, ""qX"": -2, ""total"": 0}, {""A"": ""Pr"", ""qA"": 3, ""qB"": 3, ""qX"": -2, ""total"": 0}, {""A"": ""Tb"", ""qA"": 3, ""qB"": 3, ""qX"": -2, ""total"": 0}, {""A"": ""Tm"", ""qA"": 3, ""qB"": 3, ""qX"": -2, ""total"": 0}, {""A"": ""Er"", ""qA"": 3, ""qB"": 3, ""qX"": -2, ""total"": 0}, {""A"": ""Ho"", ""qA"": 3, ""qB"": 3, ""qX"": -2, ""total"": 0}, {""A"": ""Gd"", ""qA"": 3, ""qB"": 3, ""qX"": -2, ""total"": 0}, {""A"": ""Dy"", ""qA"": 3, ""qB"": 3, ""qX"": -2, ""total"": 0}, {""A"": ""Nd"", ""qA"": 3, ""qB"": 3, ""qX"": -2, ""total"": 0}, {""A"": ""La"", ""qA"": 3, ""qB"": 3, ""qX"": -2, ""total"": 0}, {""A"": ""Eu"", ""qA"": 3, ""qB"": 3, ""qX"": -2, ""total"": 0}, {""A"": ""Sm"", ""qA"": 3, ""qB"": 3, ""qX"": -2, ""total"": 0}, {""A"": ""Lu"", ""qA"": 3, ""qB"": 3, ""qX"": -2, ""total"": 0}, {""A"": ""Ce"", ""qA"": 3, ""qB"": 3, ""qX"": -2, ""total"": 0}]",True,4,"[""Nd"", ""La"", ""Eu"", ""Sm""]","{""tolerance/mu"": 10}"
oxide,O,Y,[3],14,"[""Yb"", ""Pr"", ""Tb"", ""Tm"", ""Er"", ""Ho"", ""Gd"", ""Dy"", ""Nd"", ""La"", ""Eu"", ""Sm"", ""Lu"", ""Ce""]","[{""A"": ""Yb"", ""qA"": 3, ""qB"": 3, ""qX"": -2, ""total"": 0}, {""A"": ""Pr"", ""qA"": 3, ""qB"": 3, ""qX"": -2, ""total"": 0}, {""A"": ""Tb"", ""qA"": 3, ""qB"": 3, ""qX"": -2, ""total"": 0}, {""A"": ""Tm"", ""qA"": 3, ""qB"": 3, ""qX"": -2, ""total"": 0}, {""A"": ""Er"", ""qA"": 3, ""qB"": 3, ""qX"": -2, ""total"": 0}, {""A"": ""Ho"", ""qA"": 3, ""qB"": 3, ""qX"": -2, ""total"": 0}, {""A"": ""Gd"", ""qA"": 3, ""qB"": 3, ""qX"": -2, ""total"": 0}, {""A"": ""Dy"", ""qA"": 3, ""qB"": 3, ""qX"": -2, ""total"": 0}, {""A"": ""Nd"", ""qA"": 3, ""qB"": 3, ""qX"": -2, ""total"": 0}, {""A"": ""La"", ""qA"": 3, ""qB"": 3, ""qX"": -2, ""total"": 0}, {""A"": ""Eu"", ""qA"": 3, ""qB"": 3, ""qX"": -2, ""total"": 0}, {""A"": ""Sm"", ""qA"": 3, ""qB"": 3, ""qX"": -2, ""total"": 0}, {""A"": ""Lu"", ""qA"": 3, ""qB"": 3, ""qX"": -2, ""total"": 0}, {""A"": ""Ce"", ""qA"": 3, ""qB"": 3, ""qX"": -2, ""total"": 0}]",True,0,[],"{""tolerance/mu"": 14}"
oxide,O,Al,[3],14,"[""Yb"", ""Pr"", ""Tb"", ""Tm"", ""Er"", ""Ho"", ""Gd"", ""Dy"", ""Nd"", ""La"", ""Eu"", ""Sm"", ""Lu"", ""Ce""]","[{""A"": ""Yb"", ""qA"": 3, ""qB"": 3, ""qX"": -2, ""total"": 0}, {""A"": ""Pr"", ""qA"": 3, ""qB"": 3, ""qX"": -2, ""total"": 0}, {""A"": ""Tb"", ""qA"": 3, ""qB"": 3, ""qX"": -2, ""total"": 0}, {""A"": ""Tm"", ""qA"": 3, ""qB"": 3, ""qX"": -2, ""total"": 0}, {""A"": ""Er"", ""qA"": 3, ""qB"": 3, ""qX"": -2, ""total"": 0}, {""A"": ""Ho"", ""qA"": 3, ""qB"": 3, ""qX"": -2, ""total"": 0}, {""A"": ""Gd"", ""qA"": 3, ""qB"": 3, ""qX"": -2, ""total"": 0}, {""A"": ""Dy"", ""qA"": 3, ""qB"": 3, ""qX"": -2, ""total"": 0}, {""A"": ""Nd"", ""qA"": 3, ""qB"": 3, ""qX"": -2, ""total"": 0}, {""A"": ""La"", ""qA"": 3, ""qB"": 3, ""qX"": -2, ""total"": 0}, {""A"": ""Eu"", ""qA"": 3, ""qB"": 3, ""qX"": -2, ""total"": 0}, {""A"": ""Sm"", ""qA"": 3, ""qB"": 3, ""qX"": -2, ""total"": 0}, {""A"": ""Lu"", ""qA"": 3, ""qB"": 3, ""qX"": -2, ""total"": 0}, {""A"": ""Ce"", ""qA"": 3, ""qB"": 3, ""qX"": -2, ""total"": 0}]",True,14,"[""Yb"", ""Pr"", ""Tb"", ""Tm"", ""Er"", ""Ho"", ""Gd"", ""Dy"", ""Nd"", ""La"", ""Eu"", ""Sm"", ""Lu"", ""Ce""]",{}
oxide,O,Ga,[3],14,"[""Yb"", ""Pr"", ""Tb"", ""Tm"", ""Er"", ""Ho"", ""Gd"", ""Dy"", ""Nd"", ""La"", ""Eu"", ""Sm"", ""Lu"", ""Ce""]","[{""A"": ""Yb"", ""qA"": 3, ""qB"": 3, ""qX"": -2, ""total"": 0}, {""A"": ""Pr"", ""qA"": 3, ""qB"": 3, ""qX"": -2, ""total"": 0}, {""A"": ""Tb"", ""qA"": 3, ""qB"": 3, ""qX"": -2, ""total"": 0}, {""A"": ""Tm"", ""qA"": 3, ""qB"": 3, ""qX"": -2, ""total"": 0}, {""A"": ""Er"", ""qA"": 3, ""qB"": 3, ""qX"": -2, ""total"": 0}, {""A"": ""Ho"", ""qA"": 3, ""qB"": 3, ""qX"": -2, ""total"": 0}, {""A"": ""Gd"", ""qA"": 3, ""qB"": 3, ""qX"": -2, ""total"": 0}, {""A"": ""Dy"", ""qA"": 3, ""qB"": 3, ""qX"": -2, ""total"": 0}, {""A"": ""Nd"", ""qA"": 3, ""qB"": 3, ""qX"": -2, ""total"": 0}, {""A"": ""La"", ""qA"": 3, ""qB"": 3, ""qX"": -2, ""total"": 0}, {""A"": ""Eu"", ""qA"": 3, ""qB"": 3, ""qX"": -2, ""total"": 0}, {""A"": ""Sm"", ""qA"": 3, ""qB"": 3, ""qX"": -2, ""total"": 0}, {""A"": ""Lu"", ""qA"": 3, ""qB"": 3, ""qX"": -2, ""total"": 0}, {""A"": ""Ce"", ""qA"": 3, ""qB"": 3, ""qX"": -2, ""total"": 0}]",True,12,"[""Yb"", ""Pr"", ""Tm"", ""Er"", ""Ho"", ""Gd"", ""Dy"", ""Nd"", ""La"", ""Eu"", ""Sm"", ""Ce""]","{""tolerance/mu"": 2}"
oxide,O,In,[3],14,"[""Yb"", ""Pr"", ""Tb"", ""Tm"", ""Er"", ""Ho"", ""Gd"", ""Dy"", ""Nd"", ""La"", ""Eu"", ""Sm"", ""Lu"", ""Ce""]","[{""A"": ""Yb"", ""qA"": 3, ""qB"": 3, ""qX"": -2, ""total"": 0}, {""A"": ""Pr"", ""qA"": 3, ""qB"": 3, ""qX"": -2, ""total"": 0}, {""A"": ""Tb"", ""qA"": 3, ""qB"": 3, ""qX"": -2, ""total"": 0}, {""A"": ""Tm"", ""qA"": 3, ""qB"": 3, ""qX"": -2, ""total"": 0}, {""A"": ""Er"", ""qA"": 3, ""qB"": 3, ""qX"": -2, ""total"": 0}, {""A"": ""Ho"", ""qA"": 3, ""qB"": 3, ""qX"": -2, ""total"": 0}, {""A"": ""Gd"", ""qA"": 3, ""qB"": 3, ""qX"": -2, ""total"": 0}, {""A"": ""Dy"", ""qA"": 3, ""qB"": 3, ""qX"": -2, ""total"": 0}, {""A"": ""Nd"", ""qA"": 3, ""qB"": 3, ""qX"": -2, ""total"": 0}, {""A"": ""La"", ""qA"": 3, ""qB"": 3, ""qX"": -2, ""total"": 0}, {""A"": ""Eu"", ""qA"": 3, ""qB"": 3, ""qX"": -2, ""total"": 0}, {""A"": ""Sm"", ""qA"": 3, ""qB"": 3, ""qX"": -2, ""total"": 0}, {""A"": ""Lu"", ""qA"": 3, ""qB"": 3, ""qX"": -2, ""total"": 0}, {""A"": ""Ce"", ""qA"": 3, ""qB"": 3, ""qX"": -2, ""total"": 0}]",True,1,"[""Nd""]","{""tolerance/mu"": 13}"
oxide,O,Ge,[4],3,"[""Ba"", ""Sr"", ""Ca""]","[{""A"": ""Ba"", ""qA"": 2, ""qB"": 4, ""qX"": -2, ""total"": 0}, {""A"": ""Sr"", ""qA"": 2, ""qB"": 4, ""qX"": -2, ""total"": 0}, {""A"": ""Ca"", ""qA"": 2, ""qB"": 4, ""qX"": -2, ""total"": 0}]",True,3,"[""Ba"", ""Sr"", ""Ca""]",{}
oxide,O,Sn,[4],3,"[""Ba"", ""Sr"", ""Ca""]","[{""A"": ""Ba"", ""qA"": 2, ""qB"": 4, ""qX"": -2, ""total"": 0}, {""A"": ""Sr"", ""qA"": 2, ""qB"": 4, ""qX"": -2, ""total"": 0}, {""A"": ""Ca"", ""qA"": 2, ""qB"": 4, ""qX"": -2, ""total"": 0}]",True,3,"[""Ba"", ""Sr"", ""Ca""]",{}
oxide,O,Pb,[4],3,"[""Ba"", ""Sr"", ""Ca""]","[{""A"": ""Ba"", ""qA"": 2, ""qB"": 4, ""qX"": -2, ""total"": 0}, {""A"": ""Sr"", ""qA"": 2, ""qB"": 4, ""qX"": -2, ""total"": 0}, {""A"": ""Ca"", ""qA"": 2, ""qB"": 4, ""qX"": -2, ""total"": 0}]",True,1,"[""Ba""]","{""tolerance/mu"": 2}"
oxide,O,W,[6],0,[],[],False,0,[],{}
oxide,O,Mo,[6],0,[],[],False,0,[],{}
nitride,N,W,[6],14,"[""Yb"", ""Pr"", ""Tb"", ""Tm"", ""Er"", ""Ho"", ""Gd"", ""Dy"", ""Nd"", ""La"", ""Eu"", ""Sm"", ""Lu"", ""Ce""]","[{""A"": ""Yb"", ""qA"": 3, ""qB"": 6, ""qX"": -3, ""total"": 0}, {""A"": ""Pr"", ""qA"": 3, ""qB"": 6, ""qX"": -3, ""total"": 0}, {""A"": ""Tb"", ""qA"": 3, ""qB"": 6, ""qX"": -3, ""total"": 0}, {""A"": ""Tm"", ""qA"": 3, ""qB"": 6, ""qX"": -3, ""total"": 0}, {""A"": ""Er"", ""qA"": 3, ""qB"": 6, ""qX"": -3, ""total"": 0}, {""A"": ""Ho"", ""qA"": 3, ""qB"": 6, ""qX"": -3, ""total"": 0}, {""A"": ""Gd"", ""qA"": 3, ""qB"": 6, ""qX"": -3, ""total"": 0}, {""A"": ""Dy"", ""qA"": 3, ""qB"": 6, ""qX"": -3, ""total"": 0}, {""A"": ""Nd"", ""qA"": 3, ""qB"": 6, ""qX"": -3, ""total"": 0}, {""A"": ""La"", ""qA"": 3, ""qB"": 6, ""qX"": -3, ""total"": 0}, {""A"": ""Eu"", ""qA"": 3, ""qB"": 6, ""qX"": -3, ""total"": 0}, {""A"": ""Sm"", ""qA"": 3, ""qB"": 6, ""qX"": -3, ""total"": 0}, {""A"": ""Lu"", ""qA"": 3, ""qB"": 6, ""qX"": -3, ""total"": 0}, {""A"": ""Ce"", ""qA"": 3, ""qB"": 6, ""qX"": -3, ""total"": 0}]",True,0,[],"{""tolerance/mu"": 14}"
nitride,N,Mo,[6],14,"[""Yb"", ""Pr"", ""Tb"", ""Tm"", ""Er"", ""Ho"", ""Gd"", ""Dy"", ""Nd"", ""La"", ""Eu"", ""Sm"", ""Lu"", ""Ce""]","[{""A"": ""Yb"", ""qA"": 3, ""qB"": 6, ""qX"": -3, ""total"": 0}, {""A"": ""Pr"", ""qA"": 3, ""qB"": 6, ""qX"": -3, ""total"": 0}, {""A"": ""Tb"", ""qA"": 3, ""qB"": 6, ""qX"": -3, ""total"": 0}, {""A"": ""Tm"", ""qA"": 3, ""qB"": 6, ""qX"": -3, ""total"": 0}, {""A"": ""Er"", ""qA"": 3, ""qB"": 6, ""qX"": -3, ""total"": 0}, {""A"": ""Ho"", ""qA"": 3, ""qB"": 6, ""qX"": -3, ""total"": 0}, {""A"": ""Gd"", ""qA"": 3, ""qB"": 6, ""qX"": -3, ""total"": 0}, {""A"": ""Dy"", ""qA"": 3, ""qB"": 6, ""qX"": -3, ""total"": 0}, {""A"": ""Nd"", ""qA"": 3, ""qB"": 6, ""qX"": -3, ""total"": 0}, {""A"": ""La"", ""qA"": 3, ""qB"": 6, ""qX"": -3, ""total"": 0}, {""A"": ""Eu"", ""qA"": 3, ""qB"": 6, ""qX"": -3, ""total"": 0}, {""A"": ""Sm"", ""qA"": 3, ""qB"": 6, ""qX"": -3, ""total"": 0}, {""A"": ""Lu"", ""qA"": 3, ""qB"": 6, ""qX"": -3, ""total"": 0}, {""A"": ""Ce"", ""qA"": 3, ""qB"": 6, ""qX"": -3, ""total"": 0}]",True,0,[],"{""tolerance/mu"": 14}"
nitride,N,Ta,[5],0,[],[],False,0,[],{}
nitride,N,Nb,[5],0,[],[],False,0,[],{}
nitride,N,Ti,[4],0,[],[],False,0,[],{}
nitride,N,Zr,[4],0,[],[],False,0,[],{}
nitride,N,Hf,[4],0,[],[],False,0,[],{}
nitride,N,Cr,[3],0,[],[],False,0,[],{}
nitride,N,Mn,[3],0,[],[],False,0,[],{}
nitride,N,Fe,[3],0,[],[],False,0,[],{}
nitride,N,Co,[3],0,[],[],False,0,[],{}
nitride,N,Ni,[3],0,[],[],False,0,[],{}
