material_id,composition_group,latent_arm,geometry_mode,family,source_A,source_B,source_X,source_charge_neutral,source_deterministically_exportable,no_reference_coordinates_or_species_supplied,input_tensor_is_global,input_coordinates_sha256,input_center_sha256,latent_l2_norm,all_unmasked_heads_finite,zero_adapter_raw_heads_exact,zero_metrics_match_previous_audit,unmasked_nll_nats_per_site,unmasked_top1_accuracy,unmasked_exact_composition,unmasked_predicted_reduced_formula,unmasked_true_A_probability,unmasked_true_B_probability,unmasked_true_AB_probability_product,masked_ab_nll_nats_per_site,masked_ab_top1_accuracy,masked_true_A_probability,masked_true_B_probability,masked_true_AB_probability_product,raw_source_A_top1,raw_source_B_top1,raw_source_AB_top1,raw_predicted_roles_json,structure_matcher_status,structure_matcher_scale_false,structure_matcher_scale_true,lattice_length_mae_angstrom,lattice_angle_mae_degrees,relative_volume_error,same_slot_periodic_rms_angstrom,species_matched_periodic_rms_angstrom,minimum_periodic_distance_angstrom,legal_cell,zero_to_mode_unmasked_probability_tv,zero_to_mode_masked_ab_probability_tv,zero_to_mode_species_logits_max_abs,zero_to_mode_coordinate_head_max_abs,zero_to_mode_output_pairwise_mean_abs,lattice_head_zero_to_mode_max_abs
cmr_11dacddcba738021fcb7a8ad9b578f91,Cr:1|Cs:1|N:3,joint,zero,nitride,Cs,Cr,N,False,False,True,True,2dfba633817046c7f559ed4b93076048435f7e1a90f14eb8035c04b9ebae2537,15ec7bf0b50732b49f8228e07d24365338f9e3ab994b00af08e5a3bffe55fd8b,0.9399900436401367,True,True,True,24.929773330688477,0.20000000298023224,False,TiZnBNO,1.407773864528462e-39,9.409519407199696e-06,1.324647549922908e-44,34.146209716796875,0.0,1.2954379195295162e-25,1.69263657880947e-05,2.1927056081724978e-30,False,False,False,"{""A"": ""B"", ""B"": ""Ti"", ""X"": [""N"", ""Zn"", ""O""]}",composition_incompatible,False,False,0.15895426273345947,0.07001101970672607,0.12060476507844546,2.198146250574895,,1.0212769068285088,True,0.0,0.0,0.0,0.0,0.0,0.0
cmr_11dacddcba738021fcb7a8ad9b578f91,Cr:1|Cs:1|N:3,joint,template,nitride,Cs,Cr,N,False,False,True,True,2b92f48bde0008fe445fd81bc63a032b6121116e2080810acaf3ae6bd7315459,c4be0f035fc77ce3b797c6acf4ead43bec2d631e9e4eae87a5a18397bfe5e312,0.9399900436401367,True,,,0.0060989768244326115,1.0,True,CsCrN3,0.9945764541625977,0.975352942943573,0.9700630715498733,0.015074350871145725,1.0,0.9948205947875977,0.975352942943573,0.9703011948269591,True,True,True,"{""A"": ""Cs"", ""B"": ""Cr"", ""X"": [""N"", ""N"", ""N""]}",matched,True,True,0.15895426273345947,0.07001101970672607,0.12060476507844546,0.4613530079482547,0.4613530079482547,1.6728044179854689,True,0.8521710634231567,0.9998934268951416,472.3978576660156,1.0081737041473389,0.19966773688793182,0.0
cmr_11dacddcba738021fcb7a8ad9b578f91,Cr:1|Cs:1|N:3,fixed_real,zero,nitride,Cs,Cr,N,False,False,True,True,2dfba633817046c7f559ed4b93076048435f7e1a90f14eb8035c04b9ebae2537,15ec7bf0b50732b49f8228e07d24365338f9e3ab994b00af08e5a3bffe55fd8b,0.9399900436401367,True,True,True,24.929773330688477,0.20000000298023224,False,TiZnBNO,1.407773864528462e-39,9.409519407199696e-06,1.324647549922908e-44,34.146209716796875,0.0,1.2954379195295162e-25,1.69263657880947e-05,2.1927056081724978e-30,False,False,False,"{""A"": ""B"", ""B"": ""Ti"", ""X"": [""N"", ""Zn"", ""O""]}",composition_incompatible,False,False,0.15895426273345947,0.07001101970672607,0.12060476507844546,2.198146250574895,,1.0212769068285088,True,0.0,0.0,0.0,0.0,0.0,0.0
cmr_11dacddcba738021fcb7a8ad9b578f91,Cr:1|Cs:1|N:3,fixed_real,template,nitride,Cs,Cr,N,False,False,True,True,2b92f48bde0008fe445fd81bc63a032b6121116e2080810acaf3ae6bd7315459,c4be0f035fc77ce3b797c6acf4ead43bec2d631e9e4eae87a5a18397bfe5e312,0.9399900436401367,True,,,0.0060989768244326115,1.0,True,CsCrN3,0.9945764541625977,0.975352942943573,0.9700630715498733,0.015074350871145725,1.0,0.9948205947875977,0.975352942943573,0.9703011948269591,True,True,True,"{""A"": ""Cs"", ""B"": ""Cr"", ""X"": [""N"", ""N"", ""N""]}",matched,True,True,0.15895426273345947,0.07001101970672607,0.12060476507844546,0.4613530079482547,0.4613530079482547,1.6728044179854689,True,0.8521710634231567,0.9998934268951416,472.3978576660156,1.0081737041473389,0.19966773688793182,0.0
cmr_11dacddcba738021fcb7a8ad9b578f91,Cr:1|Cs:1|N:3,property,zero,nitride,Cs,Cr,N,False,False,True,True,2dfba633817046c7f559ed4b93076048435f7e1a90f14eb8035c04b9ebae2537,15ec7bf0b50732b49f8228e07d24365338f9e3ab994b00af08e5a3bffe55fd8b,0.9999999403953552,True,True,True,89.20732116699219,0.0,False,BeSiBO2,1.3588549579275783e-19,5.1048328231217965e-08,6.93672739109049e-27,6.305347442626953,0.5,0.5422278046607971,6.152661626401823e-06,3.33614420650459e-06,False,False,False,"{""A"": ""Si"", ""B"": ""B"", ""X"": [""O"", ""O"", ""Be""]}",composition_incompatible,False,False,0.039279162883758545,0.006371140480041504,0.028954654222154024,2.1798522052053197,,0.507692477992894,True,0.0,0.0,0.0,0.0,0.0,0.0
cmr_11dacddcba738021fcb7a8ad9b578f91,Cr:1|Cs:1|N:3,property,template,nitride,Cs,Cr,N,False,False,True,True,2b92f48bde0008fe445fd81bc63a032b6121116e2080810acaf3ae6bd7315459,c4be0f035fc77ce3b797c6acf4ead43bec2d631e9e4eae87a5a18397bfe5e312,0.9999999403953552,True,,,1.7546907663345337,0.800000011920929,False,CsRuN3,0.05270063132047653,0.005809728056192398,0.00030617633636162433,2.7307393550872803,0.5,0.24948137998580933,0.01702439971268177,0.004247270733749864,True,False,False,"{""A"": ""Cs"", ""B"": ""Ru"", ""X"": [""N"", ""N"", ""N""]}",composition_incompatible,False,False,0.039279162883758545,0.006371140480041504,0.028954654222154024,0.7770710152583729,,1.2549651103340302,True,0.8211158514022827,0.793756365776062,1339.240478515625,1.6201337575912476,0.996509850025177,0.0
cmr_1ec1f206bf87de79380756d894cc7bc2,K:1|O:3|W:1,joint,zero,oxide,K,W,O,False,False,True,True,2dfba633817046c7f559ed4b93076048435f7e1a90f14eb8035c04b9ebae2537,15ec7bf0b50732b49f8228e07d24365338f9e3ab994b00af08e5a3bffe55fd8b,0.9527485370635986,True,True,True,52.66722869873047,0.4000000059604645,False,YV2O2,8.335837670539785e-29,7.977311897708319e-41,6.649757702656222e-69,63.60573196411133,0.0,7.09422757033505e-16,7.977311897708319e-41,5.659286600188417e-56,False,False,False,"{""A"": ""V"", ""B"": ""V"", ""X"": [""O"", ""O"", ""Y""]}",composition_incompatible,False,False,0.0008141994476318359,0.009219646453857422,0.0006062754973504757,2.284618767327404,,0.2448272422781056,True,0.0,0.0,0.0,0.0,0.0,0.0
cmr_1ec1f206bf87de79380756d894cc7bc2,K:1|O:3|W:1,joint,template,oxide,K,W,O,False,False,True,True,2b92f48bde0008fe445fd81bc63a032b6121116e2080810acaf3ae6bd7315459,c4be0f035fc77ce3b797c6acf4ead43bec2d631e9e4eae87a5a18397bfe5e312,0.9527485370635986,True,,,0.03169046342372894,1.0,True,KWO3,0.9852039813995361,0.8671820163726807,0.8543511751284427,0.07484717667102814,1.0,0.9852228164672852,0.8738846182823181,0.8609710648915438,True,True,True,"{""A"": ""K"", ""B"": ""W"", ""X"": [""O"", ""O"", ""O""]}",matched,True,True,0.0008141994476318359,0.009219646453857422,0.0006062754973504757,0.22517941946852496,0.22517941946852496,1.7085556593494775,True,0.610012412071228,0.999748945236206,334.0766296386719,1.555821180343628,0.47930049896240234,0.0
cmr_1ec1f206bf87de79380756d894cc7bc2,K:1|O:3|W:1,fixed_real,zero,oxide,K,W,O,False,False,True,True,2dfba633817046c7f559ed4b93076048435f7e1a90f14eb8035c04b9ebae2537,15ec7bf0b50732b49f8228e07d24365338f9e3ab994b00af08e5a3bffe55fd8b,0.9399900436401367,True,True,True,28.415674209594727,0.20000000298023224,False,TiZnBNO,2.8553592382462447e-31,6.074060469512436e-23,1.7343624675288656e-53,44.37309265136719,0.0,2.627510264453253e-17,1.0926355888212639e-22,2.870911224934795e-39,False,False,False,"{""A"": ""B"", ""B"": ""Ti"", ""X"": [""N"", ""Zn"", ""O""]}",composition_incompatible,False,False,0.2392330765724182,0.07001101970672607,0.18894239861500123,2.1638642443525775,,1.0212769068285088,True,0.0,0.0,0.0,0.0,0.0,0.0
cmr_1ec1f206bf87de79380756d894cc7bc2,K:1|O:3|W:1,fixed_real,template,oxide,K,W,O,False,False,True,True,2b92f48bde0008fe445fd81bc63a032b6121116e2080810acaf3ae6bd7315459,c4be0f035fc77ce3b797c6acf4ead43bec2d631e9e4eae87a5a18397bfe5e312,0.9399900436401367,True,,,18.829565048217773,0.0,False,CsCrN3,1.1363997145963367e-05,1.9967283725849125e-21,2.2690815527319024e-26,29.52379608154297,0.0,1.1366782928234898e-05,1.9967283725849125e-21,2.2696377977820433e-26,False,False,False,"{""A"": ""Cs"", ""B"": ""Cr"", ""X"": [""N"", ""N"", ""N""]}",composition_incompatible,False,False,0.2392330765724182,0.07001101970672607,0.18894239861500123,0.39574742667803475,,1.6728044179854689,True,0.8521710634231567,0.9998934268951416,472.3978576660156,1.0081737041473389,0.19966773688793182,0.0
cmr_1ec1f206bf87de79380756d894cc7bc2,K:1|O:3|W:1,property,zero,oxide,K,W,O,False,False,True,True,2dfba633817046c7f559ed4b93076048435f7e1a90f14eb8035c04b9ebae2537,15ec7bf0b50732b49f8228e07d24365338f9e3ab994b00af08e5a3bffe55fd8b,1.0,True,True,True,115.18843841552734,0.20000000298023224,False,Ti2AsNO,1.8588479612490863e-30,2.308317625931977e-08,4.2908115128789867e-38,11.433184623718262,0.0,3.108883817048991e-08,0.003772745607420802,1.1729027764753196e-10,False,False,False,"{""A"": ""Ti"", ""B"": ""As"", ""X"": [""N"", ""O"", ""Ti""]}",composition_incompatible,False,False,0.027523040771484375,0.006487369537353516,0.020356691130316035,1.9477046313903559,,0.7263635548372603,True,0.0,0.0,0.0,0.0,0.0,0.0
cmr_1ec1f206bf87de79380756d894cc7bc2,K:1|O:3|W:1,property,template,oxide,K,W,O,False,False,True,True,2b92f48bde0008fe445fd81bc63a032b6121116e2080810acaf3ae6bd7315459,c4be0f035fc77ce3b797c6acf4ead43bec2d631e9e4eae87a5a18397bfe5e312,1.0,True,,,0.7204211950302124,0.800000011920929,False,BaWO3,0.08016198128461838,0.3473304808139801,0.027842699502587775,1.785132884979248,0.5,0.08086677640676498,0.3480832278728485,0.028148368559338666,False,True,False,"{""A"": ""Ba"", ""B"": ""W"", ""X"": [""O"", ""O"", ""O""]}",composition_incompatible,False,False,0.027523040771484375,0.006487369537353516,0.020356691130316035,0.6549676081731118,,1.778427467763891,True,0.8008345365524292,0.983953058719635,662.4636840820312,1.9427080154418945,1.237778902053833,0.0
cmr_20c9853b450e146b0e608362fc2f56d9,Ba:1|O:3|Ta:1,joint,zero,oxide,Ba,Ta,O,False,False,True,True,2dfba633817046c7f559ed4b93076048435f7e1a90f14eb8035c04b9ebae2537,15ec7bf0b50732b49f8228e07d24365338f9e3ab994b00af08e5a3bffe55fd8b,0.9472748637199402,True,True,True,17.007719039916992,0.6000000238418579,False,TiVO3,8.783301012120684e-21,1.5156478340284654e-17,1.3312391154640743e-37,19.364049911499023,0.5,1.0,1.5156536242927533e-17,1.5156536242927533e-17,False,False,False,"{""A"": ""Ti"", ""B"": ""V"", ""X"": [""O"", ""O"", ""O""]}",composition_incompatible,False,False,0.12182146310806274,0.0066214799880981445,0.08512952376695368,1.8351112511399554,,0.4843908410999101,True,0.0,0.0,0.0,0.0,0.0,0.0
cmr_20c9853b450e146b0e608362fc2f56d9,Ba:1|O:3|Ta:1,joint,template,oxide,Ba,Ta,O,False,False,True,True,2b92f48bde0008fe445fd81bc63a032b6121116e2080810acaf3ae6bd7315459,c4be0f035fc77ce3b797c6acf4ead43bec2d631e9e4eae87a5a18397bfe5e312,0.9472748637199402,True,,,0.8329623937606812,0.800000011920929,False,NaTaO3,0.01636826992034912,0.951684296131134,0.015577425438031867,2.080960512161255,0.5,0.016368301585316658,0.9516931772232056,0.015577600941477643,False,True,False,"{""A"": ""Na"", ""B"": ""Ta"", ""X"": [""O"", ""O"", ""O""]}",composition_incompatible,False,False,0.12182146310806274,0.0066214799880981445,0.08512952376695368,0.4823359800003707,,1.1929312977087059,True,0.4247780740261078,0.9917837381362915,312.12225341796875,1.2154574394226074,0.2825371026992798,0.0
cmr_20c9853b450e146b0e608362fc2f56d9,Ba:1|O:3|Ta:1,fixed_real,zero,oxide,Ba,Ta,O,False,False,True,True,2dfba633817046c7f559ed4b93076048435f7e1a90f14eb8035c04b9ebae2537,15ec7bf0b50732b49f8228e07d24365338f9e3ab994b00af08e5a3bffe55fd8b,0.9399900436401367,True,True,True,25.757837295532227,0.20000000298023224,False,TiZnBNO,4.550067271513176e-27,2.2518952142538735e-21,1.0246274713253702e-47,37.72849655151367,0.0,4.1869779128164697e-13,4.050833918333238e-21,1.6960752144549064e-33,False,False,False,"{""A"": ""B"", ""B"": ""Ti"", ""X"": [""N"", ""Zn"", ""O""]}",composition_incompatible,False,False,0.09889543056488037,0.07001101970672607,0.07286650611095007,2.23925553349552,,1.0212769068285088,True,0.0,0.0,0.0,0.0,0.0,0.0
cmr_20c9853b450e146b0e608362fc2f56d9,Ba:1|O:3|Ta:1,fixed_real,template,oxide,Ba,Ta,O,False,False,True,True,2b92f48bde0008fe445fd81bc63a032b6121116e2080810acaf3ae6bd7315459,c4be0f035fc77ce3b797c6acf4ead43bec2d631e9e4eae87a5a18397bfe5e312,0.9399900436401367,True,,,19.011362075805664,0.0,False,CsCrN3,1.564865424741324e-11,5.842613041593878e-16,9.142903138933003e-27,29.978286743164062,0.0,1.565247410850734e-11,5.842613041593878e-16,9.14513493595755e-27,False,False,False,"{""A"": ""Cs"", ""B"": ""Cr"", ""X"": [""N"", ""N"", ""N""]}",composition_incompatible,False,False,0.09889543056488037,0.07001101970672607,0.07286650611095007,0.4098166482169589,,1.6728044179854689,True,0.8521710634231567,0.9998934268951416,472.3978576660156,1.0081737041473389,0.19966773688793182,0.0
cmr_20c9853b450e146b0e608362fc2f56d9,Ba:1|O:3|Ta:1,property,zero,oxide,Ba,Ta,O,False,False,True,True,2dfba633817046c7f559ed4b93076048435f7e1a90f14eb8035c04b9ebae2537,15ec7bf0b50732b49f8228e07d24365338f9e3ab994b00af08e5a3bffe55fd8b,0.9999999403953552,True,True,True,282.37054443359375,0.0,False,MgAlSiAsN,8.518750459595532e-29,9.010670847837835e-16,7.675965642628262e-44,21.25776481628418,0.0,1.0202176525808682e-07,3.365481938272241e-12,3.433524082867416e-19,False,False,False,"{""A"": ""As"", ""B"": ""Si"", ""X"": [""N"", ""Al"", ""Mg""]}",composition_incompatible,False,False,0.10542809963226318,0.005714893341064453,0.07396665603937755,2.001334788126896,,0.31717385766260375,True,0.0,0.0,0.0,0.0,0.0,0.0
cmr_20c9853b450e146b0e608362fc2f56d9,Ba:1|O:3|Ta:1,property,template,oxide,Ba,Ta,O,False,False,True,True,2b92f48bde0008fe445fd81bc63a032b6121116e2080810acaf3ae6bd7315459,c4be0f035fc77ce3b797c6acf4ead43bec2d631e9e4eae87a5a18397bfe5e312,0.9999999403953552,True,,,0.9200387001037598,0.800000011920929,False,BaWO3,0.2574944794178009,0.09105042368173599,0.02344498144669882,1.7738460302352905,0.5,0.2718719244003296,0.10589917004108429,0.028791011151467316,True,False,False,"{""A"": ""Ba"", ""B"": ""W"", ""X"": [""O"", ""O"", ""O""]}",composition_incompatible,False,False,0.10542809963226318,0.005714893341064453,0.07396665603937755,0.7844584329958879,,1.3822855927059499,True,0.9185718297958374,0.9470545053482056,2166.914306640625,2.2858166694641113,1.0430190563201904,0.0
cmr_46250f00f7e8fa01346da84ec7156cba,O:3|Sr:1|Zn:1,joint,zero,oxide,Sr,Zn,O,False,False,True,True,2dfba633817046c7f559ed4b93076048435f7e1a90f14eb8035c04b9ebae2537,15ec7bf0b50732b49f8228e07d24365338f9e3ab994b00af08e5a3bffe55fd8b,0.9429646134376526,True,True,True,22.198196411132812,0.6000000238418579,False,TiBO3,1.240030178439539e-26,1.7345221148509937e-22,2.1508597675860042e-48,28.047283172607422,0.0,2.53548093978595e-12,1.7154538152399507e-13,4.349500451623984e-25,False,False,False,"{""A"": ""Ti"", ""B"": ""B"", ""X"": [""O"", ""O"", ""O""]}",composition_incompatible,False,False,0.1643940806388855,0.0039893388748168945,0.13043619450294763,2.137415745353136,,0.7166326224431411,True,0.0,0.0,0.0,0.0,0.0,0.0
cmr_46250f00f7e8fa01346da84ec7156cba,O:3|Sr:1|Zn:1,joint,template,oxide,Sr,Zn,O,False,False,True,True,2b92f48bde0008fe445fd81bc63a032b6121116e2080810acaf3ae6bd7315459,c4be0f035fc77ce3b797c6acf4ead43bec2d631e9e4eae87a5a18397bfe5e312,0.9429646134376526,True,,,0.0007021174533292651,1.0,True,SrZnO3,0.9985198378562927,0.9979982972145081,0.9965210979154868,0.001528166700154543,1.0,0.99852055311203,0.9984254837036133,0.9969483662288781,True,True,True,"{""A"": ""Sr"", ""B"": ""Zn"", ""X"": [""O"", ""O"", ""O""]}",matched,True,True,0.1643940806388855,0.0039893388748168945,0.13043619450294763,0.20649014247267566,0.20649014247267566,1.7287956858395257,True,0.5795421004295349,0.9993256330490112,135.59498596191406,1.6518607139587402,0.38597115874290466,0.0
cmr_46250f00f7e8fa01346da84ec7156cba,O:3|Sr:1|Zn:1,fixed_real,zero,oxide,Sr,Zn,O,False,False,True,True,2dfba633817046c7f559ed4b93076048435f7e1a90f14eb8035c04b9ebae2537,15ec7bf0b50732b49f8228e07d24365338f9e3ab994b00af08e5a3bffe55fd8b,0.9399900436401367,True,True,True,25.75567626953125,0.20000000298023224,False,TiZnBNO,1.3763388067353883e-16,7.525420206669043e-32,1.035752786742925e-47,37.72309494018555,0.0,0.012665094807744026,1.3537142231852017e-31,1.7144918979232136e-33,False,False,False,"{""A"": ""B"", ""B"": ""Ti"", ""X"": [""N"", ""Zn"", ""O""]}",composition_incompatible,False,False,0.32676786184310913,0.07001101970672607,0.2699402910857609,2.1150973654713026,,1.0212769068285088,True,0.0,0.0,0.0,0.0,0.0,0.0
cmr_46250f00f7e8fa01346da84ec7156cba,O:3|Sr:1|Zn:1,fixed_real,template,oxide,Sr,Zn,O,False,False,True,True,2b92f48bde0008fe445fd81bc63a032b6121116e2080810acaf3ae6bd7315459,c4be0f035fc77ce3b797c6acf4ead43bec2d631e9e4eae87a5a18397bfe5e312,0.9399900436401367,True,,,26.18099594116211,0.0,False,CsCrN3,9.481807561328992e-10,2.603344563563073e-33,2.468441216753707e-42,47.90237045288086,0.0,9.48412348655836e-10,2.603344563563073e-33,2.4690441318892564e-42,False,False,False,"{""A"": ""Cs"", ""B"": ""Cr"", ""X"": [""N"", ""N"", ""N""]}",composition_incompatible,False,False,0.32676786184310913,0.07001101970672607,0.2699402910857609,0.38698613671925036,,1.6728044179854689,True,0.8521710634231567,0.9998934268951416,472.3978576660156,1.0081737041473389,0.19966773688793182,0.0
cmr_46250f00f7e8fa01346da84ec7156cba,O:3|Sr:1|Zn:1,property,zero,oxide,Sr,Zn,O,False,False,True,True,2dfba633817046c7f559ed4b93076048435f7e1a90f14eb8035c04b9ebae2537,15ec7bf0b50732b49f8228e07d24365338f9e3ab994b00af08e5a3bffe55fd8b,0.9999999403953552,True,True,True,524.916748046875,0.20000000298023224,False,AlAs2NO,0.0,6.844987404728424e-35,0.0,63.27660369873047,0.0,3.643129549395181e-22,3.0003072150435844e-34,1.0930507872388844e-55,False,False,False,"{""A"": ""As"", ""B"": ""As"", ""X"": [""N"", ""O"", ""Al""]}",composition_incompatible,False,False,0.16455084085464478,0.006040334701538086,0.13056568603386176,1.8568305161456793,,0.6370015929628258,True,0.0,0.0,0.0,0.0,0.0,0.0
cmr_46250f00f7e8fa01346da84ec7156cba,O:3|Sr:1|Zn:1,property,template,oxide,Sr,Zn,O,False,False,True,True,2b92f48bde0008fe445fd81bc63a032b6121116e2080810acaf3ae6bd7315459,c4be0f035fc77ce3b797c6acf4ead43bec2d631e9e4eae87a5a18397bfe5e312,0.9999999403953552,True,,,1.8864657878875732,0.20000000298023224,False,BaReN2O,0.08604612201452255,0.013434607535600662,0.0011559958792255187,2.880842924118042,0.0,0.1627052277326584,0.019334375858306885,0.003145804027094634,False,False,False,"{""A"": ""Ba"", ""B"": ""Re"", ""X"": [""N"", ""O"", ""N""]}",composition_incompatible,False,False,0.16455084085464478,0.006040334701538086,0.13056568603386176,0.977735547884172,,1.2285868812472198,True,0.6811308860778809,0.9545251131057739,5227.89794921875,8.707964897155762,3.7536072731018066,0.0
cmr_48e3dd02e3ba06e1f0ac4ae4a0ccb197,In:1|O:3|Sr:1,joint,zero,oxide,Sr,In,O,False,False,True,True,2dfba633817046c7f559ed4b93076048435f7e1a90f14eb8035c04b9ebae2537,15ec7bf0b50732b49f8228e07d24365338f9e3ab994b00af08e5a3bffe55fd8b,0.9446157813072205,True,True,True,55.18886184692383,0.20000000298023224,False,MgTiVReO,1.0911763803841228e-17,0.00039154881960712373,4.272488237225771e-21,12.489398956298828,0.0,1.9512647497776925e-08,0.000726992089767009,1.4185540381295846e-11,False,False,False,"{""A"": ""Ti"", ""B"": ""Re"", ""X"": [""O"", ""V"", ""Mg""]}",composition_incompatible,False,False,0.016078650951385498,0.013180375099182129,0.011374594173371527,2.0343136854774047,,0.4949995903447448,True,0.0,0.0,0.0,0.0,0.0,0.0
cmr_48e3dd02e3ba06e1f0ac4ae4a0ccb197,In:1|O:3|Sr:1,joint,template,oxide,Sr,In,O,False,False,True,True,2b92f48bde0008fe445fd81bc63a032b6121116e2080810acaf3ae6bd7315459,c4be0f035fc77ce3b797c6acf4ead43bec2d631e9e4eae87a5a18397bfe5e312,0.9446157813072205,True,,,0.017654744908213615,1.0,True,SrInO3,0.9980803728103638,0.9235115051269531,0.9217387073317695,0.0019050559494644403,1.0,0.9980813264846802,0.9981122016906738,0.9961971502439724,True,True,True,"{""A"": ""Sr"", ""B"": ""In"", ""X"": [""O"", ""O"", ""O""]}",matched,True,True,0.016078650951385498,0.013180375099182129,0.011374594173371527,0.3504025636013142,0.3504025636013142,1.5408661356332962,True,0.8058830499649048,0.9987199306488037,285.5285949707031,0.9974590539932251,0.25298580527305603,0.0
cmr_48e3dd02e3ba06e1f0ac4ae4a0ccb197,In:1|O:3|Sr:1,fixed_real,zero,oxide,Sr,In,O,False,False,True,True,2dfba633817046c7f559ed4b93076048435f7e1a90f14eb8035c04b9ebae2537,15ec7bf0b50732b49f8228e07d24365338f9e3ab994b00af08e5a3bffe55fd8b,0.9399900436401367,True,True,True,19.344892501831055,0.20000000298023224,False,TiZnBNO,1.3763388067353883e-16,6.2714555161182975e-18,8.631647601548326e-34,21.696138381958008,0.0,0.012665094807744026,1.1281441572939139e-17,1.428805270892991e-19,False,False,False,"{""A"": ""B"", ""B"": ""Ti"", ""X"": [""N"", ""Zn"", ""O""]}",composition_incompatible,False,False,0.043074190616607666,0.07001101970672607,0.030897723014626323,2.2665112023958045,,1.0212769068285088,True,0.0,0.0,0.0,0.0,0.0,0.0
cmr_48e3dd02e3ba06e1f0ac4ae4a0ccb197,In:1|O:3|Sr:1,fixed_real,template,oxide,Sr,In,O,False,False,True,True,2b92f48bde0008fe445fd81bc63a032b6121116e2080810acaf3ae6bd7315459,c4be0f035fc77ce3b797c6acf4ead43bec2d631e9e4eae87a5a18397bfe5e312,0.9399900436401367,True,,,20.34150505065918,0.0,False,CsCrN3,9.481807561328992e-10,1.2468786459892226e-20,1.1822663373600266e-29,33.303646087646484,0.0,9.48412348655836e-10,1.2468786459892226e-20,1.1825551051314473e-29,False,False,False,"{""A"": ""Cs"", ""B"": ""Cr"", ""X"": [""N"", ""N"", ""N""]}",composition_incompatible,False,False,0.043074190616607666,0.07001101970672607,0.030897723014626323,0.4126810384830412,,1.6728044179854689,True,0.8521710634231567,0.9998934268951416,472.3978576660156,1.0081737041473389,0.19966773688793182,0.0
cmr_48e3dd02e3ba06e1f0ac4ae4a0ccb197,In:1|O:3|Sr:1,property,zero,oxide,Sr,In,O,False,False,True,True,2dfba633817046c7f559ed4b93076048435f7e1a90f14eb8035c04b9ebae2537,15ec7bf0b50732b49f8228e07d24365338f9e3ab994b00af08e5a3bffe55fd8b,0.9999999403953552,True,True,True,218.4928436279297,0.20000000298023224,False,AlAs2NO,0.0,2.0114965429282464e-23,0.0,46.822662353515625,0.0,1.0473728604403759e-20,2.042925682781789e-21,2.13970491604227e-41,False,False,False,"{""A"": ""As"", ""B"": ""As"", ""X"": [""N"", ""O"", ""Al""]}",composition_incompatible,False,False,0.1313665509223938,0.005945563316345215,0.09041544847779501,2.320738627012665,,0.511623880871103,True,0.0,0.0,0.0,0.0,0.0,0.0
cmr_48e3dd02e3ba06e1f0ac4ae4a0ccb197,In:1|O:3|Sr:1,property,template,oxide,Sr,In,O,False,False,True,True,2b92f48bde0008fe445fd81bc63a032b6121116e2080810acaf3ae6bd7315459,c4be0f035fc77ce3b797c6acf4ead43bec2d631e9e4eae87a5a18397bfe5e312,0.9999999403953552,True,,,1.5617291927337646,0.6000000238418579,False,BaWO3,0.10262005031108856,0.012109656818211079,0.0012426935919348375,2.98822021484375,0.0,0.1693236529827118,0.014988123439252377,0.002537843812090018,False,False,False,"{""A"": ""Ba"", ""B"": ""W"", ""X"": [""O"", ""O"", ""O""]}",composition_incompatible,False,False,0.1313665509223938,0.005945563316345215,0.09041544847779501,0.9287221383127607,,1.2391176097733865,True,0.738794207572937,0.9500677585601807,2607.0556640625,4.7353363037109375,2.1371660232543945,0.0
cmr_4a1084fcbabc2f7e867be309d49cbe2b,Na:1|O:3|V:1,joint,zero,oxide,Na,V,O,True,True,True,True,2dfba633817046c7f559ed4b93076048435f7e1a90f14eb8035c04b9ebae2537,15ec7bf0b50732b49f8228e07d24365338f9e3ab994b00af08e5a3bffe55fd8b,0.9444422125816345,True,True,True,24.28850746154785,0.6000000238418579,False,MgTiVO2,4.285919816664645e-27,0.9757391214370728,4.1819396364621005e-27,15.217151641845703,0.5,6.211777105061614e-14,0.9757394790649414,6.061076156560349e-14,False,True,False,"{""A"": ""Ti"", ""B"": ""V"", ""X"": [""O"", ""O"", ""Mg""]}",composition_incompatible,False,False,0.22676706314086914,0.011647939682006836,0.18824750696506892,1.816838059748198,,0.44603942954527154,True,0.0,0.0,0.0,0.0,0.0,0.0
cmr_4a1084fcbabc2f7e867be309d49cbe2b,Na:1|O:3|V:1,joint,template,oxide,Na,V,O,True,True,True,True,2b92f48bde0008fe445fd81bc63a032b6121116e2080810acaf3ae6bd7315459,c4be0f035fc77ce3b797c6acf4ead43bec2d631e9e4eae87a5a18397bfe5e312,0.9444422125816345,True,,,0.008075982332229614,1.0,True,NaVO3,0.9968312382698059,0.9662644863128662,0.9632026243873923,0.0187176913022995,1.0,0.9968826174736023,0.9662688374519348,0.9632566078622595,True,True,True,"{""A"": ""Na"", ""B"": ""V"", ""X"": [""O"", ""O"", ""O""]}",matched,True,True,0.22676706314086914,0.011647939682006836,0.18824750696506892,0.47665826101994985,0.47665826101994985,0.8677629835520165,True,0.4058924615383148,0.505881667137146,206.439453125,1.271474838256836,0.23280300199985504,0.0
cmr_4a1084fcbabc2f7e867be309d49cbe2b,Na:1|O:3|V:1,fixed_real,zero,oxide,Na,V,O,True,True,True,True,2dfba633817046c7f559ed4b93076048435f7e1a90f14eb8035c04b9ebae2537,15ec7bf0b50732b49f8228e07d24365338f9e3ab994b00af08e5a3bffe55fd8b,0.9399900436401367,True,True,True,13.615930557250977,0.20000000298023224,False,TiZnBNO,2.2201196768678242e-16,1.0715308235376142e-05,2.3789266657062415e-21,7.3737287521362305,0.0,0.0204295814037323,1.9275290469522588e-05,3.937861157276971e-07,False,False,False,"{""A"": ""B"", ""B"": ""Ti"", ""X"": [""N"", ""Zn"", ""O""]}",composition_incompatible,False,False,0.4357641935348511,0.07001101970672607,0.3814190218250777,2.055899166455809,,1.0212769068285088,True,0.0,0.0,0.0,0.0,0.0,0.0
cmr_4a1084fcbabc2f7e867be309d49cbe2b,Na:1|O:3|V:1,fixed_real,template,oxide,Na,V,O,True,True,True,True,2b92f48bde0008fe445fd81bc63a032b6121116e2080810acaf3ae6bd7315459,c4be0f035fc77ce3b797c6acf4ead43bec2d631e9e4eae87a5a18397bfe5e312,0.9399900436401367,True,,,12.667741775512695,0.0,False,CsCrN3,2.2502644192456955e-09,0.00024201764608733356,5.446036978199239e-13,14.119236946105957,0.0,2.250813979642885e-09,0.00024201764608733356,5.447367011336345e-13,False,False,False,"{""A"": ""Cs"", ""B"": ""Cr"", ""X"": [""N"", ""N"", ""N""]}",composition_incompatible,False,False,0.4357641935348511,0.07001101970672607,0.3814190218250777,0.41711907641684365,,1.6728044179854689,True,0.8521710634231567,0.9998934268951416,472.3978576660156,1.0081737041473389,0.19966773688793182,0.0
cmr_4a1084fcbabc2f7e867be309d49cbe2b,Na:1|O:3|V:1,property,zero,oxide,Na,V,O,True,True,True,True,2dfba633817046c7f559ed4b93076048435f7e1a90f14eb8035c04b9ebae2537,15ec7bf0b50732b49f8228e07d24365338f9e3ab994b00af08e5a3bffe55fd8b,0.9999999403953552,True,True,True,280.8860168457031,0.20000000298023224,False,TaTiGaSiO,7.287156905712172e-32,1.177806459997597e-16,8.582860478563897e-48,28.491432189941406,0.0,1.5960974661911757e-19,1.1209799595235381e-06,1.789193273046606e-25,False,False,False,"{""A"": ""Ti"", ""B"": ""Si"", ""X"": [""Ta"", ""O"", ""Ga""]}",composition_incompatible,False,False,0.291081964969635,0.008007287979125977,0.2456348887330658,1.606058765000935,,0.9550546652269654,True,0.0,0.0,0.0,0.0,0.0,0.0
cmr_4a1084fcbabc2f7e867be309d49cbe2b,Na:1|O:3|V:1,property,template,oxide,Na,V,O,True,True,True,True,2b92f48bde0008fe445fd81bc63a032b6121116e2080810acaf3ae6bd7315459,c4be0f035fc77ce3b797c6acf4ead43bec2d631e9e4eae87a5a18397bfe5e312,0.9999999403953552,True,,,1.6605503559112549,0.6000000238418579,False,SrTaO3,0.17328289151191711,0.002330658258870244,0.00040386320222316613,3.879626750946045,0.0,0.18148767948150635,0.002351537812501192,0.0004267751408038589,False,False,False,"{""A"": ""Sr"", ""B"": ""Ta"", ""X"": [""O"", ""O"", ""O""]}",composition_incompatible,False,False,0.291081964969635,0.008007287979125977,0.2456348887330658,0.5724021799715342,,1.3762254322383014,True,0.8170046806335449,0.9043660163879395,2790.8896484375,5.179983139038086,2.8055758476257324,0.0
cmr_5a86c2636813d6b401520d96410cc7c7,N:3|Na:1|Ti:1,joint,zero,nitride,Na,Ti,N,False,False,True,True,2dfba633817046c7f559ed4b93076048435f7e1a90f14eb8035c04b9ebae2537,15ec7bf0b50732b49f8228e07d24365338f9e3ab994b00af08e5a3bffe55fd8b,0.9376020431518555,True,True,True,41.04566955566406,0.0,False,TeAsO3,0.0,0.40104246139526367,0.0,17.50694465637207,0.5,6.235797794775443e-16,0.9971687197685242,6.218142503751615e-16,False,False,False,"{""A"": ""Te"", ""B"": ""As"", ""X"": [""O"", ""O"", ""O""]}",composition_incompatible,False,False,0.12124747037887573,0.0060367584228515625,0.09400620433084744,2.304930687402873,,0.5180330090375925,True,0.0,0.0,0.0,0.0,0.0,0.0
cmr_5a86c2636813d6b401520d96410cc7c7,N:3|Na:1|Ti:1,joint,template,nitride,Na,Ti,N,False,False,True,True,2b92f48bde0008fe445fd81bc63a032b6121116e2080810acaf3ae6bd7315459,c4be0f035fc77ce3b797c6acf4ead43bec2d631e9e4eae87a5a18397bfe5e312,0.9376020431518555,True,,,0.06041748449206352,1.0,True,NaTiN3,0.9997460246086121,0.739507794380188,0.7393199775986758,0.1509944051504135,1.0,0.9997472167015076,0.7395333051681519,0.7393463634999264,True,True,True,"{""A"": ""Na"", ""B"": ""Ti"", ""X"": [""N"", ""N"", ""N""]}",matched,True,True,0.12124747037887573,0.0060367584228515625,0.09400620433084744,0.26745419901702955,0.26745419901702955,1.5247452835553177,True,0.8761442303657532,0.6300367712974548,711.22509765625,1.0270752906799316,0.1713547259569168,0.0
cmr_5a86c2636813d6b401520d96410cc7c7,N:3|Na:1|Ti:1,fixed_real,zero,nitride,Na,Ti,N,False,False,True,True,2dfba633817046c7f559ed4b93076048435f7e1a90f14eb8035c04b9ebae2537,15ec7bf0b50732b49f8228e07d24365338f9e3ab994b00af08e5a3bffe55fd8b,0.9399900436401367,True,True,True,12.049470901489258,0.4000000059604645,False,TiZnBNO,2.2201196768678242e-16,0.5558301210403442,1.2340093887174926e-16,1.9454567432403564,0.5,0.0204295814037323,0.9998579025268555,0.02042667841183743,False,True,False,"{""A"": ""B"", ""B"": ""Ti"", ""X"": [""N"", ""Zn"", ""O""]}",composition_incompatible,False,False,0.2795359492301941,0.07001101970672607,0.2253528216551577,2.1411013072051324,,1.0212769068285088,True,0.0,0.0,0.0,0.0,0.0,0.0
cmr_5a86c2636813d6b401520d96410cc7c7,N:3|Na:1|Ti:1,fixed_real,template,nitride,Na,Ti,N,False,False,True,True,2b92f48bde0008fe445fd81bc63a032b6121116e2080810acaf3ae6bd7315459,c4be0f035fc77ce3b797c6acf4ead43bec2d631e9e4eae87a5a18397bfe5e312,0.9399900436401367,True,,,5.893082141876221,0.6000000238418579,False,CsCrN3,2.2502644192456955e-09,7.098138303263113e-05,1.5972688066717995e-13,14.73253345489502,0.0,2.250813979642885e-09,7.098138303263113e-05,1.5976588922423242e-13,False,False,False,"{""A"": ""Cs"", ""B"": ""Cr"", ""X"": [""N"", ""N"", ""N""]}",composition_incompatible,False,False,0.2795359492301941,0.07001101970672607,0.2253528216551577,0.39065017098061733,,1.6728044179854689,True,0.8521710634231567,0.9998934268951416,472.3978576660156,1.0081737041473389,0.19966773688793182,0.0
cmr_5a86c2636813d6b401520d96410cc7c7,N:3|Na:1|Ti:1,property,zero,nitride,Na,Ti,N,False,False,True,True,2dfba633817046c7f559ed4b93076048435f7e1a90f14eb8035c04b9ebae2537,15ec7bf0b50732b49f8228e07d24365338f9e3ab994b00af08e5a3bffe55fd8b,0.9999999403953552,True,True,True,55.03902053833008,0.20000000298023224,False,LiSiBNO,9.22989517860321e-20,0.017024748027324677,1.5713663973433855e-21,0.28843289613723755,1.0,0.5637048482894897,0.9963653087615967,0.5616559552163665,False,False,False,"{""A"": ""Si"", ""B"": ""B"", ""X"": [""N"", ""O"", ""Li""]}",composition_incompatible,False,False,0.13939857482910156,0.006213784217834473,0.10856684896509042,1.8752207867785102,,0.8834637953357629,True,0.0,0.0,0.0,0.0,0.0,0.0
cmr_5a86c2636813d6b401520d96410cc7c7,N:3|Na:1|Ti:1,property,template,nitride,Na,Ti,N,False,False,True,True,2b92f48bde0008fe445fd81bc63a032b6121116e2080810acaf3ae6bd7315459,c4be0f035fc77ce3b797c6acf4ead43bec2d631e9e4eae87a5a18397bfe5e312,0.9999999403953552,True,,,1.793044090270996,0.6000000238418579,False,CsRuN3,0.04345744103193283,0.0058677238412201405,0.00025499626282149065,3.01408052444458,0.0,0.15958620607852936,0.015101060271263123,0.002409920916454089,False,False,False,"{""A"": ""Cs"", ""B"": ""Ru"", ""X"": [""N"", ""N"", ""N""]}",composition_incompatible,False,False,0.13939857482910156,0.006213784217834473,0.10856684896509042,0.6916009896569786,,1.4029563099659286,True,0.758066713809967,0.8014086484909058,650.4798583984375,1.0514135360717773,0.7537475824356079,0.0
cmr_64d9953c18e416a7e01500249a2bbe8d,Ca:1|O:3|Pb:1,joint,zero,oxide,Ca,Pb,O,True,False,True,True,2dfba633817046c7f559ed4b93076048435f7e1a90f14eb8035c04b9ebae2537,15ec7bf0b50732b49f8228e07d24365338f9e3ab994b00af08e5a3bffe55fd8b,0.9432929158210754,True,True,True,14.621968269348145,0.4000000059604645,False,LaReBiO2,7.387421566400904e-15,1.2563768081452764e-10,9.281385128018345e-25,26.833782196044922,0.0,7.388322809456782e-15,6.666960317147641e-10,4.925765498092514e-24,False,False,False,"{""A"": ""La"", ""B"": ""Re"", ""X"": [""O"", ""Bi"", ""O""]}",composition_incompatible,False,False,0.047414302825927734,0.023016929626464844,0.03317525808783341,2.135540709619487,,0.5968096233422301,True,0.0,0.0,0.0,0.0,0.0,0.0
cmr_64d9953c18e416a7e01500249a2bbe8d,Ca:1|O:3|Pb:1,joint,template,oxide,Ca,Pb,O,True,False,True,True,2b92f48bde0008fe445fd81bc63a032b6121116e2080810acaf3ae6bd7315459,c4be0f035fc77ce3b797c6acf4ead43bec2d631e9e4eae87a5a18397bfe5e312,0.9432929158210754,True,,,1.0473296642303467,0.800000011920929,False,SrPbO3,0.005363932810723782,0.9914630055427551,0.005318140946049599,2.6172187328338623,0.5,0.005375311244279146,0.9915372133255005,0.005329821131909773,False,True,False,"{""A"": ""Sr"", ""B"": ""Pb"", ""X"": [""O"", ""O"", ""O""]}",composition_incompatible,False,False,0.047414302825927734,0.023016929626464844,0.03317525808783341,0.49474659880308536,,1.9265068937746326,True,0.6011106967926025,0.9999337196350098,383.12213134765625,2.2854814529418945,0.9214305281639099,0.0
cmr_64d9953c18e416a7e01500249a2bbe8d,Ca:1|O:3|Pb:1,fixed_real,zero,oxide,Ca,Pb,O,True,False,True,True,2dfba633817046c7f559ed4b93076048435f7e1a90f14eb8035c04b9ebae2537,15ec7bf0b50732b49f8228e07d24365338f9e3ab994b00af08e5a3bffe55fd8b,0.9399900436401367,True,True,True,24.880084991455078,0.20000000298023224,False,TiZnBNO,1.0507536037280846e-14,7.853668187928536e-32,8.252270150950526e-46,35.534122467041016,0.5,0.9669053554534912,1.4127614203168367e-31,1.36600658328243e-31,False,False,False,"{""A"": ""B"", ""B"": ""Ti"", ""X"": [""N"", ""Zn"", ""O""]}",composition_incompatible,False,False,0.06692647933959961,0.07001101970672607,0.04561118948190404,2.320092119023554,,1.0212769068285088,True,0.0,0.0,0.0,0.0,0.0,0.0
cmr_64d9953c18e416a7e01500249a2bbe8d,Ca:1|O:3|Pb:1,fixed_real,template,oxide,Ca,Pb,O,True,False,True,True,2b92f48bde0008fe445fd81bc63a032b6121116e2080810acaf3ae6bd7315459,c4be0f035fc77ce3b797c6acf4ead43bec2d631e9e4eae87a5a18397bfe5e312,0.9399900436401367,True,,,17.73735809326172,0.0,False,CsCrN3,6.847940881016257e-08,7.798081773954628e-17,5.340080297337167e-24,26.793277740478516,0.0,6.8496127880735e-08,7.798081773954628e-17,5.3413840641322506e-24,False,False,False,"{""A"": ""Cs"", ""B"": ""Cr"", ""X"": [""N"", ""N"", ""N""]}",composition_incompatible,False,False,0.06692647933959961,0.07001101970672607,0.04561118948190404,0.6647090117599758,,1.6728044179854689,True,0.8521710634231567,0.9998934268951416,472.3978576660156,1.0081737041473389,0.19966773688793182,0.0
cmr_64d9953c18e416a7e01500249a2bbe8d,Ca:1|O:3|Pb:1,property,zero,oxide,Ca,Pb,O,True,False,True,True,2dfba633817046c7f559ed4b93076048435f7e1a90f14eb8035c04b9ebae2537,15ec7bf0b50732b49f8228e07d24365338f9e3ab994b00af08e5a3bffe55fd8b,0.9999998807907104,True,True,True,237.0590362548828,0.20000000298023224,False,As2N2O,0.0,1.084640627546103e-31,0.0,70.90560150146484,0.0,9.966357221759761e-34,2.5920332786592205e-29,2.5833129585806954e-62,False,False,False,"{""A"": ""As"", ""B"": ""As"", ""X"": [""N"", ""O"", ""N""]}",composition_incompatible,False,False,0.22370189428329468,0.006083250045776367,0.14697139435351916,2.0046576893161547,,0.597184567276632,True,0.0,0.0,0.0,0.0,0.0,0.0
cmr_64d9953c18e416a7e01500249a2bbe8d,Ca:1|O:3|Pb:1,property,template,oxide,Ca,Pb,O,True,False,True,True,2b92f48bde0008fe445fd81bc63a032b6121116e2080810acaf3ae6bd7315459,c4be0f035fc77ce3b797c6acf4ead43bec2d631e9e4eae87a5a18397bfe5e312,0.9999998807907104,True,,,2.119858503341675,0.20000000298023224,False,BaWN2O,0.05962230637669563,0.00337832304649055,0.00020142341171731134,3.8039679527282715,0.0,0.10416142642498016,0.004766596481204033,0.0004964954886745032,False,False,False,"{""A"": ""Ba"", ""B"": ""W"", ""X"": [""N"", ""O"", ""N""]}",composition_incompatible,False,False,0.22370189428329468,0.006083250045776367,0.14697139435351916,1.086102932828971,,1.2216802585303288,True,0.6224011182785034,0.9464868903160095,3899.272216796875,9.450971603393555,3.9149467945098877,0.0
cmr_682785369aa2b3971943559ce4e3b0ca,Ge:1|La:1|O:3,joint,zero,oxide,La,Ge,O,False,False,True,True,2dfba633817046c7f559ed4b93076048435f7e1a90f14eb8035c04b9ebae2537,15ec7bf0b50732b49f8228e07d24365338f9e3ab994b00af08e5a3bffe55fd8b,0.9460278749465942,True,True,True,28.584619522094727,0.4000000059604645,False,As2NO2,1.5779453640104635e-37,6.54166171898396e-07,1.0322384782395459e-43,15.668050765991211,0.0,7.279007258054193e-12,0.003379341447725892,2.4598250925440133e-14,False,False,False,"{""A"": ""As"", ""B"": ""As"", ""X"": [""O"", ""O"", ""N""]}",composition_incompatible,False,False,0.034826695919036865,0.003840923309326172,0.02624742678417394,2.354782550230377,,1.147476272250982,True,0.0,0.0,0.0,0.0,0.0,0.0
cmr_682785369aa2b3971943559ce4e3b0ca,Ge:1|La:1|O:3,joint,template,oxide,La,Ge,O,False,False,True,True,2b92f48bde0008fe445fd81bc63a032b6121116e2080810acaf3ae6bd7315459,c4be0f035fc77ce3b797c6acf4ead43bec2d631e9e4eae87a5a18397bfe5e312,0.9460278749465942,True,,,0.03619857504963875,1.0,True,LaGeO3,0.8949356079101562,0.9325522780418396,0.8345742398573748,0.025263691321015358,1.0,0.9999788999557495,0.9507479667663574,0.9507279059421876,True,True,True,"{""A"": ""La"", ""B"": ""Ge"", ""X"": [""O"", ""O"", ""O""]}",matched,True,True,0.034826695919036865,0.003840923309326172,0.02624742678417394,0.1998476242335159,0.1998476242335159,1.8447486160302828,True,0.6062301397323608,0.998286247253418,727.4700317382812,1.4082881212234497,0.471609890460968,0.0
cmr_682785369aa2b3971943559ce4e3b0ca,Ge:1|La:1|O:3,fixed_real,zero,oxide,La,Ge,O,False,False,True,True,2dfba633817046c7f559ed4b93076048435f7e1a90f14eb8035c04b9ebae2537,15ec7bf0b50732b49f8228e07d24365338f9e3ab994b00af08e5a3bffe55fd8b,0.9399900436401367,True,True,True,20.613866806030273,0.20000000298023224,False,TiZnBNO,9.085929846721525e-28,1.667944560246326e-09,1.5154827262618902e-36,24.868576049804688,0.0,8.360884684241454e-14,3.000391268770386e-09,2.5085925405794105e-22,False,False,False,"{""A"": ""B"", ""B"": ""Ti"", ""X"": [""N"", ""Zn"", ""O""]}",composition_incompatible,False,False,0.2524977922439575,0.07001101970672607,0.20076480280039594,2.1563287541092153,,1.0212769068285088,True,0.0,0.0,0.0,0.0,0.0,0.0
cmr_682785369aa2b3971943559ce4e3b0ca,Ge:1|La:1|O:3,fixed_real,template,oxide,La,Ge,O,False,False,True,True,2b92f48bde0008fe445fd81bc63a032b6121116e2080810acaf3ae6bd7315459,c4be0f035fc77ce3b797c6acf4ead43bec2d631e9e4eae87a5a18397bfe5e312,0.9399900436401367,True,,,16.93063735961914,0.0,False,CsCrN3,6.805712677443454e-12,4.430465022631225e-11,3.0152471971491126e-22,24.776473999023438,0.0,6.80737454253344e-12,4.430465022631225e-11,3.015983480664464e-22,False,False,False,"{""A"": ""Cs"", ""B"": ""Cr"", ""X"": [""N"", ""N"", ""N""]}",composition_incompatible,False,False,0.2524977922439575,0.07001101970672607,0.20076480280039594,0.39548085755822604,,1.6728044179854689,True,0.8521710634231567,0.9998934268951416,472.3978576660156,1.0081737041473389,0.19966773688793182,0.0
cmr_682785369aa2b3971943559ce4e3b0ca,Ge:1|La:1|O:3,property,zero,oxide,La,Ge,O,False,False,True,True,2dfba633817046c7f559ed4b93076048435f7e1a90f14eb8035c04b9ebae2537,15ec7bf0b50732b49f8228e07d24365338f9e3ab994b00af08e5a3bffe55fd8b,0.9999998807907104,True,True,True,280.8573303222656,0.0,False,TiAlBAsN,4.331680611568302e-34,1.3185447642172221e-05,5.711514790644639e-39,20.783016204833984,0.0,4.225637987307143e-14,2.099947232636623e-05,8.873616797569825e-19,False,False,False,"{""A"": ""As"", ""B"": ""Ti"", ""X"": [""N"", ""Al"", ""B""]}",composition_incompatible,False,False,0.08787959814071655,0.006018877029418945,0.06710758836879559,1.796918091722764,,0.44313175900702473,True,0.0,0.0,0.0,0.0,0.0,0.0
cmr_682785369aa2b3971943559ce4e3b0ca,Ge:1|La:1|O:3,property,template,oxide,La,Ge,O,False,False,True,True,2b92f48bde0008fe445fd81bc63a032b6121116e2080810acaf3ae6bd7315459,c4be0f035fc77ce3b797c6acf4ead43bec2d631e9e4eae87a5a18397bfe5e312,0.9999998807907104,True,,,1.33255934715271,0.6000000238418579,False,BaWO3,0.11168143153190613,0.03657516464591026,0.004084766746170421,2.523287773132324,0.0,0.1514899730682373,0.04245377704501152,0.006431321541193746,False,False,False,"{""A"": ""Ba"", ""B"": ""W"", ""X"": [""O"", ""O"", ""O""]}",composition_incompatible,False,False,0.08787959814071655,0.006018877029418945,0.06710758836879559,0.8561563230480413,,1.261257848648133,True,0.9006441235542297,0.9568116664886475,2303.31591796875,1.9435756206512451,0.8741704821586609,0.0
cmr_78c26d513a55ceb0d9345ce3cdf39c24,K:1|Ni:1|O:3,joint,zero,oxide,K,Ni,O,False,False,True,True,2dfba633817046c7f559ed4b93076048435f7e1a90f14eb8035c04b9ebae2537,15ec7bf0b50732b49f8228e07d24365338f9e3ab994b00af08e5a3bffe55fd8b,0.943808376789093,True,True,True,26.77849769592285,0.4000000059604645,False,MnWO3,3.604471568153207e-26,5.949081906690191e-16,2.1443296589279463e-41,27.89188003540039,0.0,4.965395282441332e-12,1.1952704180150792e-13,5.934990094853753e-25,False,False,False,"{""A"": ""W"", ""B"": ""O"", ""X"": [""O"", ""Mn"", ""O""]}",composition_incompatible,False,False,0.13305962085723877,0.007363557815551758,0.1063147981778562,1.8161540641513587,,0.46753042545401274,True,0.0,0.0,0.0,0.0,0.0,0.0
cmr_78c26d513a55ceb0d9345ce3cdf39c24,K:1|Ni:1|O:3,joint,template,oxide,K,Ni,O,False,False,True,True,2b92f48bde0008fe445fd81bc63a032b6121116e2080810acaf3ae6bd7315459,c4be0f035fc77ce3b797c6acf4ead43bec2d631e9e4eae87a5a18397bfe5e312,0.943808376789093,True,,,0.003030600491911173,1.0,True,KNiO3,0.9855549335479736,0.9994958639144897,0.9850580797417194,0.0074132345616817474,1.0,0.9855637550354004,0.9997150301933289,0.9852828991226659,True,True,True,"{""A"": ""K"", ""B"": ""Ni"", ""X"": [""O"", ""O"", ""O""]}",matched,True,True,0.13305962085723877,0.007363557815551758,0.1063147981778562,0.382750380641046,0.382750380641046,1.4158839271892398,True,0.6077892780303955,0.9999982118606567,133.49465942382812,1.3281735181808472,0.27123987674713135,0.0
cmr_78c26d513a55ceb0d9345ce3cdf39c24,K:1|Ni:1|O:3,fixed_real,zero,oxide,K,Ni,O,False,False,True,True,2dfba633817046c7f559ed4b93076048435f7e1a90f14eb8035c04b9ebae2537,15ec7bf0b50732b49f8228e07d24365338f9e3ab994b00af08e5a3bffe55fd8b,0.9399900436401367,True,True,True,28.837554931640625,0.20000000298023224,False,TiZnBNO,2.8553592382462447e-31,7.368446004220961e-24,2.103956036967095e-54,45.42779541015625,0.0,2.627510264453253e-17,1.3254769095660012e-23,3.4827041851804445e-40,False,False,False,"{""A"": ""B"", ""B"": ""Ti"", ""X"": [""N"", ""Zn"", ""O""]}",composition_incompatible,False,False,0.3829476237297058,0.07001101970672607,0.32583694224399995,2.077727502943725,,1.0212769068285088,True,0.0,0.0,0.0,0.0,0.0,0.0
cmr_78c26d513a55ceb0d9345ce3cdf39c24,K:1|Ni:1|O:3,fixed_real,template,oxide,K,Ni,O,False,False,True,True,2b92f48bde0008fe445fd81bc63a032b6121116e2080810acaf3ae6bd7315459,c4be0f035fc77ce3b797c6acf4ead43bec2d631e9e4eae87a5a18397bfe5e312,0.9399900436401367,True,,,18.740493774414062,0.0,False,CsCrN3,1.1363997145963367e-05,3.116991435407052e-21,3.5421481775958e-26,29.301116943359375,0.0,1.1366782928234898e-05,3.116991435407052e-21,3.543016503543927e-26,False,False,False,"{""A"": ""Cs"", ""B"": ""Cr"", ""X"": [""N"", ""N"", ""N""]}",composition_incompatible,False,False,0.3829476237297058,0.07001101970672607,0.32583694224399995,0.40480368229100655,,1.6728044179854689,True,0.8521710634231567,0.9998934268951416,472.3978576660156,1.0081737041473389,0.19966773688793182,0.0
cmr_78c26d513a55ceb0d9345ce3cdf39c24,K:1|Ni:1|O:3,property,zero,oxide,K,Ni,O,False,False,True,True,2dfba633817046c7f559ed4b93076048435f7e1a90f14eb8035c04b9ebae2537,15ec7bf0b50732b49f8228e07d24365338f9e3ab994b00af08e5a3bffe55fd8b,1.0,True,True,True,283.89813232421875,0.20000000298023224,False,BeBAsHO,1.4714910694045406e-30,8.684388305435242e-20,1.277899983468919e-49,29.171142578125,0.0,2.9289983771718653e-09,1.5687306609139534e-17,4.594809560036717e-26,False,False,False,"{""A"": ""As"", ""B"": ""B"", ""X"": [""O"", ""H"", ""Be""]}",composition_incompatible,False,False,0.19443213939666748,0.00583648681640625,0.1577903129601937,1.9898586530868525,,0.44430312924038745,True,0.0,0.0,0.0,0.0,0.0,0.0
cmr_78c26d513a55ceb0d9345ce3cdf39c24,K:1|Ni:1|O:3,property,template,oxide,K,Ni,O,False,False,True,True,2b92f48bde0008fe445fd81bc63a032b6121116e2080810acaf3ae6bd7315459,c4be0f035fc77ce3b797c6acf4ead43bec2d631e9e4eae87a5a18397bfe5e312,1.0,True,,,2.058314561843872,0.0,False,YReN3,0.03201255947351456,0.03313494101166725,0.0010607342697873945,2.5991461277008057,0.0,0.09674236923456192,0.05712071806192398,0.00552599359768996,False,False,False,"{""A"": ""Y"", ""B"": ""Re"", ""X"": [""N"", ""N"", ""N""]}",composition_incompatible,False,False,0.19443213939666748,0.00583648681640625,0.1577903129601937,0.7706537107352067,,1.31068289477324,True,0.884792149066925,0.9372148513793945,2072.0341796875,2.2864909172058105,1.3181304931640625,0.0
cmr_898ee445e8ccfce566bb0883e7821189,Mo:1|N:3|Na:1,joint,zero,nitride,Na,Mo,N,False,False,True,True,2dfba633817046c7f559ed4b93076048435f7e1a90f14eb8035c04b9ebae2537,15ec7bf0b50732b49f8228e07d24365338f9e3ab994b00af08e5a3bffe55fd8b,0.9447807669639587,True,True,True,40.746116638183594,0.0,False,TiSiO2F,0.0,1.3506539175978105e-07,0.0,39.29710388183594,0.0,4.952160999372399e-28,1.486528589111913e-07,7.361528903452093e-35,False,False,False,"{""A"": ""Si"", ""B"": ""Ti"", ""X"": [""F"", ""O"", ""O""]}",composition_incompatible,False,False,0.014019906520843506,0.007567405700683594,0.010448523168738113,2.287110163233467,,0.26857683826477896,True,0.0,0.0,0.0,0.0,0.0,0.0
cmr_898ee445e8ccfce566bb0883e7821189,Mo:1|N:3|Na:1,joint,template,nitride,Na,Mo,N,False,False,True,True,2b92f48bde0008fe445fd81bc63a032b6121116e2080810acaf3ae6bd7315459,c4be0f035fc77ce3b797c6acf4ead43bec2d631e9e4eae87a5a18397bfe5e312,0.9447807669639587,True,,,0.001285202568396926,1.0,True,NaMoN3,0.9979875087738037,0.9956275224685669,0.9936238308150394,0.0031281798146665096,1.0,0.9980002045631409,0.9957544803619385,0.9937631750958786,True,True,True,"{""A"": ""Na"", ""B"": ""Mo"", ""X"": [""N"", ""N"", ""N""]}",matched,True,True,0.014019906520843506,0.007567405700683594,0.010448523168738113,0.23006485752013442,0.23006485752013442,1.60756321666385,True,0.998304009437561,0.9998748302459717,983.1956787109375,1.2380049228668213,0.18220628798007965,0.0
cmr_898ee445e8ccfce566bb0883e7821189,Mo:1|N:3|Na:1,fixed_real,zero,nitride,Na,Mo,N,False,False,True,True,2dfba633817046c7f559ed4b93076048435f7e1a90f14eb8035c04b9ebae2537,15ec7bf0b50732b49f8228e07d24365338f9e3ab994b00af08e5a3bffe55fd8b,0.9399900436401367,True,True,True,17.109081268310547,0.20000000298023224,False,TiZnBNO,2.2201196768678242e-16,5.729749574107101e-12,1.2720729773000211e-27,14.59448528289795,0.0,0.0204295814037323,1.0306991371500374e-11,2.105675192516333e-13,False,False,False,"{""A"": ""B"", ""B"": ""Ti"", ""X"": [""N"", ""Zn"", ""O""]}",composition_incompatible,False,False,0.22831201553344727,0.07001101970672607,0.17932503820265652,2.1587001481364005,,1.0212769068285088,True,0.0,0.0,0.0,0.0,0.0,0.0
cmr_898ee445e8ccfce566bb0883e7821189,Mo:1|N:3|Na:1,fixed_real,template,nitride,Na,Mo,N,False,False,True,True,2b92f48bde0008fe445fd81bc63a032b6121116e2080810acaf3ae6bd7315459,c4be0f035fc77ce3b797c6acf4ead43bec2d631e9e4eae87a5a18397bfe5e312,0.9399900436401367,True,,,7.006373405456543,0.6000000238418579,False,CsCrN3,2.2502644192456955e-09,2.7143346414959524e-07,6.107970665684362e-16,17.515762329101562,0.0,2.250813979642885e-09,2.7143346414959524e-07,6.109462356508048e-16,False,False,False,"{""A"": ""Cs"", ""B"": ""Cr"", ""X"": [""N"", ""N"", ""N""]}",composition_incompatible,False,False,0.22831201553344727,0.07001101970672607,0.17932503820265652,0.41101960191921727,,1.6728044179854689,True,0.8521710634231567,0.9998934268951416,472.3978576660156,1.0081737041473389,0.19966773688793182,0.0
cmr_898ee445e8ccfce566bb0883e7821189,Mo:1|N:3|Na:1,property,zero,nitride,Na,Mo,N,False,False,True,True,2dfba633817046c7f559ed4b93076048435f7e1a90f14eb8035c04b9ebae2537,15ec7bf0b50732b49f8228e07d24365338f9e3ab994b00af08e5a3bffe55fd8b,1.0,True,True,True,240.7436981201172,0.0,False,Be(SiO)2,1.5637696035529047e-27,1.6971838431162345e-12,2.6540045055062693e-39,11.206697463989258,0.0,0.18831361830234528,9.797264111099935e-10,1.8449582542249392e-10,False,False,False,"{""A"": ""Si"", ""B"": ""Si"", ""X"": [""O"", ""O"", ""Be""]}",composition_incompatible,False,False,0.05474269390106201,0.0059545040130615234,0.04121006380191206,1.7435647130813703,,0.24199382404096478,True,0.0,0.0,0.0,0.0,0.0,0.0
cmr_898ee445e8ccfce566bb0883e7821189,Mo:1|N:3|Na:1,property,template,nitride,Na,Mo,N,False,False,True,True,2b92f48bde0008fe445fd81bc63a032b6121116e2080810acaf3ae6bd7315459,c4be0f035fc77ce3b797c6acf4ead43bec2d631e9e4eae87a5a18397bfe5e312,1.0,True,,,1.6155595779418945,0.6000000238418579,False,BaRuN3,0.037147603929042816,0.03415079787373543,0.0012686203132743212,2.510012626647949,0.0,0.10466845333576202,0.06309788674116135,0.006604358213952444,False,False,False,"{""A"": ""Ba"", ""B"": ""Ru"", ""X"": [""N"", ""N"", ""N""]}",composition_incompatible,False,False,0.05474269390106201,0.0059545040130615234,0.04121006380191206,0.7964987664301799,,1.2622723339044557,True,0.764657735824585,0.8748589754104614,2924.049560546875,3.9427266120910645,2.033193588256836,0.0
cmr_92838ea148c813c166057e99bfae3d39,Ca:1|N:3|W:1,joint,zero,nitride,Ca,W,N,False,False,True,True,2dfba633817046c7f559ed4b93076048435f7e1a90f14eb8035c04b9ebae2537,15ec7bf0b50732b49f8228e07d24365338f9e3ab994b00af08e5a3bffe55fd8b,0.9419684410095215,True,True,True,48.7943000793457,0.0,False,BeSiO2F,0.0,1.494997125279472e-19,0.0,73.68352508544922,0.0,0.0,5.392064570246291e-16,0.0,False,False,False,"{""A"": ""Be"", ""B"": ""Si"", ""X"": [""F"", ""O"", ""O""]}",composition_incompatible,False,False,0.005155503749847412,0.014290809631347656,0.0038372861765971927,2.3407770305554356,,0.9708297158572823,True,0.0,0.0,0.0,0.0,0.0,0.0
cmr_92838ea148c813c166057e99bfae3d39,Ca:1|N:3|W:1,joint,template,nitride,Ca,W,N,False,False,True,True,2b92f48bde0008fe445fd81bc63a032b6121116e2080810acaf3ae6bd7315459,c4be0f035fc77ce3b797c6acf4ead43bec2d631e9e4eae87a5a18397bfe5e312,0.9419684410095215,True,,,0.3200611472129822,0.800000011920929,False,SrWN3,0.20525604486465454,0.9970382452011108,0.20464812678877564,0.791591465473175,0.5,0.20534320175647736,0.999889612197876,0.20532053437175435,False,True,False,"{""A"": ""Sr"", ""B"": ""W"", ""X"": [""N"", ""N"", ""N""]}",composition_incompatible,False,False,0.005155503749847412,0.014290809631347656,0.0038372861765971927,0.2929797480050484,,1.5381499050137633,True,0.9822486639022827,0.9999995231628418,577.9231567382812,0.9240686893463135,0.19844093918800354,0.0
cmr_92838ea148c813c166057e99bfae3d39,Ca:1|N:3|W:1,fixed_real,zero,nitride,Ca,W,N,False,False,True,True,2dfba633817046c7f559ed4b93076048435f7e1a90f14eb8035c04b9ebae2537,15ec7bf0b50732b49f8228e07d24365338f9e3ab994b00af08e5a3bffe55fd8b,0.9399900436401367,True,True,True,21.391674041748047,0.20000000298023224,False,TiZnBNO,1.0507536037280846e-14,6.074060469512436e-23,6.382340927602494e-37,25.300966262817383,0.5,0.9669053554534912,1.0926355888212639e-22,1.0564752023903588e-22,False,False,False,"{""A"": ""B"", ""B"": ""Ti"", ""X"": [""N"", ""Zn"", ""O""]}",composition_incompatible,False,False,0.2321857213973999,0.07001101970672607,0.18272440948112093,2.1586205904865037,,1.0212769068285088,True,0.0,0.0,0.0,0.0,0.0,0.0
cmr_92838ea148c813c166057e99bfae3d39,Ca:1|N:3|W:1,fixed_real,template,nitride,Ca,W,N,False,False,True,True,2b92f48bde0008fe445fd81bc63a032b6121116e2080810acaf3ae6bd7315459,c4be0f035fc77ce3b797c6acf4ead43bec2d631e9e4eae87a5a18397bfe5e312,0.9399900436401367,True,,,12.831921577453613,0.6000000238418579,False,CsCrN3,6.847940881016257e-08,1.9967283725849125e-21,1.3673477850909282e-28,32.07963180541992,0.0,6.8496127880735e-08,1.9967283725849125e-21,1.3676816195166805e-28,False,False,False,"{""A"": ""Cs"", ""B"": ""Cr"", ""X"": [""N"", ""N"", ""N""]}",composition_incompatible,False,False,0.2321857213973999,0.07001101970672607,0.18272440948112093,0.40773001549625504,,1.6728044179854689,True,0.8521710634231567,0.9998934268951416,472.3978576660156,1.0081737041473389,0.19966773688793182,0.0
cmr_92838ea148c813c166057e99bfae3d39,Ca:1|N:3|W:1,property,zero,nitride,Ca,W,N,False,False,True,True,2dfba633817046c7f559ed4b93076048435f7e1a90f14eb8035c04b9ebae2537,15ec7bf0b50732b49f8228e07d24365338f9e3ab994b00af08e5a3bffe55fd8b,0.9999999403953552,True,True,True,38.11294174194336,0.4000000059604645,False,As2N2O,0.0,3.518159971838496e-23,0.0,60.299072265625,0.0,1.1490790091125937e-32,3.668946682281883e-21,4.215909618163404e-53,False,False,False,"{""A"": ""As"", ""B"": ""As"", ""X"": [""N"", ""O"", ""N""]}",composition_incompatible,False,False,0.09141802787780762,0.006206631660461426,0.0695111438870214,1.826975880394969,,0.49363548961347775,True,0.0,0.0,0.0,0.0,0.0,0.0
cmr_92838ea148c813c166057e99bfae3d39,Ca:1|N:3|W:1,property,template,nitride,Ca,W,N,False,False,True,True,2b92f48bde0008fe445fd81bc63a032b6121116e2080810acaf3ae6bd7315459,c4be0f035fc77ce3b797c6acf4ead43bec2d631e9e4eae87a5a18397bfe5e312,0.9999999403953552,True,,,1.6547397375106812,0.6000000238418579,False,BaWN2O,0.06388802826404572,0.13146939873695374,0.008399320662363596,1.9715274572372437,0.5,0.10790764540433884,0.17968043684959412,0.0193888928656627,False,True,False,"{""A"": ""Ba"", ""B"": ""W"", ""X"": [""N"", ""O"", ""N""]}",composition_incompatible,False,False,0.09141802787780762,0.006206631660461426,0.0695111438870214,1.0092668867279557,,1.256302314137568,True,0.633283793926239,0.9552310705184937,3133.032470703125,6.307802677154541,2.9783236980438232,0.0
cmr_9747df17e8f2ed98427d905413929dd6,K:1|N:3|Ni:1,joint,zero,nitride,K,Ni,N,False,False,True,True,2dfba633817046c7f559ed4b93076048435f7e1a90f14eb8035c04b9ebae2537,15ec7bf0b50732b49f8228e07d24365338f9e3ab994b00af08e5a3bffe55fd8b,0.9400961399078369,True,True,True,38.73902130126953,0.0,False,Ti2TeO2,0.0,2.7633223823980398e-15,0.0,53.112247467041016,0.0,1.7416340298869975e-32,4.229909743866736e-15,7.366954753268901e-47,False,False,False,"{""A"": ""Te"", ""B"": ""Ti"", ""X"": [""O"", ""O"", ""Ti""]}",composition_incompatible,False,False,0.08998960256576538,0.026775598526000977,0.06941790162097643,2.3435285362611764,,0.6488381213683959,True,0.0,0.0,0.0,0.0,0.0,0.0
cmr_9747df17e8f2ed98427d905413929dd6,K:1|N:3|Ni:1,joint,template,nitride,K,Ni,N,False,False,True,True,2b92f48bde0008fe445fd81bc63a032b6121116e2080810acaf3ae6bd7315459,c4be0f035fc77ce3b797c6acf4ead43bec2d631e9e4eae87a5a18397bfe5e312,0.9400961399078369,True,,,0.009061252698302269,1.0,True,KNiN3,0.9941583871841431,0.9615068435668945,0.95589009286698,0.01057624164968729,1.0,0.9941682815551758,0.9848127961158752,0.9790696451680674,True,True,True,"{""A"": ""K"", ""B"": ""Ni"", ""X"": [""N"", ""N"", ""N""]}",matched,True,True,0.08998960256576538,0.026775598526000977,0.06941790162097643,0.2516780289296449,0.2516780289296449,1.5460691535863473,True,0.9424117803573608,0.9999931454658508,396.3895263671875,0.7599896192550659,0.18876110017299652,0.0
cmr_9747df17e8f2ed98427d905413929dd6,K:1|N:3|Ni:1,fixed_real,zero,nitride,K,Ni,N,False,False,True,True,2dfba633817046c7f559ed4b93076048435f7e1a90f14eb8035c04b9ebae2537,15ec7bf0b50732b49f8228e07d24365338f9e3ab994b00af08e5a3bffe55fd8b,0.9399900436401367,True,True,True,29.442407608032227,0.20000000298023224,False,TiZnBNO,2.8553592382462447e-31,7.368446004220961e-24,2.103956036967095e-54,45.42779541015625,0.0,2.627510264453253e-17,1.3254769095660012e-23,3.4827041851804445e-40,False,False,False,"{""A"": ""B"", ""B"": ""Ti"", ""X"": [""N"", ""Zn"", ""O""]}",composition_incompatible,False,False,0.29005080461502075,0.07001101970672607,0.23509612061502372,2.1367540139027232,,1.0212769068285088,True,0.0,0.0,0.0,0.0,0.0,0.0
cmr_9747df17e8f2ed98427d905413929dd6,K:1|N:3|Ni:1,fixed_real,template,nitride,K,Ni,N,False,False,True,True,2b92f48bde0008fe445fd81bc63a032b6121116e2080810acaf3ae6bd7315459,c4be0f035fc77ce3b797c6acf4ead43bec2d631e9e4eae87a5a18397bfe5e312,0.9399900436401367,True,,,11.720516204833984,0.6000000238418579,False,CsCrN3,1.1363997145963367e-05,3.116991435407052e-21,3.5421481775958e-26,29.301116943359375,0.0,1.1366782928234898e-05,3.116991435407052e-21,3.543016503543927e-26,False,False,False,"{""A"": ""Cs"", ""B"": ""Cr"", ""X"": [""N"", ""N"", ""N""]}",composition_incompatible,False,False,0.29005080461502075,0.07001101970672607,0.23509612061502372,0.392150665482097,,1.6728044179854689,True,0.8521710634231567,0.9998934268951416,472.3978576660156,1.0081737041473389,0.19966773688793182,0.0
cmr_9747df17e8f2ed98427d905413929dd6,K:1|N:3|Ni:1,property,zero,nitride,K,Ni,N,False,False,True,True,2dfba633817046c7f559ed4b93076048435f7e1a90f14eb8035c04b9ebae2537,15ec7bf0b50732b49f8228e07d24365338f9e3ab994b00af08e5a3bffe55fd8b,1.0,True,True,True,54.49812698364258,0.20000000298023224,False,LaB2NO,6.50146053006418e-18,4.744231868443581e-17,3.084443623815858e-34,21.151386260986328,0.0,1.932159466377925e-05,2.19834950075529e-14,4.2475617982915195e-19,False,False,False,"{""A"": ""B"", ""B"": ""B"", ""X"": [""N"", ""O"", ""La""]}",composition_incompatible,False,False,0.2611622214317322,0.006480216979980469,0.21018761418450824,1.6649030566741871,,0.49170939988167894,True,0.0,0.0,0.0,0.0,0.0,0.0
cmr_9747df17e8f2ed98427d905413929dd6,K:1|N:3|Ni:1,property,template,nitride,K,Ni,N,False,False,True,True,2b92f48bde0008fe445fd81bc63a032b6121116e2080810acaf3ae6bd7315459,c4be0f035fc77ce3b797c6acf4ead43bec2d631e9e4eae87a5a18397bfe5e312,1.0,True,,,1.5768344402313232,0.6000000238418579,False,CsTeN3,0.03623120114207268,0.0159853957593441,0.0005791700890924317,2.3524417877197266,0.0,0.15763279795646667,0.057418033480644226,0.00905096527071203,False,False,False,"{""A"": ""Cs"", ""B"": ""Te"", ""X"": [""N"", ""N"", ""N""]}",composition_incompatible,False,False,0.2611622214317322,0.006480216979980469,0.21018761418450824,0.7126005091403401,,1.4840776023520057,True,0.7200330495834351,0.8191788792610168,461.6473388671875,0.9178383946418762,0.5496023893356323,0.0
cmr_98f26503186c693384501157616036cb,Cr:1|N:3|Na:1,joint,zero,nitride,Na,Cr,N,False,False,True,True,2dfba633817046c7f559ed4b93076048435f7e1a90f14eb8035c04b9ebae2537,15ec7bf0b50732b49f8228e07d24365338f9e3ab994b00af08e5a3bffe55fd8b,0.9355207681655884,True,True,True,46.215118408203125,0.0,False,TiSiO3,0.0,0.00012360166874714196,0.0,40.30141830444336,0.0,6.92349186740958e-32,0.00014266218931879848,9.877205075355471e-36,False,False,False,"{""A"": ""Si"", ""B"": ""Ti"", ""X"": [""O"", ""O"", ""O""]}",composition_incompatible,False,False,0.29650241136550903,0.005916953086853027,0.2537644530863343,1.6924037541350876,,1.1336391015725493,True,0.0,0.0,0.0,0.0,0.0,0.0
cmr_98f26503186c693384501157616036cb,Cr:1|N:3|Na:1,joint,template,nitride,Na,Cr,N,False,False,True,True,2b92f48bde0008fe445fd81bc63a032b6121116e2080810acaf3ae6bd7315459,c4be0f035fc77ce3b797c6acf4ead43bec2d631e9e4eae87a5a18397bfe5e312,0.9355207681655884,True,,,6.615507300011814e-05,1.0,True,NaCrN3,0.9997645020484924,0.9999289512634277,0.9996934700437521,0.00015001051360741258,1.0,0.9997710585594177,0.9999289512634277,0.9997000260888456,True,True,True,"{""A"": ""Na"", ""B"": ""Cr"", ""X"": [""N"", ""N"", ""N""]}",matched,True,True,0.29650241136550903,0.005916953086853027,0.2537644530863343,0.21163176849019918,0.21163176849019918,1.638014352336278,True,0.9509249925613403,0.9999246597290039,1226.4404296875,2.1389594078063965,0.14614300429821014,0.0
cmr_98f26503186c693384501157616036cb,Cr:1|N:3|Na:1,fixed_real,zero,nitride,Na,Cr,N,False,False,True,True,2dfba633817046c7f559ed4b93076048435f7e1a90f14eb8035c04b9ebae2537,15ec7bf0b50732b49f8228e07d24365338f9e3ab994b00af08e5a3bffe55fd8b,0.9399900436401367,True,True,True,14.246769905090332,0.20000000298023224,False,TiZnBNO,2.2201196768678242e-16,9.409519407199696e-06,2.089025918579371e-21,7.438704490661621,0.0,0.0204295814037323,1.69263657880947e-05,3.457985677372301e-07,False,False,False,"{""A"": ""B"", ""B"": ""Ti"", ""X"": [""N"", ""Zn"", ""O""]}",composition_incompatible,False,False,0.48084408044815063,0.07001101970672607,0.43134305258895833,2.031630969516652,,1.0212769068285088,True,0.0,0.0,0.0,0.0,0.0,0.0
cmr_98f26503186c693384501157616036cb,Cr:1|N:3|Na:1,fixed_real,template,nitride,Na,Cr,N,False,False,True,True,2b92f48bde0008fe445fd81bc63a032b6121116e2080810acaf3ae6bd7315459,c4be0f035fc77ce3b797c6acf4ead43bec2d631e9e4eae87a5a18397bfe5e312,0.9399900436401367,True,,,3.987454652786255,0.800000011920929,False,CsCrN3,2.2502644192456955e-09,0.975352942943573,2.1948020237124993e-09,9.968464851379395,0.5,2.250813979642885e-09,0.975352942943573,2.1953380390632233e-09,False,True,False,"{""A"": ""Cs"", ""B"": ""Cr"", ""X"": [""N"", ""N"", ""N""]}",composition_incompatible,False,False,0.48084408044815063,0.07001101970672607,0.43134305258895833,0.3753852030370018,,1.6728044179854689,True,0.8521710634231567,0.9998934268951416,472.3978576660156,1.0081737041473389,0.19966773688793182,0.0
cmr_98f26503186c693384501157616036cb,Cr:1|N:3|Na:1,property,zero,nitride,Na,Cr,N,False,False,True,True,2dfba633817046c7f559ed4b93076048435f7e1a90f14eb8035c04b9ebae2537,15ec7bf0b50732b49f8228e07d24365338f9e3ab994b00af08e5a3bffe55fd8b,1.0,True,True,True,165.93185424804688,0.0,False,BeSiBO2,2.9162810385369327e-29,1.4834206085723167e-10,4.3260713929543645e-39,7.537837028503418,0.5,0.9711515307426453,2.920324106980843e-07,2.836077226759094e-07,False,False,False,"{""A"": ""Si"", ""B"": ""B"", ""X"": [""O"", ""O"", ""Be""]}",composition_incompatible,False,False,0.30726850032806396,0.0059545040130615234,0.26370755159588793,1.717773471383627,,0.05995024122215173,True,0.0,0.0,0.0,0.0,0.0,0.0
cmr_98f26503186c693384501157616036cb,Cr:1|N:3|Na:1,property,template,nitride,Na,Cr,N,False,False,True,True,2b92f48bde0008fe445fd81bc63a032b6121116e2080810acaf3ae6bd7315459,c4be0f035fc77ce3b797c6acf4ead43bec2d631e9e4eae87a5a18397bfe5e312,1.0,True,,,1.6706960201263428,0.6000000238418579,False,CsRuN3,0.051316630095243454,0.013085427694022655,0.0006715000526122152,2.7232656478881836,0.0,0.1588817834854126,0.027134841307997704,0.004311231981608321,False,False,False,"{""A"": ""Cs"", ""B"": ""Ru"", ""X"": [""N"", ""N"", ""N""]}",composition_incompatible,False,False,0.30726850032806396,0.0059545040130615234,0.26370755159588793,0.6872982918333825,,1.3277553532240187,True,0.8014158010482788,0.8960857391357422,2291.4140625,3.479363441467285,1.7842308282852173,0.0
cmr_a36c62d0c7f3713321685a5cb6488f21,La:1|Ni:1|O:3,joint,zero,oxide,La,Ni,O,True,True,True,True,2dfba633817046c7f559ed4b93076048435f7e1a90f14eb8035c04b9ebae2537,15ec7bf0b50732b49f8228e07d24365338f9e3ab994b00af08e5a3bffe55fd8b,0.9461871385574341,True,True,True,41.047245025634766,0.4000000059604645,False,MnReAsO2,1.0001731683472016e-27,2.229026385691668e-08,2.229412382506747e-35,17.562206268310547,0.0,2.2621385653565085e-08,2.461168868705954e-08,5.567505013754588e-16,False,False,False,"{""A"": ""As"", ""B"": ""Mn"", ""X"": [""O"", ""O"", ""Re""]}",composition_incompatible,False,False,0.09187161922454834,0.011701583862304688,0.07300283817056394,1.9570733885694758,,0.9019898806320502,True,0.0,0.0,0.0,0.0,0.0,0.0
cmr_a36c62d0c7f3713321685a5cb6488f21,La:1|Ni:1|O:3,joint,template,oxide,La,Ni,O,True,True,True,True,2b92f48bde0008fe445fd81bc63a032b6121116e2080810acaf3ae6bd7315459,c4be0f035fc77ce3b797c6acf4ead43bec2d631e9e4eae87a5a18397bfe5e312,0.9461871385574341,True,,,0.9994317293167114,0.800000011920929,False,LaCuO3,0.9979702830314636,0.006771531421691179,0.006757787129461595,2.4886562824249268,0.5,0.9999994039535522,0.006892564240843058,0.006892560132554626,True,False,False,"{""A"": ""La"", ""B"": ""Cu"", ""X"": [""O"", ""O"", ""O""]}",composition_incompatible,False,False,0.09187161922454834,0.011701583862304688,0.07300283817056394,0.25918340440539517,,1.830485489607337,True,0.6425776481628418,0.9999598264694214,625.9255981445312,1.2293840646743774,0.426667183637619,0.0
cmr_a36c62d0c7f3713321685a5cb6488f21,La:1|Ni:1|O:3,fixed_real,zero,oxide,La,Ni,O,True,True,True,True,2dfba633817046c7f559ed4b93076048435f7e1a90f14eb8035c04b9ebae2537,15ec7bf0b50732b49f8228e07d24365338f9e3ab994b00af08e5a3bffe55fd8b,0.9399900436401367,True,True,True,27.224498748779297,0.20000000298023224,False,TiZnBNO,9.085929846721525e-28,7.368446004220961e-24,6.694918347370719e-51,41.39515686035156,0.0,8.360884684241454e-14,1.3254769095660012e-23,1.1082159592506075e-36,False,False,False,"{""A"": ""B"", ""B"": ""Ti"", ""X"": [""N"", ""Zn"", ""O""]}",composition_incompatible,False,False,0.40187954902648926,0.07001101970672607,0.3454113582716274,2.1039608617871317,,1.0212769068285088,True,0.0,0.0,0.0,0.0,0.0,0.0
cmr_a36c62d0c7f3713321685a5cb6488f21,La:1|Ni:1|O:3,fixed_real,template,oxide,La,Ni,O,True,True,True,True,2b92f48bde0008fe445fd81bc63a032b6121116e2080810acaf3ae6bd7315459,c4be0f035fc77ce3b797c6acf4ead43bec2d631e9e4eae87a5a18397bfe5e312,0.9399900436401367,True,,,21.60613250732422,0.0,False,CsCrN3,6.805712677443454e-12,3.116991435407052e-21,2.1213348127432444e-32,36.46521759033203,0.0,6.80737454253344e-12,3.116991435407052e-21,2.1218528146684731e-32,False,False,False,"{""A"": ""Cs"", ""B"": ""Cr"", ""X"": [""N"", ""N"", ""N""]}",composition_incompatible,False,False,0.40187954902648926,0.07001101970672607,0.3454113582716274,0.41168444896507195,,1.6728044179854689,True,0.8521710634231567,0.9998934268951416,472.3978576660156,1.0081737041473389,0.19966773688793182,0.0
cmr_a36c62d0c7f3713321685a5cb6488f21,La:1|Ni:1|O:3,property,zero,oxide,La,Ni,O,True,True,True,True,2dfba633817046c7f559ed4b93076048435f7e1a90f14eb8035c04b9ebae2537,15ec7bf0b50732b49f8228e07d24365338f9e3ab994b00af08e5a3bffe55fd8b,1.0,True,True,True,486.38726806640625,0.20000000298023224,False,AlAs2NO,1.037770673982898e-38,7.8884980855434e-32,8.186451974947175e-70,49.99929428100586,0.0,9.785959680943222e-15,3.806811559827231e-30,3.7253304437417863e-44,False,False,False,"{""A"": ""As"", ""B"": ""As"", ""X"": [""N"", ""O"", ""Al""]}",composition_incompatible,False,False,0.24596303701400757,0.006090402603149414,0.20327676564900868,1.8264696644021683,,0.3003943571455745,True,0.0,0.0,0.0,0.0,0.0,0.0
cmr_a36c62d0c7f3713321685a5cb6488f21,La:1|Ni:1|O:3,property,template,oxide,La,Ni,O,True,True,True,True,2b92f48bde0008fe445fd81bc63a032b6121116e2080810acaf3ae6bd7315459,c4be0f035fc77ce3b797c6acf4ead43bec2d631e9e4eae87a5a18397bfe5e312,1.0,True,,,1.6091903448104858,0.6000000238418579,False,BaWO3,0.12228436022996902,0.006652979180216789,0.0008135553026761139,3.2777419090270996,0.0,0.17778706550598145,0.00799998827278614,0.001422294439100913,False,False,False,"{""A"": ""Ba"", ""B"": ""W"", ""X"": [""O"", ""O"", ""O""]}",composition_incompatible,False,False,0.24596303701400757,0.006090402603149414,0.20327676564900868,0.7847784334000835,,1.301731793206032,True,0.7462723255157471,0.9480631351470947,3336.08203125,3.937249183654785,2.010962724685669,0.0
cmr_bd8c8bb480ad1e9422f4b5cd79215eba,Cs:1|O:3|W:1,joint,zero,oxide,Cs,W,O,False,False,True,True,2dfba633817046c7f559ed4b93076048435f7e1a90f14eb8035c04b9ebae2537,15ec7bf0b50732b49f8228e07d24365338f9e3ab994b00af08e5a3bffe55fd8b,0.947161853313446,True,True,True,29.482452392578125,0.6000000238418579,False,VO4,2.349502324586739e-20,5.605193857299268e-45,1.3169415997483941e-64,65.01597595214844,0.0,5.931291699109997e-13,5.605193857299268e-45,3.3246039797701497e-57,False,False,False,"{""A"": ""O"", ""B"": ""V"", ""X"": [""O"", ""O"", ""O""]}",composition_incompatible,False,False,0.030655662218729656,0.009756088256835938,0.022106254440682812,2.039360304056823,,1.250115366180342,True,0.0,0.0,0.0,0.0,0.0,0.0
cmr_bd8c8bb480ad1e9422f4b5cd79215eba,Cs:1|O:3|W:1,joint,template,oxide,Cs,W,O,False,False,True,True,2b92f48bde0008fe445fd81bc63a032b6121116e2080810acaf3ae6bd7315459,c4be0f035fc77ce3b797c6acf4ead43bec2d631e9e4eae87a5a18397bfe5e312,0.947161853313446,True,,,0.004471291787922382,1.0,True,CsWO3,0.9863883852958679,0.992561399936676,0.979051036590544,0.009350001811981201,1.0,0.9872050285339355,0.9941944479942322,0.9814737584004263,True,True,True,"{""A"": ""Cs"", ""B"": ""W"", ""X"": [""O"", ""O"", ""O""]}",matched,True,True,0.030655662218729656,0.009756088256835938,0.022106254440682812,0.3489709310942096,0.3489709310942096,1.5045134347332199,True,0.4602433145046234,0.9999983906745911,296.7720947265625,1.8889018297195435,0.6712242364883423,0.0
cmr_bd8c8bb480ad1e9422f4b5cd79215eba,Cs:1|O:3|W:1,fixed_real,zero,oxide,Cs,W,O,False,False,True,True,2dfba633817046c7f559ed4b93076048435f7e1a90f14eb8035c04b9ebae2537,15ec7bf0b50732b49f8228e07d24365338f9e3ab994b00af08e5a3bffe55fd8b,0.9399900436401367,True,True,True,32.241249084472656,0.20000000298023224,False,TiZnBNO,1.407773864528462e-39,6.074060469512436e-23,8.550903580545086e-62,53.93702697753906,0.0,1.2954379195295162e-25,1.0926355888212639e-22,1.415441573986526e-47,False,False,False,"{""A"": ""B"", ""B"": ""Ti"", ""X"": [""N"", ""Zn"", ""O""]}",composition_incompatible,False,False,0.13827860355377197,0.07001101970672607,0.10385661393193572,2.2194155240910782,,1.0212769068285088,True,0.0,0.0,0.0,0.0,0.0,0.0
cmr_bd8c8bb480ad1e9422f4b5cd79215eba,Cs:1|O:3|W:1,fixed_real,template,oxide,Cs,W,O,False,False,True,True,2b92f48bde0008fe445fd81bc63a032b6121116e2080810acaf3ae6bd7315459,c4be0f035fc77ce3b797c6acf4ead43bec2d631e9e4eae87a5a18397bfe5e312,0.9399900436401367,True,,,16.553640365600586,0.20000000298023224,False,CsCrN3,0.9945764541625977,1.9967283725849125e-21,1.9858990247313564e-21,23.833984375,0.5,0.9948205947875977,1.9967283725849125e-21,1.9863865072441946e-21,True,False,False,"{""A"": ""Cs"", ""B"": ""Cr"", ""X"": [""N"", ""N"", ""N""]}",composition_incompatible,False,False,0.13827860355377197,0.07001101970672607,0.10385661393193572,0.40772459146276774,,1.6728044179854689,True,0.8521710634231567,0.9998934268951416,472.3978576660156,1.0081737041473389,0.19966773688793182,0.0
cmr_bd8c8bb480ad1e9422f4b5cd79215eba,Cs:1|O:3|W:1,property,zero,oxide,Cs,W,O,False,False,True,True,2dfba633817046c7f559ed4b93076048435f7e1a90f14eb8035c04b9ebae2537,15ec7bf0b50732b49f8228e07d24365338f9e3ab994b00af08e5a3bffe55fd8b,1.0,True,True,True,141.38247680664062,0.0,False,MgTaSiAsN,7.270752365313124e-23,7.988302380690371e-11,5.808096842924097e-33,8.697975158691406,0.5,0.9999895095825195,2.7863707785513725e-08,2.78634154835865e-08,False,False,False,"{""A"": ""As"", ""B"": ""Si"", ""X"": [""Ta"", ""N"", ""Mg""]}",composition_incompatible,False,False,0.09276419878005981,0.005571842193603516,0.06588995682642045,1.8575513755297242,,0.7757783813639515,True,0.0,0.0,0.0,0.0,0.0,0.0
cmr_bd8c8bb480ad1e9422f4b5cd79215eba,Cs:1|O:3|W:1,property,template,oxide,Cs,W,O,False,False,True,True,2b92f48bde0008fe445fd81bc63a032b6121116e2080810acaf3ae6bd7315459,c4be0f035fc77ce3b797c6acf4ead43bec2d631e9e4eae87a5a18397bfe5e312,1.0,True,,,1.073851466178894,0.800000011920929,False,BaWO3,0.028475571423768997,0.275049090385437,0.007832180018313206,2.3211889266967773,0.5,0.029902959242463112,0.32220080494880676,0.009634757538272976,False,True,False,"{""A"": ""Ba"", ""B"": ""W"", ""X"": [""O"", ""O"", ""O""]}",composition_incompatible,False,False,0.09276419878005981,0.005571842193603516,0.06588995682642045,0.6120024821983044,,1.520175875572365,True,0.9733908772468567,0.9195094108581543,1394.38330078125,3.039473295211792,1.4713407754898071,0.0
cmr_bf604be7ac3009a8fed955cf6716a2df,Fe:1|N:3|Rb:1,joint,zero,nitride,Rb,Fe,N,False,False,True,True,2dfba633817046c7f559ed4b93076048435f7e1a90f14eb8035c04b9ebae2537,15ec7bf0b50732b49f8228e07d24365338f9e3ab994b00af08e5a3bffe55fd8b,0.9391909837722778,True,True,True,22.449344635009766,0.20000000298023224,False,TiBNO2,2.6122526167349055e-37,3.7542696729175873e-10,9.807100777007465e-47,22.58832550048828,0.0,6.389368201187295e-11,3.754663524535573e-10,2.3989927729825405e-20,False,False,False,"{""A"": ""B"", ""B"": ""Ti"", ""X"": [""O"", ""N"", ""O""]}",composition_incompatible,False,False,0.22089272737503052,0.02566695213317871,0.17732634237254874,1.9988365110442166,,0.4842059771187739,True,0.0,0.0,0.0,0.0,0.0,0.0
cmr_bf604be7ac3009a8fed955cf6716a2df,Fe:1|N:3|Rb:1,joint,template,nitride,Rb,Fe,N,False,False,True,True,2b92f48bde0008fe445fd81bc63a032b6121116e2080810acaf3ae6bd7315459,c4be0f035fc77ce3b797c6acf4ead43bec2d631e9e4eae87a5a18397bfe5e312,0.9391909837722778,True,,,0.00043944836943410337,1.0,True,RbFeN3,0.9987354874610901,0.9992470145225525,0.9979834541432204,0.000880494830198586,1.0,0.9987357258796692,0.9995042085647583,0.9982405612607081,True,True,True,"{""A"": ""Rb"", ""B"": ""Fe"", ""X"": [""N"", ""N"", ""N""]}",matched,True,True,0.22089272737503052,0.02566695213317871,0.17732634237254874,0.3848895084068687,0.3848895084068687,1.577223511565753,True,0.8654053807258606,0.9995052218437195,520.7232055664062,0.8252316117286682,0.2298850417137146,0.0
cmr_bf604be7ac3009a8fed955cf6716a2df,Fe:1|N:3|Rb:1,fixed_real,zero,nitride,Rb,Fe,N,False,False,True,True,2dfba633817046c7f559ed4b93076048435f7e1a90f14eb8035c04b9ebae2537,15ec7bf0b50732b49f8228e07d24365338f9e3ab994b00af08e5a3bffe55fd8b,0.9399900436401367,True,True,True,25.50046157836914,0.20000000298023224,False,TiZnBNO,4.897745524987956e-39,1.5590903501561115e-07,7.636027785529e-46,35.57292938232422,0.0,4.506919630670619e-25,2.804578116410994e-07,1.2640008168601937e-31,False,False,False,"{""A"": ""B"", ""B"": ""Ti"", ""X"": [""N"", ""Zn"", ""O""]}",composition_incompatible,False,False,0.31778037548065186,0.07001101970672607,0.2612913042042471,2.10830568976151,,1.0212769068285088,True,0.0,0.0,0.0,0.0,0.0,0.0
cmr_bf604be7ac3009a8fed955cf6716a2df,Fe:1|N:3|Rb:1,fixed_real,template,nitride,Rb,Fe,N,False,False,True,True,2b92f48bde0008fe445fd81bc63a032b6121116e2080810acaf3ae6bd7315459,c4be0f035fc77ce3b797c6acf4ead43bec2d631e9e4eae87a5a18397bfe5e312,0.9399900436401367,True,,,2.410292148590088,0.6000000238418579,False,CsCrN3,0.00516671733930707,0.0011296551674604416,5.836608941155695e-06,6.025557518005371,0.0,0.005167986266314983,0.0011296551674604416,5.838042391107315e-06,False,False,False,"{""A"": ""Cs"", ""B"": ""Cr"", ""X"": [""N"", ""N"", ""N""]}",composition_incompatible,False,False,0.31778037548065186,0.07001101970672607,0.2612913042042471,0.44062498238952585,,1.6728044179854689,True,0.8521710634231567,0.9998934268951416,472.3978576660156,1.0081737041473389,0.19966773688793182,0.0
cmr_bf604be7ac3009a8fed955cf6716a2df,Fe:1|N:3|Rb:1,property,zero,nitride,Rb,Fe,N,False,False,True,True,2dfba633817046c7f559ed4b93076048435f7e1a90f14eb8035c04b9ebae2537,15ec7bf0b50732b49f8228e07d24365338f9e3ab994b00af08e5a3bffe55fd8b,0.9999999403953552,True,True,True,87.85649108886719,0.20000000298023224,False,LaFeSiBN,2.6648107106022453e-30,1.8345466257230214e-09,4.888719497325916e-39,20.03461456298828,0.0,2.7991226957818638e-12,1.4162286561258952e-06,3.964197773778642e-18,False,False,False,"{""A"": ""Si"", ""B"": ""B"", ""X"": [""N"", ""Fe"", ""La""]}",composition_incompatible,False,False,0.223979651927948,0.006566047668457031,0.1799428912897375,2.0255636207968704,,1.0767741270975557,True,0.0,0.0,0.0,0.0,0.0,0.0
cmr_bf604be7ac3009a8fed955cf6716a2df,Fe:1|N:3|Rb:1,property,template,nitride,Rb,Fe,N,False,False,True,True,2b92f48bde0008fe445fd81bc63a032b6121116e2080810acaf3ae6bd7315459,c4be0f035fc77ce3b797c6acf4ead43bec2d631e9e4eae87a5a18397bfe5e312,0.9999999403953552,True,,,1.7912843227386475,0.6000000238418579,False,CsTeN3,0.05773954093456268,0.003530778456479311,0.00020386552721875922,2.872346878051758,0.0,0.2572404146194458,0.01243861485272646,0.003199714442006951,False,False,False,"{""A"": ""Cs"", ""B"": ""Te"", ""X"": [""N"", ""N"", ""N""]}",composition_incompatible,False,False,0.223979651927948,0.006566047668457031,0.1799428912897375,0.7961672392180852,,1.4130019319772267,True,0.8024714589118958,0.9287298917770386,1067.73046875,1.151584267616272,0.6656245589256287,0.0
cmr_dbcef27061099822569740c11818d051,Cs:1|O:3|Pb:1,joint,zero,oxide,Cs,Pb,O,False,False,True,True,2dfba633817046c7f559ed4b93076048435f7e1a90f14eb8035c04b9ebae2537,15ec7bf0b50732b49f8228e07d24365338f9e3ab994b00af08e5a3bffe55fd8b,0.9447021484375,True,True,True,8.446873664855957,0.6000000238418579,False,BaBO3,0.008212336339056492,2.7137114509191186e-16,2.2285911162096795e-18,16.495386123657227,0.0,0.008487063460052013,5.540288822332429e-13,4.702078282215216e-15,False,False,False,"{""A"": ""Ba"", ""B"": ""B"", ""X"": [""O"", ""O"", ""O""]}",composition_incompatible,False,False,0.028568804264068604,0.07582962512969971,0.01910883823770097,2.0353579938946846,,1.0218692957391249,True,0.0,0.0,0.0,0.0,0.0,0.0
cmr_dbcef27061099822569740c11818d051,Cs:1|O:3|Pb:1,joint,template,oxide,Cs,Pb,O,False,False,True,True,2b92f48bde0008fe445fd81bc63a032b6121116e2080810acaf3ae6bd7315459,c4be0f035fc77ce3b797c6acf4ead43bec2d631e9e4eae87a5a18397bfe5e312,0.9447021484375,True,,,0.12068378925323486,1.0,True,CsPbO3,0.988609790802002,0.5532683730125427,0.5469665305012938,0.2701481878757477,1.0,0.9892469048500061,0.5889081358909607,0.5825755506711197,True,True,True,"{""A"": ""Cs"", ""B"": ""Pb"", ""X"": [""O"", ""O"", ""O""]}",matched,True,True,0.028568804264068604,0.07582962512969971,0.01910883823770097,0.510157021041186,0.510157021041186,1.7122424247709314,True,0.6130069494247437,0.9954231977462769,146.47137451171875,1.3702665567398071,0.26621896028518677,0.0
cmr_dbcef27061099822569740c11818d051,Cs:1|O:3|Pb:1,fixed_real,zero,oxide,Cs,Pb,O,False,False,True,True,2dfba633817046c7f559ed4b93076048435f7e1a90f14eb8035c04b9ebae2537,15ec7bf0b50732b49f8228e07d24365338f9e3ab994b00af08e5a3bffe55fd8b,0.9399900436401367,True,True,True,36.334510803222656,0.20000000298023224,False,TiZnBNO,1.407773864528462e-39,7.853668187928536e-32,1.1056188815644399e-70,64.17018127441406,0.0,1.2954379195295162e-25,1.4127614203168367e-31,1.8301447151268074e-56,False,False,False,"{""A"": ""B"", ""B"": ""Ti"", ""X"": [""N"", ""Zn"", ""O""]}",composition_incompatible,False,False,0.24495601654052734,0.07001101970672607,0.1541686668891765,2.4231088618195606,,1.0212769068285088,True,0.0,0.0,0.0,0.0,0.0,0.0
cmr_dbcef27061099822569740c11818d051,Cs:1|O:3|Pb:1,fixed_real,template,oxide,Cs,Pb,O,False,False,True,True,2b92f48bde0008fe445fd81bc63a032b6121116e2080810acaf3ae6bd7315459,c4be0f035fc77ce3b797c6acf4ead43bec2d631e9e4eae87a5a18397bfe5e312,0.9399900436401367,True,,,14.43910026550293,0.20000000298023224,False,CsCrN3,0.9945764541625977,7.798081773954628e-17,7.755788520009773e-17,18.547630310058594,0.5,0.9948205947875977,7.798081773954628e-17,7.757692348567868e-17,True,False,False,"{""A"": ""Cs"", ""B"": ""Cr"", ""X"": [""N"", ""N"", ""N""]}",composition_incompatible,False,False,0.24495601654052734,0.07001101970672607,0.1541686668891765,0.4436806643936367,,1.6728044179854689,True,0.8521710634231567,0.9998934268951416,472.3978576660156,1.0081737041473389,0.19966773688793182,0.0
cmr_dbcef27061099822569740c11818d051,Cs:1|O:3|Pb:1,property,zero,oxide,Cs,Pb,O,False,False,True,True,2dfba633817046c7f559ed4b93076048435f7e1a90f14eb8035c04b9ebae2537,15ec7bf0b50732b49f8228e07d24365338f9e3ab994b00af08e5a3bffe55fd8b,1.0,True,True,True,289.7214050292969,0.0,False,AlBAsHN,2.152252231424499e-28,3.5512149059218355e-27,7.643110205538213e-55,28.15116310119629,0.5,1.0,3.533543173642281e-25,3.533543173642281e-25,False,False,False,"{""A"": ""As"", ""B"": ""B"", ""X"": [""N"", ""H"", ""Al""]}",composition_incompatible,False,False,0.3807494044303894,0.006244182586669922,0.23236463173952845,2.4654834019693337,,0.9992483267519727,True,0.0,0.0,0.0,0.0,0.0,0.0
cmr_dbcef27061099822569740c11818d051,Cs:1|O:3|Pb:1,property,template,oxide,Cs,Pb,O,False,False,True,True,2b92f48bde0008fe445fd81bc63a032b6121116e2080810acaf3ae6bd7315459,c4be0f035fc77ce3b797c6acf4ead43bec2d631e9e4eae87a5a18397bfe5e312,1.0,True,,,2.2343437671661377,0.0,False,BaReN3,0.049713991582393646,0.0055880616419017315,0.0002778048494273995,3.534379243850708,0.0,0.09704475849866867,0.00877213105559349,0.0008512893398087418,False,False,False,"{""A"": ""Ba"", ""B"": ""Re"", ""X"": [""N"", ""N"", ""N""]}",composition_incompatible,False,False,0.3807494044303894,0.006244182586669922,0.23236463173952845,0.990347506854157,,1.2792428690846025,True,0.8216391801834106,0.9359443187713623,1967.6387939453125,3.374040365219116,1.6786597967147827,0.0
cmr_e8bb6f6ece3b11691f6fbdf699fa676a,Ca:1|Co:1|N:3,joint,zero,nitride,Ca,Co,N,False,False,True,True,2dfba633817046c7f559ed4b93076048435f7e1a90f14eb8035c04b9ebae2537,15ec7bf0b50732b49f8228e07d24365338f9e3ab994b00af08e5a3bffe55fd8b,0.9368430972099304,True,True,True,32.77009963989258,0.0,False,Ti2O3,0.0,3.0940754403019355e-09,0.0,41.95207977294922,0.0,9.88546738533049e-29,3.6803373681948415e-09,3.6381855020303157e-37,False,False,False,"{""A"": ""Ti"", ""B"": ""Ti"", ""X"": [""O"", ""O"", ""O""]}",composition_incompatible,False,False,0.11871099472045898,0.004863739013671875,0.09577755203178655,2.0883715409649914,,0.4832491478854985,True,0.0,0.0,0.0,0.0,0.0,0.0
cmr_e8bb6f6ece3b11691f6fbdf699fa676a,Ca:1|Co:1|N:3,joint,template,nitride,Ca,Co,N,False,False,True,True,2b92f48bde0008fe445fd81bc63a032b6121116e2080810acaf3ae6bd7315459,c4be0f035fc77ce3b797c6acf4ead43bec2d631e9e4eae87a5a18397bfe5e312,0.9368430972099304,True,,,0.007932385429739952,1.0,True,CaCoN3,0.9999450445175171,0.9612516760826111,0.9611988500329645,0.00763936061412096,1.0,0.9999974966049194,0.9848398566246033,0.984837391181351,True,True,True,"{""A"": ""Ca"", ""B"": ""Co"", ""X"": [""N"", ""N"", ""N""]}",matched,True,True,0.11871099472045898,0.004863739013671875,0.09577755203178655,0.2559638343832089,0.2559638343832089,1.549920948303321,True,0.9509375691413879,0.9999603629112244,324.8186950683594,0.763207197189331,0.19946356117725372,0.0
cmr_e8bb6f6ece3b11691f6fbdf699fa676a,Ca:1|Co:1|N:3,fixed_real,zero,nitride,Ca,Co,N,False,False,True,True,2dfba633817046c7f559ed4b93076048435f7e1a90f14eb8035c04b9ebae2537,15ec7bf0b50732b49f8228e07d24365338f9e3ab994b00af08e5a3bffe55fd8b,0.9399900436401367,True,True,True,18.590190887451172,0.20000000298023224,False,TiZnBNO,1.0507536037280846e-14,7.359061950414764e-17,7.7325608644565405e-31,18.297258377075195,0.5,0.9669053554534912,1.3237888826877315e-16,1.279978560160561e-16,False,False,False,"{""A"": ""B"", ""B"": ""Ti"", ""X"": [""N"", ""Zn"", ""O""]}",composition_incompatible,False,False,0.4330742359161377,0.07001101970672607,0.37851390453511935,2.0591259069073193,,1.0212769068285088,True,0.0,0.0,0.0,0.0,0.0,0.0
cmr_e8bb6f6ece3b11691f6fbdf699fa676a,Ca:1|Co:1|N:3,fixed_real,template,nitride,Ca,Co,N,False,False,True,True,2b92f48bde0008fe445fd81bc63a032b6121116e2080810acaf3ae6bd7315459,c4be0f035fc77ce3b797c6acf4ead43bec2d631e9e4eae87a5a18397bfe5e312,0.9399900436401367,True,,,8.281562805175781,0.6000000238418579,False,CsCrN3,6.847940881016257e-08,1.518100055386551e-11,1.0395859430754606e-18,20.703731536865234,0.0,6.8496127880735e-08,1.518100055386551e-11,1.0398397552950808e-18,False,False,False,"{""A"": ""Cs"", ""B"": ""Cr"", ""X"": [""N"", ""N"", ""N""]}",composition_incompatible,False,False,0.4330742359161377,0.07001101970672607,0.37851390453511935,0.37598625540299063,,1.6728044179854689,True,0.8521710634231567,0.9998934268951416,472.3978576660156,1.0081737041473389,0.19966773688793182,0.0
cmr_e8bb6f6ece3b11691f6fbdf699fa676a,Ca:1|Co:1|N:3,property,zero,nitride,Ca,Co,N,False,False,True,True,2dfba633817046c7f559ed4b93076048435f7e1a90f14eb8035c04b9ebae2537,15ec7bf0b50732b49f8228e07d24365338f9e3ab994b00af08e5a3bffe55fd8b,1.0,True,True,True,258.6739807128906,0.20000000298023224,False,BeSiBNO,0.0,3.0579723222211048e-15,0.0,48.29493713378906,0.0,1.6503824076505315e-30,6.822826808736138e-13,1.126027333558454e-42,False,False,False,"{""A"": ""Si"", ""B"": ""B"", ""X"": [""N"", ""O"", ""Be""]}",composition_incompatible,False,False,0.2541428804397583,0.005911588668823242,0.21229552710373095,1.841448809442338,,0.43761689129556264,True,0.0,0.0,0.0,0.0,0.0,0.0
cmr_e8bb6f6ece3b11691f6fbdf699fa676a,Ca:1|Co:1|N:3,property,template,nitride,Ca,Co,N,False,False,True,True,2b92f48bde0008fe445fd81bc63a032b6121116e2080810acaf3ae6bd7315459,c4be0f035fc77ce3b797c6acf4ead43bec2d631e9e4eae87a5a18397bfe5e312,1.0,True,,,1.6117874383926392,0.6000000238418579,False,CsRuN3,0.024786116555333138,0.031651195138692856,0.0007845102118232347,2.535778284072876,0.0,0.0903373435139656,0.06943583488464355,0.006272648868153041,False,False,False,"{""A"": ""Cs"", ""B"": ""Ru"", ""X"": [""N"", ""N"", ""N""]}",composition_incompatible,False,False,0.2541428804397583,0.005911588668823242,0.21229552710373095,0.65544710014561,,1.3828203703495807,True,0.7268058657646179,0.891837477684021,3488.25830078125,5.029806137084961,2.066911220550537,0.0
cmr_fa3beecfda0e2ee6c4c5dd7cb9227cca,Ca:1|N:3|Zr:1,joint,zero,nitride,Ca,Zr,N,False,False,True,True,2dfba633817046c7f559ed4b93076048435f7e1a90f14eb8035c04b9ebae2537,15ec7bf0b50732b49f8228e07d24365338f9e3ab994b00af08e5a3bffe55fd8b,0.9412248730659485,True,True,True,33.99542999267578,0.0,False,TiSiSO2,0.0,1.1877007636940107e-05,0.0,38.360496520996094,0.0,4.032916562846316e-29,1.1881686987180728e-05,4.79178522451567e-34,False,False,False,"{""A"": ""Si"", ""B"": ""Ti"", ""X"": [""S"", ""O"", ""O""]}",composition_incompatible,False,False,0.07785677909851074,0.023281574249267578,0.05628971138165176,2.286940664952449,,0.48707295204206097,True,0.0,0.0,0.0,0.0,0.0,0.0
cmr_fa3beecfda0e2ee6c4c5dd7cb9227cca,Ca:1|N:3|Zr:1,joint,template,nitride,Ca,Zr,N,False,False,True,True,2b92f48bde0008fe445fd81bc63a032b6121116e2080810acaf3ae6bd7315459,c4be0f035fc77ce3b797c6acf4ead43bec2d631e9e4eae87a5a18397bfe5e312,0.9412248730659485,True,,,0.07401973754167557,1.0,True,CaZrN3,0.9999634027481079,0.6906982660293579,0.6906729883709346,0.16641618311405182,1.0,0.9999948740005493,0.7168940305709839,0.716890355772577,True,True,True,"{""A"": ""Ca"", ""B"": ""Zr"", ""X"": [""N"", ""N"", ""N""]}",matched,True,True,0.07785677909851074,0.023281574249267578,0.05628971138165176,0.29499267422002146,0.29499267422002146,1.6173268289238938,True,0.9593310356140137,0.9930472373962402,307.0816650390625,0.8616806268692017,0.26669779419898987,0.0
cmr_fa3beecfda0e2ee6c4c5dd7cb9227cca,Ca:1|N:3|Zr:1,fixed_real,zero,nitride,Ca,Zr,N,False,False,True,True,2dfba633817046c7f559ed4b93076048435f7e1a90f14eb8035c04b9ebae2537,15ec7bf0b50732b49f8228e07d24365338f9e3ab994b00af08e5a3bffe55fd8b,0.9399900436401367,True,True,True,13.109167098999023,0.20000000298023224,False,TiZnBNO,1.0507536037280846e-14,5.871037137694657e-05,6.16901343005408e-19,4.594698905944824,0.5,0.9669053554534912,0.00010561147064436227,0.00010211629656335305,False,False,False,"{""A"": ""B"", ""B"": ""Ti"", ""X"": [""N"", ""Zn"", ""O""]}",composition_incompatible,False,False,0.04138559103012085,0.07001101970672607,0.02966255091251685,2.2684570760983553,,1.0212769068285088,True,0.0,0.0,0.0,0.0,0.0,0.0
cmr_fa3beecfda0e2ee6c4c5dd7cb9227cca,Ca:1|N:3|Zr:1,fixed_real,template,nitride,Ca,Zr,N,False,False,True,True,2b92f48bde0008fe445fd81bc63a032b6121116e2080810acaf3ae6bd7315459,c4be0f035fc77ce3b797c6acf4ead43bec2d631e9e4eae87a5a18397bfe5e312,0.9399900436401367,True,,,4.052350997924805,0.6000000238418579,False,CsCrN3,6.847940881016257e-08,0.023169394582509995,1.5866264434996678e-09,10.130705833435059,0.0,6.8496127880735e-08,0.023169394582509995,1.5870138142428134e-09,False,False,False,"{""A"": ""Cs"", ""B"": ""Cr"", ""X"": [""N"", ""N"", ""N""]}",composition_incompatible,False,False,0.04138559103012085,0.07001101970672607,0.02966255091251685,0.4156129437133621,,1.6728044179854689,True,0.8521710634231567,0.9998934268951416,472.3978576660156,1.0081737041473389,0.19966773688793182,0.0
cmr_fa3beecfda0e2ee6c4c5dd7cb9227cca,Ca:1|N:3|Zr:1,property,zero,nitride,Ca,Zr,N,False,False,True,True,2dfba633817046c7f559ed4b93076048435f7e1a90f14eb8035c04b9ebae2537,15ec7bf0b50732b49f8228e07d24365338f9e3ab994b00af08e5a3bffe55fd8b,0.9999999403953552,True,True,True,211.03823852539062,0.0,False,LiSiBO2,0.0,1.469439212087309e-06,0.0,35.47785949707031,0.0,4.796412489217262e-28,0.0003187171241734177,1.5286987949127894e-31,False,False,False,"{""A"": ""Si"", ""B"": ""B"", ""X"": [""O"", ""O"", ""Li""]}",composition_incompatible,False,False,0.13336986303329468,0.005941987037658691,0.09171480286305979,1.9237407881748618,,0.34765388719929674,True,0.0,0.0,0.0,0.0,0.0,0.0
cmr_fa3beecfda0e2ee6c4c5dd7cb9227cca,Ca:1|N:3|Zr:1,property,template,nitride,Ca,Zr,N,False,False,True,True,2b92f48bde0008fe445fd81bc63a032b6121116e2080810acaf3ae6bd7315459,c4be0f035fc77ce3b797c6acf4ead43bec2d631e9e4eae87a5a18397bfe5e312,0.9999999403953552,True,,,2.010683536529541,0.6000000238418579,False,CsRuN3,0.03393465653061867,0.004384323488920927,0.00014878051171565536,3.4934558868408203,0.0,0.10540369898080826,0.00876530259847641,0.0009238953165655039,False,False,False,"{""A"": ""Cs"", ""B"": ""Ru"", ""X"": [""N"", ""N"", ""N""]}",composition_incompatible,False,False,0.13336986303329468,0.005941987037658691,0.09171480286305979,0.737003677244058,,1.3359931427151517,True,0.7756240367889404,0.834399402141571,2285.868896484375,3.0986127853393555,1.6535797119140625,0.0
