material_id,composition_group,latent_arm,seed,resolved_target_seed,family,source_A,source_B,source_X,source_charge_neutral,source_deterministically_exportable,accepted,attempt_budget,attempts_used,constructed_count,sampled_A,sampled_B,sampled_X,source_A_recovered,source_B_recovered,source_AB_recovered,formula,structure_signature,rejection_stage_counts_json,zero_adapter_trace_exact,zero_original_matches_previous_audit,template_trace_matches_unmodified_generation_function,zero_endpoint_formula,template_endpoint_changed_from_zero,attempt_sequence_changed_from_zero,branch_dependent_rng_divergence_recorded
cmr_11dacddcba738021fcb7a8ad9b578f91,Cr:1|Cs:1|N:3,joint,0,1948311718,nitride,Cs,Cr,N,False,False,False,12,12,0,,,,False,False,False,,,"{""charge_compatible_A"": 12}",True,True,True,,False,True,True
cmr_11dacddcba738021fcb7a8ad9b578f91,Cr:1|Cs:1|N:3,joint,1,173270119,nitride,Cs,Cr,N,False,False,False,12,12,0,,,,False,False,False,,,"{""charge_compatible_A"": 12}",True,True,True,,False,True,True
cmr_11dacddcba738021fcb7a8ad9b578f91,Cr:1|Cs:1|N:3,joint,2,1395338148,nitride,Cs,Cr,N,False,False,False,12,12,0,,,,False,False,False,,,"{""charge_compatible_A"": 12}",True,True,True,,False,True,True
cmr_11dacddcba738021fcb7a8ad9b578f91,Cr:1|Cs:1|N:3,fixed_real,0,1948311718,nitride,Cs,Cr,N,False,False,False,12,12,0,,,,False,False,False,,,"{""charge_compatible_A"": 12}",True,True,True,,False,True,True
cmr_11dacddcba738021fcb7a8ad9b578f91,Cr:1|Cs:1|N:3,fixed_real,1,173270119,nitride,Cs,Cr,N,False,False,False,12,12,0,,,,False,False,False,,,"{""charge_compatible_A"": 12}",True,True,True,,False,True,True
cmr_11dacddcba738021fcb7a8ad9b578f91,Cr:1|Cs:1|N:3,fixed_real,2,1395338148,nitride,Cs,Cr,N,False,False,False,12,12,0,,,,False,False,False,,,"{""charge_compatible_A"": 12}",True,True,True,,False,True,True
cmr_11dacddcba738021fcb7a8ad9b578f91,Cr:1|Cs:1|N:3,property,0,1948311718,nitride,Cs,Cr,N,False,False,False,12,12,2,,,,False,False,False,,,"{""charge_compatible_A"": 10, ""tolerance/mu"": 2}",True,True,True,,False,True,True
cmr_11dacddcba738021fcb7a8ad9b578f91,Cr:1|Cs:1|N:3,property,1,173270119,nitride,Cs,Cr,N,False,False,False,12,12,4,,,,False,False,False,,,"{""charge_compatible_A"": 8, ""tolerance/mu"": 4}",True,True,True,,False,True,True
cmr_11dacddcba738021fcb7a8ad9b578f91,Cr:1|Cs:1|N:3,property,2,1395338148,nitride,Cs,Cr,N,False,False,False,12,12,2,,,,False,False,False,,,"{""charge_compatible_A"": 10, ""tolerance/mu"": 2}",True,True,True,,False,True,True
cmr_1ec1f206bf87de79380756d894cc7bc2,K:1|O:3|W:1,joint,0,2035650738,oxide,K,W,O,False,False,True,12,5,1,K,Ta,O,True,False,False,KTaO3,a7cfb79ab6a75be71757704b782faaa4b93e5cca,"{""charge_compatible_A"": 4}",True,True,True,BaVO3,True,True,True
cmr_1ec1f206bf87de79380756d894cc7bc2,K:1|O:3|W:1,joint,1,1252868659,oxide,K,W,O,False,False,True,12,6,1,K,Ta,O,True,False,False,KTaO3,a7cfb79ab6a75be71757704b782faaa4b93e5cca,"{""charge_compatible_A"": 5}",True,True,True,BaVO3,True,True,True
cmr_1ec1f206bf87de79380756d894cc7bc2,K:1|O:3|W:1,joint,2,2111606377,oxide,K,W,O,False,False,True,12,3,1,K,Ta,O,True,False,False,KTaO3,a7cfb79ab6a75be71757704b782faaa4b93e5cca,"{""charge_compatible_A"": 2}",True,True,True,BaVO3,True,True,True
cmr_1ec1f206bf87de79380756d894cc7bc2,K:1|O:3|W:1,fixed_real,0,2035650738,oxide,K,W,O,False,False,False,12,12,12,,,,False,False,False,,,"{""tolerance/mu"": 12}",True,True,True,CaTiO3,True,True,True
cmr_1ec1f206bf87de79380756d894cc7bc2,K:1|O:3|W:1,fixed_real,1,1252868659,oxide,K,W,O,False,False,False,12,12,12,,,,False,False,False,,,"{""tolerance/mu"": 12}",True,True,True,CaTiO3,True,True,True
cmr_1ec1f206bf87de79380756d894cc7bc2,K:1|O:3|W:1,fixed_real,2,2111606377,oxide,K,W,O,False,False,True,12,4,4,Ca,Zr,O,False,False,False,CaZrO3,1433812277b8213f69a83def36231b9e2d70b8c4,"{""tolerance/mu"": 3}",True,True,True,CaTiO3,True,True,True
cmr_1ec1f206bf87de79380756d894cc7bc2,K:1|O:3|W:1,property,0,2035650738,oxide,K,W,O,False,False,True,12,1,1,Na,Nb,O,False,False,False,NaNbO3,5f1dc6be44887bebf2424ef8b40969d9f4d93a4f,{},True,True,True,BaGeO3,True,True,True
cmr_1ec1f206bf87de79380756d894cc7bc2,K:1|O:3|W:1,property,1,1252868659,oxide,K,W,O,False,False,True,12,5,1,Rb,V,O,False,False,False,RbVO3,844d959363e60f6bfa70ef7de7db362fe90537f3,"{""charge_compatible_A"": 4}",True,True,True,BaGeO3,True,True,True
cmr_1ec1f206bf87de79380756d894cc7bc2,K:1|O:3|W:1,property,2,2111606377,oxide,K,W,O,False,False,True,12,3,1,Ba,Ti,O,False,False,False,BaTiO3,37d0beb67e1039eb34bda26368d1f4dc015b9cb3,"{""charge_compatible_A"": 2}",True,True,True,BaGeO3,True,True,True
cmr_20c9853b450e146b0e608362fc2f56d9,Ba:1|O:3|Ta:1,joint,0,1693051458,oxide,Ba,Ta,O,False,False,True,12,1,1,Na,Ta,O,False,True,False,NaTaO3,279da3eb639dc6599500f180e7dd0aa62542174e,{},True,True,True,BaVO3,True,True,True
cmr_20c9853b450e146b0e608362fc2f56d9,Ba:1|O:3|Ta:1,joint,1,387943645,oxide,Ba,Ta,O,False,False,True,12,1,1,Na,Nb,O,False,False,False,NaNbO3,5f1dc6be44887bebf2424ef8b40969d9f4d93a4f,{},True,True,True,BaVO3,True,True,True
cmr_20c9853b450e146b0e608362fc2f56d9,Ba:1|O:3|Ta:1,joint,2,664802364,oxide,Ba,Ta,O,False,False,True,12,1,1,Na,Ta,O,False,True,False,NaTaO3,279da3eb639dc6599500f180e7dd0aa62542174e,{},True,True,True,BaVO3,True,True,True
cmr_20c9853b450e146b0e608362fc2f56d9,Ba:1|O:3|Ta:1,fixed_real,0,1693051458,oxide,Ba,Ta,O,False,False,False,12,12,12,,,,False,False,False,,,"{""tolerance/mu"": 12}",True,True,True,CaTiO3,True,True,True
cmr_20c9853b450e146b0e608362fc2f56d9,Ba:1|O:3|Ta:1,fixed_real,1,387943645,oxide,Ba,Ta,O,False,False,True,12,10,10,Ca,Zr,O,False,False,False,CaZrO3,1433812277b8213f69a83def36231b9e2d70b8c4,"{""tolerance/mu"": 9}",True,True,True,CaTiO3,True,True,True
cmr_20c9853b450e146b0e608362fc2f56d9,Ba:1|O:3|Ta:1,fixed_real,2,664802364,oxide,Ba,Ta,O,False,False,True,12,7,7,Ca,Zr,O,False,False,False,CaZrO3,1433812277b8213f69a83def36231b9e2d70b8c4,"{""tolerance/mu"": 6}",True,True,True,CaTiO3,True,True,True
cmr_20c9853b450e146b0e608362fc2f56d9,Ba:1|O:3|Ta:1,property,0,1693051458,oxide,Ba,Ta,O,False,False,True,12,2,1,K,V,O,False,False,False,KVO3,75c9bc2b87b02f8fae1c7c69d1d3ebe6671215d3,"{""charge_compatible_A"": 1}",True,True,True,BaTiO3,True,True,True
cmr_20c9853b450e146b0e608362fc2f56d9,Ba:1|O:3|Ta:1,property,1,387943645,oxide,Ba,Ta,O,False,False,True,12,1,1,Ca,Zr,O,False,False,False,CaZrO3,1433812277b8213f69a83def36231b9e2d70b8c4,{},True,True,True,BaZrO3,True,True,True
cmr_20c9853b450e146b0e608362fc2f56d9,Ba:1|O:3|Ta:1,property,2,664802364,oxide,Ba,Ta,O,False,False,True,12,2,1,Rb,Ta,O,False,True,False,RbTaO3,24a799c12413efc0b279485f10a1cf343c876c8c,"{""charge_compatible_A"": 1}",True,True,True,BaTiO3,True,True,True
cmr_46250f00f7e8fa01346da84ec7156cba,O:3|Sr:1|Zn:1,joint,0,2035020129,oxide,Sr,Zn,O,False,False,False,12,12,0,,,,False,False,False,,,"{""charge_compatible_A"": 12}",True,True,True,BaGeO3,True,True,True
cmr_46250f00f7e8fa01346da84ec7156cba,O:3|Sr:1|Zn:1,joint,1,2063331082,oxide,Sr,Zn,O,False,False,False,12,12,0,,,,False,False,False,,,"{""charge_compatible_A"": 12}",True,True,True,LaCoO3,True,True,True
cmr_46250f00f7e8fa01346da84ec7156cba,O:3|Sr:1|Zn:1,joint,2,1651481425,oxide,Sr,Zn,O,False,False,False,12,12,0,,,,False,False,False,,,"{""charge_compatible_A"": 12}",True,True,True,BaMnO3,True,True,True
cmr_46250f00f7e8fa01346da84ec7156cba,O:3|Sr:1|Zn:1,fixed_real,0,2035020129,oxide,Sr,Zn,O,False,False,True,12,2,2,Ca,Zr,O,False,False,False,CaZrO3,1433812277b8213f69a83def36231b9e2d70b8c4,"{""tolerance/mu"": 1}",True,True,True,CaTiO3,True,True,True
cmr_46250f00f7e8fa01346da84ec7156cba,O:3|Sr:1|Zn:1,fixed_real,1,2063331082,oxide,Sr,Zn,O,False,False,False,12,12,12,,,,False,False,False,,,"{""tolerance/mu"": 12}",True,True,True,CaTiO3,True,True,True
cmr_46250f00f7e8fa01346da84ec7156cba,O:3|Sr:1|Zn:1,fixed_real,2,1651481425,oxide,Sr,Zn,O,False,False,False,12,12,12,,,,False,False,False,,,"{""tolerance/mu"": 12}",True,True,True,CaTiO3,True,True,True
cmr_46250f00f7e8fa01346da84ec7156cba,O:3|Sr:1|Zn:1,property,0,2035020129,oxide,Sr,Zn,O,False,False,True,12,1,1,K,V,O,False,False,False,KVO3,75c9bc2b87b02f8fae1c7c69d1d3ebe6671215d3,{},True,True,True,BaTiO3,True,True,True
cmr_46250f00f7e8fa01346da84ec7156cba,O:3|Sr:1|Zn:1,property,1,2063331082,oxide,Sr,Zn,O,False,False,True,12,1,1,La,Co,O,False,False,False,LaCoO3,3a110c5c67a8ac4ad8bb446c5bdd4d06b1270f8f,{},True,True,True,BaTiO3,True,True,True
cmr_46250f00f7e8fa01346da84ec7156cba,O:3|Sr:1|Zn:1,property,2,1651481425,oxide,Sr,Zn,O,False,False,True,12,1,1,Sr,Sn,O,True,False,False,SrSnO3,31d2100dfc79c7c2f0a3bfb70b12e58c3236f6ae,{},True,True,True,BaTiO3,True,True,True
cmr_48e3dd02e3ba06e1f0ac4ae4a0ccb197,In:1|O:3|Sr:1,joint,0,2028762028,oxide,Sr,In,O,False,False,False,12,12,12,,,,False,False,False,,,"{""tolerance/mu"": 12}",True,True,True,NaNbO3,True,True,True
cmr_48e3dd02e3ba06e1f0ac4ae4a0ccb197,In:1|O:3|Sr:1,joint,1,1802078460,oxide,Sr,In,O,False,False,False,12,12,12,,,,False,False,False,,,"{""tolerance/mu"": 12}",True,True,True,NaNbO3,True,True,True
cmr_48e3dd02e3ba06e1f0ac4ae4a0ccb197,In:1|O:3|Sr:1,joint,2,1149612613,oxide,Sr,In,O,False,False,False,12,12,12,,,,False,False,False,,,"{""tolerance/mu"": 12}",True,True,True,NaNbO3,True,True,True
cmr_48e3dd02e3ba06e1f0ac4ae4a0ccb197,In:1|O:3|Sr:1,fixed_real,0,2028762028,oxide,Sr,In,O,False,False,False,12,12,12,,,,False,False,False,,,"{""tolerance/mu"": 12}",True,True,True,CaTiO3,True,True,True
cmr_48e3dd02e3ba06e1f0ac4ae4a0ccb197,In:1|O:3|Sr:1,fixed_real,1,1802078460,oxide,Sr,In,O,False,False,True,12,9,9,Ca,Zr,O,False,False,False,CaZrO3,1433812277b8213f69a83def36231b9e2d70b8c4,"{""tolerance/mu"": 8}",True,True,True,CaTiO3,True,True,True
cmr_48e3dd02e3ba06e1f0ac4ae4a0ccb197,In:1|O:3|Sr:1,fixed_real,2,1149612613,oxide,Sr,In,O,False,False,True,12,11,11,Ca,Zr,O,False,False,False,CaZrO3,1433812277b8213f69a83def36231b9e2d70b8c4,"{""tolerance/mu"": 10}",True,True,True,CaTiO3,True,True,True
cmr_48e3dd02e3ba06e1f0ac4ae4a0ccb197,In:1|O:3|Sr:1,property,0,2028762028,oxide,Sr,In,O,False,False,True,12,2,1,Ca,Ge,O,False,False,False,CaGeO3,0d6d41e007a5243eed2f99aa82082f9121c1c7aa,"{""charge_compatible_A"": 1}",True,True,True,BaTiO3,True,True,True
cmr_48e3dd02e3ba06e1f0ac4ae4a0ccb197,In:1|O:3|Sr:1,property,1,1802078460,oxide,Sr,In,O,False,False,True,12,1,1,Na,Nb,O,False,False,False,NaNbO3,5f1dc6be44887bebf2424ef8b40969d9f4d93a4f,{},True,True,True,BaTiO3,True,True,True
cmr_48e3dd02e3ba06e1f0ac4ae4a0ccb197,In:1|O:3|Sr:1,property,2,1149612613,oxide,Sr,In,O,False,False,True,12,1,1,K,Nb,O,False,False,False,KNbO3,98aeedd5f6dee96ffd39b97203a1d5365b337c47,{},True,True,True,BaTiO3,True,True,True
cmr_4a1084fcbabc2f7e867be309d49cbe2b,Na:1|O:3|V:1,joint,0,532965547,oxide,Na,V,O,True,True,True,12,2,2,Na,V,O,True,True,True,NaVO3,e4a6012fa4704c5fb40f25c292e2f2781e8cb034,"{""tolerance/mu"": 1}",True,True,True,BaVO3,True,True,True
cmr_4a1084fcbabc2f7e867be309d49cbe2b,Na:1|O:3|V:1,joint,1,1632524309,oxide,Na,V,O,True,True,True,12,1,1,Na,V,O,True,True,True,NaVO3,e4a6012fa4704c5fb40f25c292e2f2781e8cb034,{},True,True,True,BaVO3,True,True,True
cmr_4a1084fcbabc2f7e867be309d49cbe2b,Na:1|O:3|V:1,joint,2,1190155668,oxide,Na,V,O,True,True,True,12,1,1,Na,V,O,True,True,True,NaVO3,e4a6012fa4704c5fb40f25c292e2f2781e8cb034,{},True,True,True,BaVO3,True,True,True
cmr_4a1084fcbabc2f7e867be309d49cbe2b,Na:1|O:3|V:1,fixed_real,0,532965547,oxide,Na,V,O,True,True,True,12,1,1,Ca,Zr,O,False,False,False,CaZrO3,1433812277b8213f69a83def36231b9e2d70b8c4,{},True,True,True,CaTiO3,True,True,True
cmr_4a1084fcbabc2f7e867be309d49cbe2b,Na:1|O:3|V:1,fixed_real,1,1632524309,oxide,Na,V,O,True,True,False,12,12,12,,,,False,False,False,,,"{""tolerance/mu"": 12}",True,True,True,CaTiO3,True,True,True
cmr_4a1084fcbabc2f7e867be309d49cbe2b,Na:1|O:3|V:1,fixed_real,2,1190155668,oxide,Na,V,O,True,True,False,12,12,12,,,,False,False,False,,,"{""tolerance/mu"": 12}",True,True,True,CaTiO3,True,True,True
cmr_4a1084fcbabc2f7e867be309d49cbe2b,Na:1|O:3|V:1,property,0,532965547,oxide,Na,V,O,True,True,True,12,1,1,La,Sc,O,False,False,False,LaScO3,db48894f55898536e6de4b6be68ba44e60e9e9be,{},True,True,True,BaGeO3,True,True,True
cmr_4a1084fcbabc2f7e867be309d49cbe2b,Na:1|O:3|V:1,property,1,1632524309,oxide,Na,V,O,True,True,True,12,1,1,Sr,Zr,O,False,False,False,SrZrO3,3416b99bea580fbff93e08218d106eba7d81d06b,{},True,True,True,BaGeO3,True,True,True
cmr_4a1084fcbabc2f7e867be309d49cbe2b,Na:1|O:3|V:1,property,2,1190155668,oxide,Na,V,O,True,True,True,12,1,1,Rb,Ta,O,False,False,False,RbTaO3,24a799c12413efc0b279485f10a1cf343c876c8c,{},True,True,True,BaGeO3,True,True,True
cmr_5a86c2636813d6b401520d96410cc7c7,N:3|Na:1|Ti:1,joint,0,1299987885,nitride,Na,Ti,N,False,False,False,12,12,0,,,,False,False,False,,,"{""charge_compatible_A"": 12}",True,True,True,,False,True,True
cmr_5a86c2636813d6b401520d96410cc7c7,N:3|Na:1|Ti:1,joint,1,1483055558,nitride,Na,Ti,N,False,False,False,12,12,0,,,,False,False,False,,,"{""charge_compatible_A"": 12}",True,True,True,,False,True,True
cmr_5a86c2636813d6b401520d96410cc7c7,N:3|Na:1|Ti:1,joint,2,848109430,nitride,Na,Ti,N,False,False,False,12,12,0,,,,False,False,False,,,"{""charge_compatible_A"": 12}",True,True,True,,False,True,True
cmr_5a86c2636813d6b401520d96410cc7c7,N:3|Na:1|Ti:1,fixed_real,0,1299987885,nitride,Na,Ti,N,False,False,False,12,12,0,,,,False,False,False,,,"{""charge_compatible_A"": 12}",True,True,True,,False,True,True
cmr_5a86c2636813d6b401520d96410cc7c7,N:3|Na:1|Ti:1,fixed_real,1,1483055558,nitride,Na,Ti,N,False,False,False,12,12,0,,,,False,False,False,,,"{""charge_compatible_A"": 12}",True,True,True,,False,True,True
cmr_5a86c2636813d6b401520d96410cc7c7,N:3|Na:1|Ti:1,fixed_real,2,848109430,nitride,Na,Ti,N,False,False,False,12,12,0,,,,False,False,False,,,"{""charge_compatible_A"": 12}",True,True,True,,False,True,True
cmr_5a86c2636813d6b401520d96410cc7c7,N:3|Na:1|Ti:1,property,0,1299987885,nitride,Na,Ti,N,False,False,False,12,12,6,,,,False,False,False,,,"{""charge_compatible_A"": 6, ""tolerance/mu"": 6}",True,True,True,,False,True,True
cmr_5a86c2636813d6b401520d96410cc7c7,N:3|Na:1|Ti:1,property,1,1483055558,nitride,Na,Ti,N,False,False,False,12,12,2,,,,False,False,False,,,"{""charge_compatible_A"": 10, ""tolerance/mu"": 2}",True,True,True,,False,True,True
cmr_5a86c2636813d6b401520d96410cc7c7,N:3|Na:1|Ti:1,property,2,848109430,nitride,Na,Ti,N,False,False,False,12,12,1,,,,False,False,False,,,"{""charge_compatible_A"": 11, ""tolerance/mu"": 1}",True,True,True,,False,True,True
cmr_64d9953c18e416a7e01500249a2bbe8d,Ca:1|O:3|Pb:1,joint,0,1420675282,oxide,Ca,Pb,O,True,False,False,12,12,12,,,,False,False,False,,,"{""tolerance/mu"": 12}",True,True,True,RbNbO3,True,True,True
cmr_64d9953c18e416a7e01500249a2bbe8d,Ca:1|O:3|Pb:1,joint,1,972299303,oxide,Ca,Pb,O,True,False,False,12,12,12,,,,False,False,False,,,"{""tolerance/mu"": 12}",True,True,True,RbNbO3,True,True,True
cmr_64d9953c18e416a7e01500249a2bbe8d,Ca:1|O:3|Pb:1,joint,2,221293623,oxide,Ca,Pb,O,True,False,False,12,12,12,,,,False,False,False,,,"{""tolerance/mu"": 12}",True,True,True,RbNbO3,True,True,True
cmr_64d9953c18e416a7e01500249a2bbe8d,Ca:1|O:3|Pb:1,fixed_real,0,1420675282,oxide,Ca,Pb,O,True,False,True,12,7,7,Ca,Zr,O,True,False,False,CaZrO3,1433812277b8213f69a83def36231b9e2d70b8c4,"{""tolerance/mu"": 6}",True,True,True,CaTiO3,True,True,True
cmr_64d9953c18e416a7e01500249a2bbe8d,Ca:1|O:3|Pb:1,fixed_real,1,972299303,oxide,Ca,Pb,O,True,False,False,12,12,12,,,,False,False,False,,,"{""tolerance/mu"": 12}",True,True,True,CaTiO3,True,True,True
cmr_64d9953c18e416a7e01500249a2bbe8d,Ca:1|O:3|Pb:1,fixed_real,2,221293623,oxide,Ca,Pb,O,True,False,False,12,12,12,,,,False,False,False,,,"{""tolerance/mu"": 12}",True,True,True,CaTiO3,True,True,True
cmr_64d9953c18e416a7e01500249a2bbe8d,Ca:1|O:3|Pb:1,property,0,1420675282,oxide,Ca,Pb,O,True,False,True,12,3,2,La,Al,O,False,False,False,LaAlO3,3fd034891f2d2516ac646e13011b8785bc4e7c09,"{""charge_compatible_A"": 1, ""tolerance/mu"": 1}",True,True,True,BaTiO3,True,True,True
cmr_64d9953c18e416a7e01500249a2bbe8d,Ca:1|O:3|Pb:1,property,1,972299303,oxide,Ca,Pb,O,True,False,True,12,1,1,Sr,Sn,O,False,False,False,SrSnO3,31d2100dfc79c7c2f0a3bfb70b12e58c3236f6ae,{},True,True,True,BaTiO3,True,True,True
cmr_64d9953c18e416a7e01500249a2bbe8d,Ca:1|O:3|Pb:1,property,2,221293623,oxide,Ca,Pb,O,True,False,True,12,4,2,K,Nb,O,False,False,False,KNbO3,98aeedd5f6dee96ffd39b97203a1d5365b337c47,"{""charge_compatible_A"": 2, ""tolerance/mu"": 1}",True,True,True,BaTiO3,True,True,True
cmr_682785369aa2b3971943559ce4e3b0ca,Ge:1|La:1|O:3,joint,0,212640199,oxide,La,Ge,O,False,False,True,12,1,1,Ca,Ge,O,False,True,False,CaGeO3,0d6d41e007a5243eed2f99aa82082f9121c1c7aa,{},True,True,True,LaFeO3,True,True,True
cmr_682785369aa2b3971943559ce4e3b0ca,Ge:1|La:1|O:3,joint,1,2118421850,oxide,La,Ge,O,False,False,True,12,1,1,Ca,Ge,O,False,True,False,CaGeO3,0d6d41e007a5243eed2f99aa82082f9121c1c7aa,{},True,True,True,BaZrO3,True,True,True
cmr_682785369aa2b3971943559ce4e3b0ca,Ge:1|La:1|O:3,joint,2,769161509,oxide,La,Ge,O,False,False,True,12,1,1,Ca,Ge,O,False,True,False,CaGeO3,0d6d41e007a5243eed2f99aa82082f9121c1c7aa,{},True,True,True,BaZrO3,True,True,True
cmr_682785369aa2b3971943559ce4e3b0ca,Ge:1|La:1|O:3,fixed_real,0,212640199,oxide,La,Ge,O,False,False,True,12,7,7,Ca,Zr,O,False,False,False,CaZrO3,1433812277b8213f69a83def36231b9e2d70b8c4,"{""tolerance/mu"": 6}",True,True,True,CaTiO3,True,True,True
cmr_682785369aa2b3971943559ce4e3b0ca,Ge:1|La:1|O:3,fixed_real,1,2118421850,oxide,La,Ge,O,False,False,False,12,12,12,,,,False,False,False,,,"{""tolerance/mu"": 12}",True,True,True,CaTiO3,True,True,True
cmr_682785369aa2b3971943559ce4e3b0ca,Ge:1|La:1|O:3,fixed_real,2,769161509,oxide,La,Ge,O,False,False,True,12,2,2,Ca,Zr,O,False,False,False,CaZrO3,1433812277b8213f69a83def36231b9e2d70b8c4,"{""tolerance/mu"": 1}",True,True,True,CaTiO3,True,True,True
cmr_682785369aa2b3971943559ce4e3b0ca,Ge:1|La:1|O:3,property,0,212640199,oxide,La,Ge,O,False,False,True,12,1,1,Ba,Ge,O,False,True,False,BaGeO3,9632eb9ee1ec2b9f6af954d2e36b638340e022ba,{},True,True,True,BaTiO3,True,True,True
cmr_682785369aa2b3971943559ce4e3b0ca,Ge:1|La:1|O:3,property,1,2118421850,oxide,La,Ge,O,False,False,True,12,2,1,La,Fe,O,True,False,False,LaFeO3,27d1dbbe33732dac64781bd052c7ae748a2d08c6,"{""charge_compatible_A"": 1}",True,True,True,BaTiO3,True,True,True
cmr_682785369aa2b3971943559ce4e3b0ca,Ge:1|La:1|O:3,property,2,769161509,oxide,La,Ge,O,False,False,True,12,2,1,Na,Nb,O,False,False,False,NaNbO3,5f1dc6be44887bebf2424ef8b40969d9f4d93a4f,"{""charge_compatible_A"": 1}",True,True,True,BaTiO3,True,True,True
cmr_78c26d513a55ceb0d9345ce3cdf39c24,K:1|Ni:1|O:3,joint,0,839154196,oxide,K,Ni,O,False,False,True,12,1,1,La,Ni,O,False,True,False,LaNiO3,94a42d2a3b5151a586060960a19ba3c32c0a8081,{},True,True,True,LaFeO3,True,True,True
cmr_78c26d513a55ceb0d9345ce3cdf39c24,K:1|Ni:1|O:3,joint,1,1564347484,oxide,K,Ni,O,False,False,True,12,1,1,La,Ni,O,False,True,False,LaNiO3,94a42d2a3b5151a586060960a19ba3c32c0a8081,{},True,True,True,LaFeO3,True,True,True
cmr_78c26d513a55ceb0d9345ce3cdf39c24,K:1|Ni:1|O:3,joint,2,1450483559,oxide,K,Ni,O,False,False,True,12,1,1,La,Ni,O,False,True,False,LaNiO3,94a42d2a3b5151a586060960a19ba3c32c0a8081,{},True,True,True,LaFeO3,True,True,True
cmr_78c26d513a55ceb0d9345ce3cdf39c24,K:1|Ni:1|O:3,fixed_real,0,839154196,oxide,K,Ni,O,False,False,False,12,12,12,,,,False,False,False,,,"{""tolerance/mu"": 12}",True,True,True,CaTiO3,True,True,True
cmr_78c26d513a55ceb0d9345ce3cdf39c24,K:1|Ni:1|O:3,fixed_real,1,1564347484,oxide,K,Ni,O,False,False,False,12,12,12,,,,False,False,False,,,"{""tolerance/mu"": 12}",True,True,True,CaTiO3,True,True,True
cmr_78c26d513a55ceb0d9345ce3cdf39c24,K:1|Ni:1|O:3,fixed_real,2,1450483559,oxide,K,Ni,O,False,False,False,12,12,12,,,,False,False,False,,,"{""tolerance/mu"": 12}",True,True,True,CaTiO3,True,True,True
cmr_78c26d513a55ceb0d9345ce3cdf39c24,K:1|Ni:1|O:3,property,0,839154196,oxide,K,Ni,O,False,False,True,12,1,1,La,Fe,O,False,False,False,LaFeO3,27d1dbbe33732dac64781bd052c7ae748a2d08c6,{},True,True,True,BaTiO3,True,True,True
cmr_78c26d513a55ceb0d9345ce3cdf39c24,K:1|Ni:1|O:3,property,1,1564347484,oxide,K,Ni,O,False,False,True,12,1,1,La,Co,O,False,False,False,LaCoO3,3a110c5c67a8ac4ad8bb446c5bdd4d06b1270f8f,{},True,True,True,BaTiO3,True,True,True
cmr_78c26d513a55ceb0d9345ce3cdf39c24,K:1|Ni:1|O:3,property,2,1450483559,oxide,K,Ni,O,False,False,True,12,2,1,Ca,Ge,O,False,False,False,CaGeO3,0d6d41e007a5243eed2f99aa82082f9121c1c7aa,"{""charge_compatible_A"": 1}",True,True,True,BaTiO3,True,True,True
cmr_898ee445e8ccfce566bb0883e7821189,Mo:1|N:3|Na:1,joint,0,18939464,nitride,Na,Mo,N,False,False,False,12,12,12,,,,False,False,False,,,"{""tolerance/mu"": 12}",True,True,True,,False,True,True
cmr_898ee445e8ccfce566bb0883e7821189,Mo:1|N:3|Na:1,joint,1,475830300,nitride,Na,Mo,N,False,False,False,12,12,12,,,,False,False,False,,,"{""tolerance/mu"": 12}",True,True,True,,False,True,True
cmr_898ee445e8ccfce566bb0883e7821189,Mo:1|N:3|Na:1,joint,2,1564246596,nitride,Na,Mo,N,False,False,False,12,12,11,,,,False,False,False,,,"{""charge_compatible_A"": 1, ""tolerance/mu"": 11}",True,True,True,,False,True,True
cmr_898ee445e8ccfce566bb0883e7821189,Mo:1|N:3|Na:1,fixed_real,0,18939464,nitride,Na,Mo,N,False,False,False,12,12,0,,,,False,False,False,,,"{""charge_compatible_A"": 12}",True,True,True,,False,True,True
cmr_898ee445e8ccfce566bb0883e7821189,Mo:1|N:3|Na:1,fixed_real,1,475830300,nitride,Na,Mo,N,False,False,False,12,12,0,,,,False,False,False,,,"{""charge_compatible_A"": 12}",True,True,True,,False,True,True
cmr_898ee445e8ccfce566bb0883e7821189,Mo:1|N:3|Na:1,fixed_real,2,1564246596,nitride,Na,Mo,N,False,False,False,12,12,0,,,,False,False,False,,,"{""charge_compatible_A"": 12}",True,True,True,,False,True,True
cmr_898ee445e8ccfce566bb0883e7821189,Mo:1|N:3|Na:1,property,0,18939464,nitride,Na,Mo,N,False,False,False,12,12,2,,,,False,False,False,,,"{""charge_compatible_A"": 10, ""tolerance/mu"": 2}",True,True,True,,False,True,True
cmr_898ee445e8ccfce566bb0883e7821189,Mo:1|N:3|Na:1,property,1,475830300,nitride,Na,Mo,N,False,False,False,12,12,4,,,,False,False,False,,,"{""charge_compatible_A"": 8, ""tolerance/mu"": 4}",True,True,True,,False,True,True
cmr_898ee445e8ccfce566bb0883e7821189,Mo:1|N:3|Na:1,property,2,1564246596,nitride,Na,Mo,N,False,False,False,12,12,1,,,,False,False,False,,,"{""charge_compatible_A"": 11, ""tolerance/mu"": 1}",True,True,True,,False,True,True
cmr_92838ea148c813c166057e99bfae3d39,Ca:1|N:3|W:1,joint,0,561182679,nitride,Ca,W,N,False,False,False,12,12,12,,,,False,False,False,,,"{""tolerance/mu"": 12}",True,True,True,,False,True,True
cmr_92838ea148c813c166057e99bfae3d39,Ca:1|N:3|W:1,joint,1,1575805938,nitride,Ca,W,N,False,False,False,12,12,12,,,,False,False,False,,,"{""tolerance/mu"": 12}",True,True,True,,False,True,True
cmr_92838ea148c813c166057e99bfae3d39,Ca:1|N:3|W:1,joint,2,50084768,nitride,Ca,W,N,False,False,False,12,12,12,,,,False,False,False,,,"{""tolerance/mu"": 12}",True,True,True,,False,True,True
cmr_92838ea148c813c166057e99bfae3d39,Ca:1|N:3|W:1,fixed_real,0,561182679,nitride,Ca,W,N,False,False,False,12,12,0,,,,False,False,False,,,"{""charge_compatible_A"": 12}",True,True,True,,False,True,True
cmr_92838ea148c813c166057e99bfae3d39,Ca:1|N:3|W:1,fixed_real,1,1575805938,nitride,Ca,W,N,False,False,False,12,12,0,,,,False,False,False,,,"{""charge_compatible_A"": 12}",True,True,True,,False,True,True
cmr_92838ea148c813c166057e99bfae3d39,Ca:1|N:3|W:1,fixed_real,2,50084768,nitride,Ca,W,N,False,False,False,12,12,0,,,,False,False,False,,,"{""charge_compatible_A"": 12}",True,True,True,,False,True,True
cmr_92838ea148c813c166057e99bfae3d39,Ca:1|N:3|W:1,property,0,561182679,nitride,Ca,W,N,False,False,False,12,12,6,,,,False,False,False,,,"{""charge_compatible_A"": 6, ""tolerance/mu"": 6}",True,True,True,,False,True,True
cmr_92838ea148c813c166057e99bfae3d39,Ca:1|N:3|W:1,property,1,1575805938,nitride,Ca,W,N,False,False,False,12,12,5,,,,False,False,False,,,"{""charge_compatible_A"": 7, ""tolerance/mu"": 5}",True,True,True,,False,True,True
cmr_92838ea148c813c166057e99bfae3d39,Ca:1|N:3|W:1,property,2,50084768,nitride,Ca,W,N,False,False,False,12,12,8,,,,False,False,False,,,"{""charge_compatible_A"": 4, ""tolerance/mu"": 8}",True,True,True,,False,True,True
cmr_9747df17e8f2ed98427d905413929dd6,K:1|N:3|Ni:1,joint,0,559444170,nitride,K,Ni,N,False,False,False,12,12,0,,,,False,False,False,,,"{""charge_compatible_A"": 12}",True,True,True,,False,True,True
cmr_9747df17e8f2ed98427d905413929dd6,K:1|N:3|Ni:1,joint,1,1683872028,nitride,K,Ni,N,False,False,False,12,12,0,,,,False,False,False,,,"{""charge_compatible_A"": 12}",True,True,True,,False,True,True
cmr_9747df17e8f2ed98427d905413929dd6,K:1|N:3|Ni:1,joint,2,2135997872,nitride,K,Ni,N,False,False,False,12,12,0,,,,False,False,False,,,"{""charge_compatible_A"": 12}",True,True,True,,False,True,True
cmr_9747df17e8f2ed98427d905413929dd6,K:1|N:3|Ni:1,fixed_real,0,559444170,nitride,K,Ni,N,False,False,False,12,12,0,,,,False,False,False,,,"{""charge_compatible_A"": 12}",True,True,True,,False,True,True
cmr_9747df17e8f2ed98427d905413929dd6,K:1|N:3|Ni:1,fixed_real,1,1683872028,nitride,K,Ni,N,False,False,False,12,12,0,,,,False,False,False,,,"{""charge_compatible_A"": 12}",True,True,True,,False,True,True
cmr_9747df17e8f2ed98427d905413929dd6,K:1|N:3|Ni:1,fixed_real,2,2135997872,nitride,K,Ni,N,False,False,False,12,12,0,,,,False,False,False,,,"{""charge_compatible_A"": 12}",True,True,True,,False,True,True
cmr_9747df17e8f2ed98427d905413929dd6,K:1|N:3|Ni:1,property,0,559444170,nitride,K,Ni,N,False,False,False,12,12,2,,,,False,False,False,,,"{""charge_compatible_A"": 10, ""tolerance/mu"": 2}",True,True,True,,False,True,True
cmr_9747df17e8f2ed98427d905413929dd6,K:1|N:3|Ni:1,property,1,1683872028,nitride,K,Ni,N,False,False,False,12,12,0,,,,False,False,False,,,"{""charge_compatible_A"": 12}",True,True,True,,False,True,True
cmr_9747df17e8f2ed98427d905413929dd6,K:1|N:3|Ni:1,property,2,2135997872,nitride,K,Ni,N,False,False,False,12,12,1,,,,False,False,False,,,"{""charge_compatible_A"": 11, ""tolerance/mu"": 1}",True,True,True,,False,True,True
cmr_98f26503186c693384501157616036cb,Cr:1|N:3|Na:1,joint,0,324450895,nitride,Na,Cr,N,False,False,False,12,12,0,,,,False,False,False,,,"{""charge_compatible_A"": 12}",True,True,True,,False,True,True
cmr_98f26503186c693384501157616036cb,Cr:1|N:3|Na:1,joint,1,1097403655,nitride,Na,Cr,N,False,False,False,12,12,0,,,,False,False,False,,,"{""charge_compatible_A"": 12}",True,True,True,,False,True,True
cmr_98f26503186c693384501157616036cb,Cr:1|N:3|Na:1,joint,2,1254319080,nitride,Na,Cr,N,False,False,False,12,12,0,,,,False,False,False,,,"{""charge_compatible_A"": 12}",True,True,True,,False,True,True
cmr_98f26503186c693384501157616036cb,Cr:1|N:3|Na:1,fixed_real,0,324450895,nitride,Na,Cr,N,False,False,False,12,12,0,,,,False,False,False,,,"{""charge_compatible_A"": 12}",True,True,True,,False,True,True
cmr_98f26503186c693384501157616036cb,Cr:1|N:3|Na:1,fixed_real,1,1097403655,nitride,Na,Cr,N,False,False,False,12,12,0,,,,False,False,False,,,"{""charge_compatible_A"": 12}",True,True,True,,False,True,True
cmr_98f26503186c693384501157616036cb,Cr:1|N:3|Na:1,fixed_real,2,1254319080,nitride,Na,Cr,N,False,False,False,12,12,0,,,,False,False,False,,,"{""charge_compatible_A"": 12}",True,True,True,,False,True,True
cmr_98f26503186c693384501157616036cb,Cr:1|N:3|Na:1,property,0,324450895,nitride,Na,Cr,N,False,False,False,12,12,3,,,,False,False,False,,,"{""charge_compatible_A"": 9, ""tolerance/mu"": 3}",True,True,True,,False,True,True
cmr_98f26503186c693384501157616036cb,Cr:1|N:3|Na:1,property,1,1097403655,nitride,Na,Cr,N,False,False,False,12,12,2,,,,False,False,False,,,"{""charge_compatible_A"": 10, ""tolerance/mu"": 2}",True,True,True,,False,True,True
cmr_98f26503186c693384501157616036cb,Cr:1|N:3|Na:1,property,2,1254319080,nitride,Na,Cr,N,False,False,False,12,12,2,,,,False,False,False,,,"{""charge_compatible_A"": 10, ""tolerance/mu"": 2}",True,True,True,,False,True,True
cmr_a36c62d0c7f3713321685a5cb6488f21,La:1|Ni:1|O:3,joint,0,1289465058,oxide,La,Ni,O,True,True,False,12,12,0,,,,False,False,False,,,"{""charge_compatible_A"": 12}",True,True,True,BaMnO3,True,True,True
cmr_a36c62d0c7f3713321685a5cb6488f21,La:1|Ni:1|O:3,joint,1,824227129,oxide,La,Ni,O,True,True,False,12,12,0,,,,False,False,False,,,"{""charge_compatible_A"": 12}",True,True,True,BaMnO3,True,True,True
cmr_a36c62d0c7f3713321685a5cb6488f21,La:1|Ni:1|O:3,joint,2,722206096,oxide,La,Ni,O,True,True,False,12,12,0,,,,False,False,False,,,"{""charge_compatible_A"": 12}",True,True,True,BaMnO3,True,True,True
cmr_a36c62d0c7f3713321685a5cb6488f21,La:1|Ni:1|O:3,fixed_real,0,1289465058,oxide,La,Ni,O,True,True,False,12,12,12,,,,False,False,False,,,"{""tolerance/mu"": 12}",True,True,True,CaTiO3,True,True,True
cmr_a36c62d0c7f3713321685a5cb6488f21,La:1|Ni:1|O:3,fixed_real,1,824227129,oxide,La,Ni,O,True,True,True,12,2,2,Ca,Zr,O,False,False,False,CaZrO3,1433812277b8213f69a83def36231b9e2d70b8c4,"{""tolerance/mu"": 1}",True,True,True,CaTiO3,True,True,True
cmr_a36c62d0c7f3713321685a5cb6488f21,La:1|Ni:1|O:3,fixed_real,2,722206096,oxide,La,Ni,O,True,True,False,12,12,12,,,,False,False,False,,,"{""tolerance/mu"": 12}",True,True,True,CaTiO3,True,True,True
cmr_a36c62d0c7f3713321685a5cb6488f21,La:1|Ni:1|O:3,property,0,1289465058,oxide,La,Ni,O,True,True,True,12,4,3,Na,V,O,False,False,False,NaVO3,e4a6012fa4704c5fb40f25c292e2f2781e8cb034,"{""charge_compatible_A"": 1, ""tolerance/mu"": 2}",True,True,True,BaTiO3,True,True,True
cmr_a36c62d0c7f3713321685a5cb6488f21,La:1|Ni:1|O:3,property,1,824227129,oxide,La,Ni,O,True,True,True,12,1,1,Sr,V,O,False,False,False,SrVO3,a37db3f45fd59ce2260ae24cd2abad09f5e6375d,{},True,True,True,BaTiO3,True,True,True
cmr_a36c62d0c7f3713321685a5cb6488f21,La:1|Ni:1|O:3,property,2,722206096,oxide,La,Ni,O,True,True,True,12,1,1,K,Ta,O,False,False,False,KTaO3,a7cfb79ab6a75be71757704b782faaa4b93e5cca,{},True,True,True,BaTiO3,True,True,True
cmr_bd8c8bb480ad1e9422f4b5cd79215eba,Cs:1|O:3|W:1,joint,0,1735735411,oxide,Cs,W,O,False,False,False,12,12,0,,,,False,False,False,,,"{""charge_compatible_A"": 12}",True,True,True,BaVO3,True,True,True
cmr_bd8c8bb480ad1e9422f4b5cd79215eba,Cs:1|O:3|W:1,joint,1,1498718546,oxide,Cs,W,O,False,False,False,12,12,0,,,,False,False,False,,,"{""charge_compatible_A"": 12}",True,True,True,BaVO3,True,True,True
cmr_bd8c8bb480ad1e9422f4b5cd79215eba,Cs:1|O:3|W:1,joint,2,939238687,oxide,Cs,W,O,False,False,False,12,12,0,,,,False,False,False,,,"{""charge_compatible_A"": 12}",True,True,True,BaVO3,True,True,True
cmr_bd8c8bb480ad1e9422f4b5cd79215eba,Cs:1|O:3|W:1,fixed_real,0,1735735411,oxide,Cs,W,O,False,False,False,12,12,12,,,,False,False,False,,,"{""tolerance/mu"": 12}",True,True,True,CaTiO3,True,True,True
cmr_bd8c8bb480ad1e9422f4b5cd79215eba,Cs:1|O:3|W:1,fixed_real,1,1498718546,oxide,Cs,W,O,False,False,True,12,8,8,Ca,Zr,O,False,False,False,CaZrO3,1433812277b8213f69a83def36231b9e2d70b8c4,"{""tolerance/mu"": 7}",True,True,True,CaTiO3,True,True,True
cmr_bd8c8bb480ad1e9422f4b5cd79215eba,Cs:1|O:3|W:1,fixed_real,2,939238687,oxide,Cs,W,O,False,False,False,12,12,12,,,,False,False,False,,,"{""tolerance/mu"": 12}",True,True,True,CaTiO3,True,True,True
cmr_bd8c8bb480ad1e9422f4b5cd79215eba,Cs:1|O:3|W:1,property,0,1735735411,oxide,Cs,W,O,False,False,True,12,2,1,Rb,Nb,O,False,False,False,RbNbO3,782360da7fb96165075cbd4ac036a16aedaf6314,"{""charge_compatible_A"": 1}",True,True,True,BaGeO3,True,True,True
cmr_bd8c8bb480ad1e9422f4b5cd79215eba,Cs:1|O:3|W:1,property,1,1498718546,oxide,Cs,W,O,False,False,True,12,1,1,Sr,V,O,False,False,False,SrVO3,a37db3f45fd59ce2260ae24cd2abad09f5e6375d,{},True,True,True,CsNbO3,True,True,True
cmr_bd8c8bb480ad1e9422f4b5cd79215eba,Cs:1|O:3|W:1,property,2,939238687,oxide,Cs,W,O,False,False,True,12,2,1,Ba,Ti,O,False,False,False,BaTiO3,37d0beb67e1039eb34bda26368d1f4dc015b9cb3,"{""charge_compatible_A"": 1}",True,True,True,BaGeO3,True,True,True
cmr_bf604be7ac3009a8fed955cf6716a2df,Fe:1|N:3|Rb:1,joint,0,902995535,nitride,Rb,Fe,N,False,False,False,12,12,0,,,,False,False,False,,,"{""charge_compatible_A"": 12}",True,True,True,,False,True,True
cmr_bf604be7ac3009a8fed955cf6716a2df,Fe:1|N:3|Rb:1,joint,1,816950790,nitride,Rb,Fe,N,False,False,False,12,12,0,,,,False,False,False,,,"{""charge_compatible_A"": 12}",True,True,True,,False,True,True
cmr_bf604be7ac3009a8fed955cf6716a2df,Fe:1|N:3|Rb:1,joint,2,682041290,nitride,Rb,Fe,N,False,False,False,12,12,0,,,,False,False,False,,,"{""charge_compatible_A"": 12}",True,True,True,,False,True,True
cmr_bf604be7ac3009a8fed955cf6716a2df,Fe:1|N:3|Rb:1,fixed_real,0,902995535,nitride,Rb,Fe,N,False,False,False,12,12,0,,,,False,False,False,,,"{""charge_compatible_A"": 12}",True,True,True,,False,True,True
cmr_bf604be7ac3009a8fed955cf6716a2df,Fe:1|N:3|Rb:1,fixed_real,1,816950790,nitride,Rb,Fe,N,False,False,False,12,12,0,,,,False,False,False,,,"{""charge_compatible_A"": 12}",True,True,True,,False,True,True
cmr_bf604be7ac3009a8fed955cf6716a2df,Fe:1|N:3|Rb:1,fixed_real,2,682041290,nitride,Rb,Fe,N,False,False,False,12,12,0,,,,False,False,False,,,"{""charge_compatible_A"": 12}",True,True,True,,False,True,True
cmr_bf604be7ac3009a8fed955cf6716a2df,Fe:1|N:3|Rb:1,property,0,902995535,nitride,Rb,Fe,N,False,False,False,12,12,3,,,,False,False,False,,,"{""charge_compatible_A"": 9, ""tolerance/mu"": 3}",True,True,True,,False,True,True
cmr_bf604be7ac3009a8fed955cf6716a2df,Fe:1|N:3|Rb:1,property,1,816950790,nitride,Rb,Fe,N,False,False,False,12,12,0,,,,False,False,False,,,"{""charge_compatible_A"": 12}",True,True,True,,False,True,True
cmr_bf604be7ac3009a8fed955cf6716a2df,Fe:1|N:3|Rb:1,property,2,682041290,nitride,Rb,Fe,N,False,False,False,12,12,3,,,,False,False,False,,,"{""charge_compatible_A"": 9, ""tolerance/mu"": 3}",True,True,True,,False,True,True
cmr_dbcef27061099822569740c11818d051,Cs:1|O:3|Pb:1,joint,0,788741404,oxide,Cs,Pb,O,False,False,False,12,12,12,,,,False,False,False,,,"{""tolerance/mu"": 12}",True,True,True,BaTiO3,True,True,True
cmr_dbcef27061099822569740c11818d051,Cs:1|O:3|Pb:1,joint,1,858619172,oxide,Cs,Pb,O,False,False,False,12,12,12,,,,False,False,False,,,"{""tolerance/mu"": 12}",True,True,True,BaTiO3,True,True,True
cmr_dbcef27061099822569740c11818d051,Cs:1|O:3|Pb:1,joint,2,25749433,oxide,Cs,Pb,O,False,False,False,12,12,12,,,,False,False,False,,,"{""tolerance/mu"": 12}",True,True,True,SrTiO3,True,True,True
cmr_dbcef27061099822569740c11818d051,Cs:1|O:3|Pb:1,fixed_real,0,788741404,oxide,Cs,Pb,O,False,False,True,12,9,9,Ca,Zr,O,False,False,False,CaZrO3,1433812277b8213f69a83def36231b9e2d70b8c4,"{""tolerance/mu"": 8}",True,True,True,CaTiO3,True,True,True
cmr_dbcef27061099822569740c11818d051,Cs:1|O:3|Pb:1,fixed_real,1,858619172,oxide,Cs,Pb,O,False,False,True,12,2,2,Ca,Zr,O,False,False,False,CaZrO3,1433812277b8213f69a83def36231b9e2d70b8c4,"{""tolerance/mu"": 1}",True,True,True,CaTiO3,True,True,True
cmr_dbcef27061099822569740c11818d051,Cs:1|O:3|Pb:1,fixed_real,2,25749433,oxide,Cs,Pb,O,False,False,True,12,4,4,Sr,Zr,O,False,False,False,SrZrO3,3416b99bea580fbff93e08218d106eba7d81d06b,"{""tolerance/mu"": 3}",True,True,True,CaTiO3,True,True,True
cmr_dbcef27061099822569740c11818d051,Cs:1|O:3|Pb:1,property,0,788741404,oxide,Cs,Pb,O,False,False,True,12,4,2,La,Co,O,False,False,False,LaCoO3,3a110c5c67a8ac4ad8bb446c5bdd4d06b1270f8f,"{""charge_compatible_A"": 2, ""tolerance/mu"": 1}",True,True,True,BaTiO3,True,True,True
cmr_dbcef27061099822569740c11818d051,Cs:1|O:3|Pb:1,property,1,858619172,oxide,Cs,Pb,O,False,False,True,12,1,1,La,Al,O,False,False,False,LaAlO3,3fd034891f2d2516ac646e13011b8785bc4e7c09,{},True,True,True,BaTiO3,True,True,True
cmr_dbcef27061099822569740c11818d051,Cs:1|O:3|Pb:1,property,2,25749433,oxide,Cs,Pb,O,False,False,True,12,2,1,Sr,V,O,False,False,False,SrVO3,a37db3f45fd59ce2260ae24cd2abad09f5e6375d,"{""charge_compatible_A"": 1}",True,True,True,BaTiO3,True,True,True
cmr_e8bb6f6ece3b11691f6fbdf699fa676a,Ca:1|Co:1|N:3,joint,0,1625558961,nitride,Ca,Co,N,False,False,False,12,12,0,,,,False,False,False,,,"{""charge_compatible_A"": 12}",True,True,True,,False,True,True
cmr_e8bb6f6ece3b11691f6fbdf699fa676a,Ca:1|Co:1|N:3,joint,1,1911842536,nitride,Ca,Co,N,False,False,False,12,12,0,,,,False,False,False,,,"{""charge_compatible_A"": 12}",True,True,True,,False,True,True
cmr_e8bb6f6ece3b11691f6fbdf699fa676a,Ca:1|Co:1|N:3,joint,2,1388362105,nitride,Ca,Co,N,False,False,False,12,12,0,,,,False,False,False,,,"{""charge_compatible_A"": 12}",True,True,True,,False,True,True
cmr_e8bb6f6ece3b11691f6fbdf699fa676a,Ca:1|Co:1|N:3,fixed_real,0,1625558961,nitride,Ca,Co,N,False,False,False,12,12,0,,,,False,False,False,,,"{""charge_compatible_A"": 12}",True,True,True,,False,True,True
cmr_e8bb6f6ece3b11691f6fbdf699fa676a,Ca:1|Co:1|N:3,fixed_real,1,1911842536,nitride,Ca,Co,N,False,False,False,12,12,0,,,,False,False,False,,,"{""charge_compatible_A"": 12}",True,True,True,,False,True,True
cmr_e8bb6f6ece3b11691f6fbdf699fa676a,Ca:1|Co:1|N:3,fixed_real,2,1388362105,nitride,Ca,Co,N,False,False,False,12,12,0,,,,False,False,False,,,"{""charge_compatible_A"": 12}",True,True,True,,False,True,True
cmr_e8bb6f6ece3b11691f6fbdf699fa676a,Ca:1|Co:1|N:3,property,0,1625558961,nitride,Ca,Co,N,False,False,False,12,12,2,,,,False,False,False,,,"{""charge_compatible_A"": 10, ""tolerance/mu"": 2}",True,True,True,,False,True,True
cmr_e8bb6f6ece3b11691f6fbdf699fa676a,Ca:1|Co:1|N:3,property,1,1911842536,nitride,Ca,Co,N,False,False,False,12,12,0,,,,False,False,False,,,"{""charge_compatible_A"": 12}",True,True,True,,False,True,True
cmr_e8bb6f6ece3b11691f6fbdf699fa676a,Ca:1|Co:1|N:3,property,2,1388362105,nitride,Ca,Co,N,False,False,False,12,12,3,,,,False,False,False,,,"{""charge_compatible_A"": 9, ""tolerance/mu"": 3}",True,True,True,,False,True,True
cmr_fa3beecfda0e2ee6c4c5dd7cb9227cca,Ca:1|N:3|Zr:1,joint,0,1987583405,nitride,Ca,Zr,N,False,False,False,12,12,0,,,,False,False,False,,,"{""charge_compatible_A"": 12}",True,True,True,,False,True,True
cmr_fa3beecfda0e2ee6c4c5dd7cb9227cca,Ca:1|N:3|Zr:1,joint,1,694388398,nitride,Ca,Zr,N,False,False,False,12,12,0,,,,False,False,False,,,"{""charge_compatible_A"": 12}",True,True,True,,False,True,True
cmr_fa3beecfda0e2ee6c4c5dd7cb9227cca,Ca:1|N:3|Zr:1,joint,2,1380185573,nitride,Ca,Zr,N,False,False,False,12,12,0,,,,False,False,False,,,"{""charge_compatible_A"": 12}",True,True,True,,False,True,True
cmr_fa3beecfda0e2ee6c4c5dd7cb9227cca,Ca:1|N:3|Zr:1,fixed_real,0,1987583405,nitride,Ca,Zr,N,False,False,False,12,12,0,,,,False,False,False,,,"{""charge_compatible_A"": 12}",True,True,True,,False,True,True
cmr_fa3beecfda0e2ee6c4c5dd7cb9227cca,Ca:1|N:3|Zr:1,fixed_real,1,694388398,nitride,Ca,Zr,N,False,False,False,12,12,0,,,,False,False,False,,,"{""charge_compatible_A"": 12}",True,True,True,,False,True,True
cmr_fa3beecfda0e2ee6c4c5dd7cb9227cca,Ca:1|N:3|Zr:1,fixed_real,2,1380185573,nitride,Ca,Zr,N,False,False,False,12,12,0,,,,False,False,False,,,"{""charge_compatible_A"": 12}",True,True,True,,False,True,True
cmr_fa3beecfda0e2ee6c4c5dd7cb9227cca,Ca:1|N:3|Zr:1,property,0,1987583405,nitride,Ca,Zr,N,False,False,False,12,12,4,,,,False,False,False,,,"{""charge_compatible_A"": 8, ""tolerance/mu"": 4}",True,True,True,,False,True,True
cmr_fa3beecfda0e2ee6c4c5dd7cb9227cca,Ca:1|N:3|Zr:1,property,1,694388398,nitride,Ca,Zr,N,False,False,False,12,12,1,,,,False,False,False,,,"{""charge_compatible_A"": 11, ""tolerance/mu"": 1}",True,True,True,,False,True,True
cmr_fa3beecfda0e2ee6c4c5dd7cb9227cca,Ca:1|N:3|Zr:1,property,2,1380185573,nitride,Ca,Zr,N,False,False,False,12,12,2,,,,False,False,False,,,"{""charge_compatible_A"": 10, ""tolerance/mu"": 2}",True,True,True,,False,True,True
