latent_arm,geometry_mode,family,material_count,mean_unmasked_nll,mean_masked_ab_nll,mean_unmasked_top1_accuracy,mean_masked_ab_top1_accuracy,mean_unmasked_true_AB_probability_product,mean_masked_true_AB_probability_product,raw_source_AB_top1_count,raw_exact_composition_count,matcher_status_counts_json,scale_false_match_count,mean_lattice_length_mae_angstrom,mean_periodic_coordinate_rms_angstrom,mean_minimum_periodic_distance_angstrom
joint,zero,oxide,11,29.119288184426047,28.01735427162864,0.47272728654471313,0.09090909090909091,2.0298768516066887e-19,1.2978203071920616e-12,0,0,"{""composition_incompatible"": 11}",0,0.08147928750876224,2.0405969563243915,0.7066073263009014
joint,zero,nitride,9,36.63165262010362,40.10537232293023,0.04444444510671827,0.05555555555555555,1.4827273896665726e-45,6.90931378114326e-17,0,0,"{""composition_incompatible"": 9}",0,0.12259218427870008,2.1712272376805104,0.6684135299972712
joint,template,oxide,11,0.28202103200072254,0.6905462485103105,0.9454545487057079,0.8636363636363636,0.646283349542506,0.6677484805062722,8,8,"{""composition_incompatible"": 3, ""matched"": 8}",8,0.08147928750876224,0.3578838478892067,1.570299322562606
joint,template,nitride,9,0.053264643356669694,0.1273834102256741,0.9777777791023254,0.9444444444444444,0.8347882069122462,0.8430521385851186,8,8,"{""composition_incompatible"": 1, ""matched"": 8}",8,0.12259218427870008,0.2945564029911567,1.585757513103777
fixed_real,zero,oxide,11,25.729252381758258,37.65703730149703,0.20000000298023224,0.045454545454545456,2.1626606051882786e-22,3.579873779344002e-08,0,0,"{""composition_incompatible"": 11}",0,0.23920189250599255,2.194660103267753,1.021276906828509
fixed_real,zero,nitride,9,19.596555180019802,20.813167174657185,0.2222222255335914,0.2222222222222222,1.377999213799401e-17,0.002281015611908802,0,0,"{""composition_incompatible"": 9}",0,0.2735692262649536,2.1400935502877214,1.0212769068285088
fixed_real,template,oxide,11,18.45804838700728,28.595003388144754,0.03636363690549677,0.09090909090909091,4.95164779998141e-14,4.952857094095579e-14,0,0,"{""composition_incompatible"": 11}",0,0.23920189250599255,0.4318575984495286,1.6728044179854686
fixed_real,template,nitride,9,6.243294767880191,15.608064291481343,0.6666666865348816,0.16666666666666666,0.10778543466004481,0.10781189296131805,1,1,"{""composition_incompatible"": 8, ""matched"": 1}",1,0.2735692262649536,0.4078347607077024,1.6728044179854689
property,zero,oxide,11,285.56002183393997,34.45362186431885,0.1272727291692387,0.09090909090909091,5.280132238755259e-34,2.5437005238604317e-09,0,0,"{""composition_incompatible"": 11}",0,0.1768582517450506,1.9703278367003207,0.6097507338496637
property,zero,nitride,9,133.45574145846896,23.39957606130176,0.13333333532015482,0.2222222222222222,1.7459703711900943e-22,0.06240661946142128,0,0,"{""composition_incompatible"": 9}",0,0.16719573073916966,1.8665603702146727,0.5044989037421495
property,template,oxide,11,1.5615748383782126,2.8515800671143965,0.4727272851900621,0.13636363636363635,0.006214608929160178,0.007946541330503211,0,0,"{""composition_incompatible"": 11}",0,0.1768582517450506,0.8198479360365664,1.3544922294130408
property,template,nitride,9,1.7199244366751776,2.6892942719989352,0.6222222447395325,0.1111111111111111,0.0014018822185870366,0.006267655400984994,0,0,"{""composition_incompatible"": 9}",0,0.16719573073916966,0.7625504972949959,1.3466827187733295
