material_id,composition_group,source_formula,source_A,source_B,source_X,family,csv_generation_scope_compatible,A,B,X,declared_role_scope_compatible,ionic_radius_A_available,ionic_radius_B_available,ionic_radius_X_available,all_required_ionic_radii_available,ionic_radii_json,permitted_charge_tuples_json,neutral_charge_tuples_json,existential_charge_neutrality_from_tables,B_pool_json,source_B_in_family_pool,source_conditional_compatible_A_json,source_A_in_conditional_compatible_pool,A_equals_B,raw_projected_lattice_a_angstrom,projected_lattice_a_angstrom,lattice_clipped_low,lattice_clipped_high,oracle_slot_order,oracle_fractional_coordinates_json,stoichiometry_ok,realism_passed,realism_failures_json,decoded_family,family_passed,refinement_requested,refinement_passed,refinement_error,pre_refine_formula,pre_refine_site_count,pre_refine_species_json,post_refine_formula,refined_site_count,refined_species_json,refinement_changed_composition,refinement_changed_site_count,refinement_changed_species_order,refinement_coordinate_max_abs_fractional,charge_filter_passed,charge_filter_failures_json,B_X_distance_filter_passed,B_X_distance_filter_failures_json,tolerance_mu_filter_passed,tolerance_mu_filter_failures_json,goldschmidt_t,octahedral_mu,first_rejection_stage,first_rejection_reasons_json,sampler_first_rejection_stage,deterministically_exportable,formal_valence_scope_note
cmr_11dacddcba738021fcb7a8ad9b578f91,Cr:1|Cs:1|N:3,CrCsN3,Cs,Cr,N,nitride,True,Cs,Cr,N,True,True,True,True,True,"{""A"": {""error"": null, ""generation_fallback_possible"": false, ""generation_radius_angstrom"": 1.81, ""pymatgen_ionic_radii"": [{""oxidation_state"": ""1"", ""radius_angstrom"": 1.81}], ""pymatgen_ionic_radius_available"": true, ""symbol"": ""Cs""}, ""B"": {""error"": null, ""generation_fallback_possible"": false, ""generation_radius_angstrom"": 0.94, ""pymatgen_ionic_radii"": [{""oxidation_state"": ""2"", ""radius_angstrom"": 0.94}], ""pymatgen_ionic_radius_available"": true, ""symbol"": ""Cr""}, ""X"": {""error"": null, ""generation_fallback_possible"": false, ""generation_radius_angstrom"": 0.63, ""pymatgen_ionic_radii"": [{""oxidation_state"": ""-3"", ""radius_angstrom"": 1.32}, {""oxidation_state"": ""3"", ""radius_angstrom"": 0.3}, {""oxidation_state"": ""5"", ""radius_angstrom"": 0.27}], ""pymatgen_ionic_radius_available"": true, ""symbol"": ""N""}}","[{""qA"": 1, ""qB"": 3, ""qX"": -3, ""total"": -5}]",[],False,"[""W"", ""Mo"", ""Ta"", ""Nb"", ""Ti"", ""Zr"", ""Hf"", ""Cr"", ""Mn"", ""Fe"", ""Co"", ""Ni""]",True,[],False,False,3.1399999999999997,3.1399999999999997,False,False,"A,B,X,X,X","[[0.0, 0.0, 0.0], [0.5, 0.5, 0.5], [0.0, 0.5, 0.5], [0.5, 0.0, 0.5], [0.5, 0.5, 0.0]]",True,True,[],nitride,True,True,True,,CsCrN3,5,"[""Cs"", ""Cr"", ""N"", ""N"", ""N""]",CsCrN3,5,"[""Cs"", ""Cr"", ""N"", ""N"", ""N""]",False,False,False,0.0,False,"[""no common valence combo satisfies neutrality for Cs-Cr-N""]",True,[],False,"[""t=1.10 outside [0.75,1.08]"", ""mu=1.49 outside [0.41,0.90]""]",1.098943022990558,1.4920634920634919,charge,"[""no common valence combo satisfies neutrality for Cs-Cr-N""]",charge_compatible_A,False,Repository-table admissibility only; rejection is not proof of physical impossibility.
cmr_1ec1f206bf87de79380756d894cc7bc2,K:1|O:3|W:1,KWO3,K,W,O,oxide,True,K,W,O,True,True,True,True,True,"{""A"": {""error"": null, ""generation_fallback_possible"": false, ""generation_radius_angstrom"": 1.52, ""pymatgen_ionic_radii"": [{""oxidation_state"": ""1"", ""radius_angstrom"": 1.52}], ""pymatgen_ionic_radius_available"": true, ""symbol"": ""K""}, ""B"": {""error"": null, ""generation_fallback_possible"": false, ""generation_radius_angstrom"": 0.7666666666666666, ""pymatgen_ionic_radii"": [{""oxidation_state"": ""4"", ""radius_angstrom"": 0.8}, {""oxidation_state"": ""5"", ""radius_angstrom"": 0.76}, {""oxidation_state"": ""6"", ""radius_angstrom"": 0.74}], ""pymatgen_ionic_radius_available"": true, ""symbol"": ""W""}, ""X"": {""error"": null, ""generation_fallback_possible"": false, ""generation_radius_angstrom"": 1.26, ""pymatgen_ionic_radii"": [{""oxidation_state"": ""-2"", ""radius_angstrom"": 1.26}], ""pymatgen_ionic_radius_available"": true, ""symbol"": ""O""}}","[{""qA"": 1, ""qB"": 6, ""qX"": -2, ""total"": 1}]",[],False,"[""Ti"", ""Zr"", ""Hf"", ""V"", ""Nb"", ""Ta"", ""Cr"", ""Mn"", ""Fe"", ""Co"", ""Ni"", ""Cu"", ""Zn"", ""Sc"", ""Y"", ""Al"", ""Ga"", ""In"", ""Ge"", ""Sn"", ""Pb"", ""W"", ""Mo""]",True,[],False,False,4.053333333333333,4.053333333333333,False,False,"A,B,X,X,X","[[0.0, 0.0, 0.0], [0.5, 0.5, 0.5], [0.0, 0.5, 0.5], [0.5, 0.0, 0.5], [0.5, 0.5, 0.0]]",True,True,[],oxide,True,True,True,,KWO3,5,"[""K"", ""W"", ""O"", ""O"", ""O""]",KWO3,5,"[""K"", ""W"", ""O"", ""O"", ""O""]",False,False,False,0.0,False,"[""no common valence combo satisfies neutrality for K-W-O""]",True,[],True,[],0.9699458149828631,0.6084656084656084,charge,"[""no common valence combo satisfies neutrality for K-W-O""]",charge_compatible_A,False,Repository-table admissibility only; rejection is not proof of physical impossibility.
cmr_20c9853b450e146b0e608362fc2f56d9,Ba:1|O:3|Ta:1,BaTaO3,Ba,Ta,O,oxide,True,Ba,Ta,O,True,True,True,True,True,"{""A"": {""error"": null, ""generation_fallback_possible"": false, ""generation_radius_angstrom"": 1.49, ""pymatgen_ionic_radii"": [{""oxidation_state"": ""2"", ""radius_angstrom"": 1.49}], ""pymatgen_ionic_radius_available"": true, ""symbol"": ""Ba""}, ""B"": {""error"": null, ""generation_fallback_possible"": false, ""generation_radius_angstrom"": 0.82, ""pymatgen_ionic_radii"": [{""oxidation_state"": ""3"", ""radius_angstrom"": 0.86}, {""oxidation_state"": ""4"", ""radius_angstrom"": 0.82}, {""oxidation_state"": ""5"", ""radius_angstrom"": 0.78}], ""pymatgen_ionic_radius_available"": true, ""symbol"": ""Ta""}, ""X"": {""error"": null, ""generation_fallback_possible"": false, ""generation_radius_angstrom"": 1.26, ""pymatgen_ionic_radii"": [{""oxidation_state"": ""-2"", ""radius_angstrom"": 1.26}], ""pymatgen_ionic_radius_available"": true, ""symbol"": ""O""}}","[{""qA"": 2, ""qB"": 5, ""qX"": -2, ""total"": 1}]",[],False,"[""Ti"", ""Zr"", ""Hf"", ""V"", ""Nb"", ""Ta"", ""Cr"", ""Mn"", ""Fe"", ""Co"", ""Ni"", ""Cu"", ""Zn"", ""Sc"", ""Y"", ""Al"", ""Ga"", ""In"", ""Ge"", ""Sn"", ""Pb"", ""W"", ""Mo""]",True,"[""K"", ""Na"", ""Rb"", ""Cs""]",False,False,4.16,4.16,False,False,"A,B,X,X,X","[[0.0, 0.0, 0.0], [0.5, 0.5, 0.5], [0.0, 0.5, 0.5], [0.5, 0.0, 0.5], [0.5, 0.5, 0.0]]",True,True,[],oxide,True,True,True,,BaTaO3,5,"[""Ba"", ""Ta"", ""O"", ""O"", ""O""]",BaTaO3,5,"[""Ba"", ""Ta"", ""O"", ""O"", ""O""]",False,False,False,0.0,False,"[""no common valence combo satisfies neutrality for Ba-Ta-O""]",True,[],True,[],0.9348767539725988,0.6507936507936507,charge,"[""no common valence combo satisfies neutrality for Ba-Ta-O""]",source_A_excluded_by_source_B_X,False,Repository-table admissibility only; rejection is not proof of physical impossibility.
cmr_46250f00f7e8fa01346da84ec7156cba,O:3|Sr:1|Zn:1,SrZnO3,Sr,Zn,O,oxide,True,Sr,Zn,O,True,True,True,True,True,"{""A"": {""error"": null, ""generation_fallback_possible"": false, ""generation_radius_angstrom"": 1.32, ""pymatgen_ionic_radii"": [{""oxidation_state"": ""2"", ""radius_angstrom"": 1.32}], ""pymatgen_ionic_radius_available"": true, ""symbol"": ""Sr""}, ""B"": {""error"": null, ""generation_fallback_possible"": false, ""generation_radius_angstrom"": 0.88, ""pymatgen_ionic_radii"": [{""oxidation_state"": ""2"", ""radius_angstrom"": 0.88}], ""pymatgen_ionic_radius_available"": true, ""symbol"": ""Zn""}, ""X"": {""error"": null, ""generation_fallback_possible"": false, ""generation_radius_angstrom"": 1.26, ""pymatgen_ionic_radii"": [{""oxidation_state"": ""-2"", ""radius_angstrom"": 1.26}], ""pymatgen_ionic_radius_available"": true, ""symbol"": ""O""}}","[{""qA"": 2, ""qB"": 2, ""qX"": -2, ""total"": -2}]",[],False,"[""Ti"", ""Zr"", ""Hf"", ""V"", ""Nb"", ""Ta"", ""Cr"", ""Mn"", ""Fe"", ""Co"", ""Ni"", ""Cu"", ""Zn"", ""Sc"", ""Y"", ""Al"", ""Ga"", ""In"", ""Ge"", ""Sn"", ""Pb"", ""W"", ""Mo""]",True,[],False,False,4.28,4.28,False,False,"A,B,X,X,X","[[0.0, 0.0, 0.0], [0.5, 0.5, 0.5], [0.0, 0.5, 0.5], [0.5, 0.0, 0.5], [0.5, 0.5, 0.0]]",True,True,[],oxide,True,True,True,,SrZnO3,5,"[""Sr"", ""Zn"", ""O"", ""O"", ""O""]",SrZnO3,5,"[""Sr"", ""Zn"", ""O"", ""O"", ""O""]",False,False,False,0.0,False,"[""no common valence combo satisfies neutrality for Sr-Zn-O""]",True,[],True,[],0.852493222178174,0.6984126984126984,charge,"[""no common valence combo satisfies neutrality for Sr-Zn-O""]",charge_compatible_A,False,Repository-table admissibility only; rejection is not proof of physical impossibility.
cmr_48e3dd02e3ba06e1f0ac4ae4a0ccb197,In:1|O:3|Sr:1,InSrO3,Sr,In,O,oxide,True,Sr,In,O,True,True,True,True,True,"{""A"": {""error"": null, ""generation_fallback_possible"": false, ""generation_radius_angstrom"": 1.32, ""pymatgen_ionic_radii"": [{""oxidation_state"": ""2"", ""radius_angstrom"": 1.32}], ""pymatgen_ionic_radius_available"": true, ""symbol"": ""Sr""}, ""B"": {""error"": null, ""generation_fallback_possible"": false, ""generation_radius_angstrom"": 0.94, ""pymatgen_ionic_radii"": [{""oxidation_state"": ""3"", ""radius_angstrom"": 0.94}], ""pymatgen_ionic_radius_available"": true, ""symbol"": ""In""}, ""X"": {""error"": null, ""generation_fallback_possible"": false, ""generation_radius_angstrom"": 1.26, ""pymatgen_ionic_radii"": [{""oxidation_state"": ""-2"", ""radius_angstrom"": 1.26}], ""pymatgen_ionic_radius_available"": true, ""symbol"": ""O""}}","[{""qA"": 2, ""qB"": 3, ""qX"": -2, ""total"": -1}]",[],False,"[""Ti"", ""Zr"", ""Hf"", ""V"", ""Nb"", ""Ta"", ""Cr"", ""Mn"", ""Fe"", ""Co"", ""Ni"", ""Cu"", ""Zn"", ""Sc"", ""Y"", ""Al"", ""Ga"", ""In"", ""Ge"", ""Sn"", ""Pb"", ""W"", ""Mo""]",True,"[""Yb"", ""Pr"", ""Tb"", ""Tm"", ""Er"", ""Ho"", ""Gd"", ""Dy"", ""Nd"", ""La"", ""Eu"", ""Sm"", ""Lu"", ""Ce""]",False,False,4.4,4.4,False,False,"A,B,X,X,X","[[0.0, 0.0, 0.0], [0.5, 0.5, 0.5], [0.0, 0.5, 0.5], [0.5, 0.0, 0.5], [0.5, 0.5, 0.0]]",True,True,[],oxide,True,True,True,,SrInO3,5,"[""Sr"", ""In"", ""O"", ""O"", ""O""]",SrInO3,5,"[""Sr"", ""In"", ""O"", ""O"", ""O""]",False,False,False,0.0,False,"[""no common valence combo satisfies neutrality for Sr-In-O""]",True,[],True,[],0.8292434070278601,0.7460317460317459,charge,"[""no common valence combo satisfies neutrality for Sr-In-O""]",source_A_excluded_by_source_B_X,False,Repository-table admissibility only; rejection is not proof of physical impossibility.
cmr_4a1084fcbabc2f7e867be309d49cbe2b,Na:1|O:3|V:1,NaVO3,Na,V,O,oxide,True,Na,V,O,True,True,True,True,True,"{""A"": {""error"": null, ""generation_fallback_possible"": false, ""generation_radius_angstrom"": 1.16, ""pymatgen_ionic_radii"": [{""oxidation_state"": ""1"", ""radius_angstrom"": 1.16}], ""pymatgen_ionic_radius_available"": true, ""symbol"": ""Na""}, ""B"": {""error"": null, ""generation_fallback_possible"": false, ""generation_radius_angstrom"": 0.7775, ""pymatgen_ionic_radii"": [{""oxidation_state"": ""2"", ""radius_angstrom"": 0.93}, {""oxidation_state"": ""3"", ""radius_angstrom"": 0.78}, {""oxidation_state"": ""4"", ""radius_angstrom"": 0.72}, {""oxidation_state"": ""5"", ""radius_angstrom"": 0.68}], ""pymatgen_ionic_radius_available"": true, ""symbol"": ""V""}, ""X"": {""error"": null, ""generation_fallback_possible"": false, ""generation_radius_angstrom"": 1.26, ""pymatgen_ionic_radii"": [{""oxidation_state"": ""-2"", ""radius_angstrom"": 1.26}], ""pymatgen_ionic_radius_available"": true, ""symbol"": ""O""}}","[{""qA"": 1, ""qB"": 3, ""qX"": -2, ""total"": -2}, {""qA"": 1, ""qB"": 4, ""qX"": -2, ""total"": -1}, {""qA"": 1, ""qB"": 5, ""qX"": -2, ""total"": 0}]","[{""qA"": 1, ""qB"": 5, ""qX"": -2, ""total"": 0}]",True,"[""Ti"", ""Zr"", ""Hf"", ""V"", ""Nb"", ""Ta"", ""Cr"", ""Mn"", ""Fe"", ""Co"", ""Ni"", ""Cu"", ""Zn"", ""Sc"", ""Y"", ""Al"", ""Ga"", ""In"", ""Ge"", ""Sn"", ""Pb"", ""W"", ""Mo""]",True,"[""Yb"", ""Pr"", ""Tb"", ""Tm"", ""Er"", ""K"", ""Ba"", ""Sr"", ""Ho"", ""Gd"", ""Na"", ""Ca"", ""Rb"", ""Dy"", ""Nd"", ""Cs"", ""La"", ""Eu"", ""Sm"", ""Lu"", ""Ce""]",True,False,4.075,4.075,False,False,"A,B,X,X,X","[[0.0, 0.0, 0.0], [0.5, 0.5, 0.5], [0.0, 0.5, 0.5], [0.5, 0.0, 0.5], [0.5, 0.5, 0.0]]",True,True,[],oxide,True,True,True,,NaVO3,5,"[""Na"", ""V"", ""O"", ""O"", ""O""]",NaVO3,5,"[""Na"", ""V"", ""O"", ""O"", ""O""]",False,False,False,0.0,True,[],True,[],True,[],0.8398519805994821,0.617063492063492,,[],,True,Repository-table admissibility only; rejection is not proof of physical impossibility.
cmr_5a86c2636813d6b401520d96410cc7c7,N:3|Na:1|Ti:1,NaTiN3,Na,Ti,N,nitride,True,Na,Ti,N,True,True,True,True,True,"{""A"": {""error"": null, ""generation_fallback_possible"": false, ""generation_radius_angstrom"": 1.16, ""pymatgen_ionic_radii"": [{""oxidation_state"": ""1"", ""radius_angstrom"": 1.16}], ""pymatgen_ionic_radius_available"": true, ""symbol"": ""Na""}, ""B"": {""error"": null, ""generation_fallback_possible"": false, ""generation_radius_angstrom"": 0.8516666666666667, ""pymatgen_ionic_radii"": [{""oxidation_state"": ""2"", ""radius_angstrom"": 1.0}, {""oxidation_state"": ""3"", ""radius_angstrom"": 0.81}, {""oxidation_state"": ""4"", ""radius_angstrom"": 0.745}], ""pymatgen_ionic_radius_available"": true, ""symbol"": ""Ti""}, ""X"": {""error"": null, ""generation_fallback_possible"": false, ""generation_radius_angstrom"": 0.63, ""pymatgen_ionic_radii"": [{""oxidation_state"": ""-3"", ""radius_angstrom"": 1.32}, {""oxidation_state"": ""3"", ""radius_angstrom"": 0.3}, {""oxidation_state"": ""5"", ""radius_angstrom"": 0.27}], ""pymatgen_ionic_radius_available"": true, ""symbol"": ""N""}}","[{""qA"": 1, ""qB"": 4, ""qX"": -3, ""total"": -4}]",[],False,"[""W"", ""Mo"", ""Ta"", ""Nb"", ""Ti"", ""Zr"", ""Hf"", ""Cr"", ""Mn"", ""Fe"", ""Co"", ""Ni""]",True,[],False,False,2.9633333333333334,3.0,True,False,"A,B,X,X,X","[[0.0, 0.0, 0.0], [0.5, 0.5, 0.5], [0.0, 0.5, 0.5], [0.5, 0.0, 0.5], [0.5, 0.5, 0.0]]",True,True,[],nitride,True,True,True,,NaTiN3,5,"[""Na"", ""Ti"", ""N"", ""N"", ""N""]",NaTiN3,5,"[""Na"", ""Ti"", ""N"", ""N"", ""N""]",False,False,False,0.0,False,"[""no common valence combo satisfies neutrality for Na-Ti-N""]",True,[],False,"[""mu=1.35 outside [0.41,0.90]""]",0.8542549864953342,1.3518518518518519,charge,"[""no common valence combo satisfies neutrality for Na-Ti-N""]",charge_compatible_A,False,Repository-table admissibility only; rejection is not proof of physical impossibility.
cmr_64d9953c18e416a7e01500249a2bbe8d,Ca:1|O:3|Pb:1,CaPbO3,Ca,Pb,O,oxide,True,Ca,Pb,O,True,True,True,True,True,"{""A"": {""error"": null, ""generation_fallback_possible"": false, ""generation_radius_angstrom"": 1.14, ""pymatgen_ionic_radii"": [{""oxidation_state"": ""2"", ""radius_angstrom"": 1.14}], ""pymatgen_ionic_radius_available"": true, ""symbol"": ""Ca""}, ""B"": {""error"": null, ""generation_fallback_possible"": false, ""generation_radius_angstrom"": 1.1225, ""pymatgen_ionic_radii"": [{""oxidation_state"": ""2"", ""radius_angstrom"": 1.33}, {""oxidation_state"": ""4"", ""radius_angstrom"": 0.915}], ""pymatgen_ionic_radius_available"": true, ""symbol"": ""Pb""}, ""X"": {""error"": null, ""generation_fallback_possible"": false, ""generation_radius_angstrom"": 1.26, ""pymatgen_ionic_radii"": [{""oxidation_state"": ""-2"", ""radius_angstrom"": 1.26}], ""pymatgen_ionic_radius_available"": true, ""symbol"": ""O""}}","[{""qA"": 2, ""qB"": 4, ""qX"": -2, ""total"": 0}]","[{""qA"": 2, ""qB"": 4, ""qX"": -2, ""total"": 0}]",True,"[""Ti"", ""Zr"", ""Hf"", ""V"", ""Nb"", ""Ta"", ""Cr"", ""Mn"", ""Fe"", ""Co"", ""Ni"", ""Cu"", ""Zn"", ""Sc"", ""Y"", ""Al"", ""Ga"", ""In"", ""Ge"", ""Sn"", ""Pb"", ""W"", ""Mo""]",True,"[""Ba"", ""Sr"", ""Ca""]",True,False,4.765000000000001,4.765000000000001,False,False,"A,B,X,X,X","[[0.0, 0.0, 0.0], [0.5, 0.5, 0.5], [0.0, 0.5, 0.5], [0.5, 0.0, 0.5], [0.5, 0.5, 0.0]]",True,True,[],oxide,True,True,True,,CaPbO3,5,"[""Ca"", ""Pb"", ""O"", ""O"", ""O""]",CaPbO3,5,"[""Ca"", ""Pb"", ""O"", ""O"", ""O""]",False,False,False,0.0,True,[],True,[],False,"[""t=0.71 outside [0.80,1.05]""]",0.7123006400200267,0.8908730158730159,tolerance/mu,"[""t=0.71 outside [0.80,1.05]""]",tolerance/mu,False,Repository-table admissibility only; rejection is not proof of physical impossibility.
cmr_682785369aa2b3971943559ce4e3b0ca,Ge:1|La:1|O:3,LaGeO3,La,Ge,O,oxide,True,La,Ge,O,True,True,True,True,True,"{""A"": {""error"": null, ""generation_fallback_possible"": false, ""generation_radius_angstrom"": 1.172, ""pymatgen_ionic_radii"": [{""oxidation_state"": ""3"", ""radius_angstrom"": 1.172}], ""pymatgen_ionic_radius_available"": true, ""symbol"": ""La""}, ""B"": {""error"": null, ""generation_fallback_possible"": false, ""generation_radius_angstrom"": 0.77, ""pymatgen_ionic_radii"": [{""oxidation_state"": ""2"", ""radius_angstrom"": 0.87}, {""oxidation_state"": ""4"", ""radius_angstrom"": 0.67}], ""pymatgen_ionic_radius_available"": true, ""symbol"": ""Ge""}, ""X"": {""error"": null, ""generation_fallback_possible"": false, ""generation_radius_angstrom"": 1.26, ""pymatgen_ionic_radii"": [{""oxidation_state"": ""-2"", ""radius_angstrom"": 1.26}], ""pymatgen_ionic_radius_available"": true, ""symbol"": ""O""}}","[{""qA"": 3, ""qB"": 4, ""qX"": -2, ""total"": 1}]",[],False,"[""Ti"", ""Zr"", ""Hf"", ""V"", ""Nb"", ""Ta"", ""Cr"", ""Mn"", ""Fe"", ""Co"", ""Ni"", ""Cu"", ""Zn"", ""Sc"", ""Y"", ""Al"", ""Ga"", ""In"", ""Ge"", ""Sn"", ""Pb"", ""W"", ""Mo""]",True,"[""Ba"", ""Sr"", ""Ca""]",False,False,4.0600000000000005,4.0600000000000005,False,False,"A,B,X,X,X","[[0.0, 0.0, 0.0], [0.5, 0.5, 0.5], [0.0, 0.5, 0.5], [0.5, 0.0, 0.5], [0.5, 0.5, 0.0]]",True,True,[],oxide,True,True,True,,LaGeO3,5,"[""La"", ""Ge"", ""O"", ""O"", ""O""]",LaGeO3,5,"[""La"", ""Ge"", ""O"", ""O"", ""O""]",False,False,False,0.0,False,"[""no common valence combo satisfies neutrality for La-Ge-O""]",True,[],True,[],0.8471348235693021,0.6111111111111112,charge,"[""no common valence combo satisfies neutrality for La-Ge-O""]",source_A_excluded_by_source_B_X,False,Repository-table admissibility only; rejection is not proof of physical impossibility.
cmr_78c26d513a55ceb0d9345ce3cdf39c24,K:1|Ni:1|O:3,KNiO3,K,Ni,O,oxide,True,K,Ni,O,True,True,True,True,True,"{""A"": {""error"": null, ""generation_fallback_possible"": false, ""generation_radius_angstrom"": 1.52, ""pymatgen_ionic_radii"": [{""oxidation_state"": ""1"", ""radius_angstrom"": 1.52}], ""pymatgen_ionic_radius_available"": true, ""symbol"": ""K""}, ""B"": {""error"": null, ""generation_fallback_possible"": false, ""generation_radius_angstrom"": 0.74, ""pymatgen_ionic_radii"": [{""oxidation_state"": ""3"", ""radius_angstrom"": 0.74}], ""pymatgen_ionic_radius_available"": true, ""symbol"": ""Ni""}, ""X"": {""error"": null, ""generation_fallback_possible"": false, ""generation_radius_angstrom"": 1.26, ""pymatgen_ionic_radii"": [{""oxidation_state"": ""-2"", ""radius_angstrom"": 1.26}], ""pymatgen_ionic_radius_available"": true, ""symbol"": ""O""}}","[{""qA"": 1, ""qB"": 3, ""qX"": -2, ""total"": -2}]",[],False,"[""Ti"", ""Zr"", ""Hf"", ""V"", ""Nb"", ""Ta"", ""Cr"", ""Mn"", ""Fe"", ""Co"", ""Ni"", ""Cu"", ""Zn"", ""Sc"", ""Y"", ""Al"", ""Ga"", ""In"", ""Ge"", ""Sn"", ""Pb"", ""W"", ""Mo""]",True,"[""Yb"", ""Pr"", ""Tb"", ""Tm"", ""Er"", ""Ho"", ""Gd"", ""Dy"", ""Nd"", ""La"", ""Eu"", ""Sm"", ""Lu"", ""Ce""]",False,False,4.0,4.0,False,False,"A,B,X,X,X","[[0.0, 0.0, 0.0], [0.5, 0.5, 0.5], [0.0, 0.5, 0.5], [0.5, 0.0, 0.5], [0.5, 0.5, 0.0]]",True,True,[],oxide,True,True,True,,KNiO3,5,"[""K"", ""Ni"", ""O"", ""O"", ""O""]",KNiO3,5,"[""K"", ""Ni"", ""O"", ""O"", ""O""]",False,False,False,0.0,False,"[""no common valence combo satisfies neutrality for K-Ni-O""]",True,[],True,[],0.9828784258493011,0.5873015873015873,charge,"[""no common valence combo satisfies neutrality for K-Ni-O""]",source_A_excluded_by_source_B_X,False,Repository-table admissibility only; rejection is not proof of physical impossibility.
cmr_898ee445e8ccfce566bb0883e7821189,Mo:1|N:3|Na:1,MoNaN3,Na,Mo,N,nitride,True,Na,Mo,N,True,True,True,True,True,"{""A"": {""error"": null, ""generation_fallback_possible"": false, ""generation_radius_angstrom"": 1.16, ""pymatgen_ionic_radii"": [{""oxidation_state"": ""1"", ""radius_angstrom"": 1.16}], ""pymatgen_ionic_radius_available"": true, ""symbol"": ""Na""}, ""B"": {""error"": null, ""generation_fallback_possible"": false, ""generation_radius_angstrom"": 0.775, ""pymatgen_ionic_radii"": [{""oxidation_state"": ""3"", ""radius_angstrom"": 0.83}, {""oxidation_state"": ""4"", ""radius_angstrom"": 0.79}, {""oxidation_state"": ""5"", ""radius_angstrom"": 0.75}, {""oxidation_state"": ""6"", ""radius_angstrom"": 0.73}], ""pymatgen_ionic_radius_available"": true, ""symbol"": ""Mo""}, ""X"": {""error"": null, ""generation_fallback_possible"": false, ""generation_radius_angstrom"": 0.63, ""pymatgen_ionic_radii"": [{""oxidation_state"": ""-3"", ""radius_angstrom"": 1.32}, {""oxidation_state"": ""3"", ""radius_angstrom"": 0.3}, {""oxidation_state"": ""5"", ""radius_angstrom"": 0.27}], ""pymatgen_ionic_radius_available"": true, ""symbol"": ""N""}}","[{""qA"": 1, ""qB"": 6, ""qX"": -3, ""total"": -2}]",[],False,"[""W"", ""Mo"", ""Ta"", ""Nb"", ""Ti"", ""Zr"", ""Hf"", ""Cr"", ""Mn"", ""Fe"", ""Co"", ""Ni""]",True,"[""Yb"", ""Pr"", ""Tb"", ""Tm"", ""Er"", ""Ho"", ""Gd"", ""Dy"", ""Nd"", ""La"", ""Eu"", ""Sm"", ""Lu"", ""Ce""]",False,False,2.81,3.0,True,False,"A,B,X,X,X","[[0.0, 0.0, 0.0], [0.5, 0.5, 0.5], [0.0, 0.5, 0.5], [0.5, 0.0, 0.5], [0.5, 0.5, 0.0]]",True,True,[],nitride,True,True,True,,NaMoN3,5,"[""Na"", ""Mo"", ""N"", ""N"", ""N""]",NaMoN3,5,"[""Na"", ""Mo"", ""N"", ""N"", ""N""]",False,False,False,0.0,False,"[""no common valence combo satisfies neutrality for Na-Mo-N""]",True,[],False,"[""mu=1.23 outside [0.41,0.90]""]",0.9008691375970961,1.2301587301587302,charge,"[""no common valence combo satisfies neutrality for Na-Mo-N""]",source_A_excluded_by_source_B_X,False,Repository-table admissibility only; rejection is not proof of physical impossibility.
cmr_92838ea148c813c166057e99bfae3d39,Ca:1|N:3|W:1,CaWN3,Ca,W,N,nitride,True,Ca,W,N,True,True,True,True,True,"{""A"": {""error"": null, ""generation_fallback_possible"": false, ""generation_radius_angstrom"": 1.14, ""pymatgen_ionic_radii"": [{""oxidation_state"": ""2"", ""radius_angstrom"": 1.14}], ""pymatgen_ionic_radius_available"": true, ""symbol"": ""Ca""}, ""B"": {""error"": null, ""generation_fallback_possible"": false, ""generation_radius_angstrom"": 0.7666666666666666, ""pymatgen_ionic_radii"": [{""oxidation_state"": ""4"", ""radius_angstrom"": 0.8}, {""oxidation_state"": ""5"", ""radius_angstrom"": 0.76}, {""oxidation_state"": ""6"", ""radius_angstrom"": 0.74}], ""pymatgen_ionic_radius_available"": true, ""symbol"": ""W""}, ""X"": {""error"": null, ""generation_fallback_possible"": false, ""generation_radius_angstrom"": 0.63, ""pymatgen_ionic_radii"": [{""oxidation_state"": ""-3"", ""radius_angstrom"": 1.32}, {""oxidation_state"": ""3"", ""radius_angstrom"": 0.3}, {""oxidation_state"": ""5"", ""radius_angstrom"": 0.27}], ""pymatgen_ionic_radius_available"": true, ""symbol"": ""N""}}","[{""qA"": 2, ""qB"": 6, ""qX"": -3, ""total"": -1}]",[],False,"[""W"", ""Mo"", ""Ta"", ""Nb"", ""Ti"", ""Zr"", ""Hf"", ""Cr"", ""Mn"", ""Fe"", ""Co"", ""Ni""]",True,"[""Yb"", ""Pr"", ""Tb"", ""Tm"", ""Er"", ""Ho"", ""Gd"", ""Dy"", ""Nd"", ""La"", ""Eu"", ""Sm"", ""Lu"", ""Ce""]",False,False,2.793333333333333,3.0,True,False,"A,B,X,X,X","[[0.0, 0.0, 0.0], [0.5, 0.5, 0.5], [0.0, 0.5, 0.5], [0.5, 0.0, 0.5], [0.5, 0.5, 0.0]]",True,True,[],nitride,True,True,True,,CaWN3,5,"[""Ca"", ""W"", ""N"", ""N"", ""N""]",CaWN3,5,"[""Ca"", ""W"", ""N"", ""N"", ""N""]",False,False,False,0.0,False,"[""no common valence combo satisfies neutrality for Ca-W-N""]",True,[],False,"[""mu=1.22 outside [0.41,0.90]""]",0.8961186176850996,1.2169312169312168,charge,"[""no common valence combo satisfies neutrality for Ca-W-N""]",source_A_excluded_by_source_B_X,False,Repository-table admissibility only; rejection is not proof of physical impossibility.
cmr_9747df17e8f2ed98427d905413929dd6,K:1|N:3|Ni:1,KNiN3,K,Ni,N,nitride,True,K,Ni,N,True,True,True,True,True,"{""A"": {""error"": null, ""generation_fallback_possible"": false, ""generation_radius_angstrom"": 1.52, ""pymatgen_ionic_radii"": [{""oxidation_state"": ""1"", ""radius_angstrom"": 1.52}], ""pymatgen_ionic_radius_available"": true, ""symbol"": ""K""}, ""B"": {""error"": null, ""generation_fallback_possible"": false, ""generation_radius_angstrom"": 0.74, ""pymatgen_ionic_radii"": [{""oxidation_state"": ""3"", ""radius_angstrom"": 0.74}], ""pymatgen_ionic_radius_available"": true, ""symbol"": ""Ni""}, ""X"": {""error"": null, ""generation_fallback_possible"": false, ""generation_radius_angstrom"": 0.63, ""pymatgen_ionic_radii"": [{""oxidation_state"": ""-3"", ""radius_angstrom"": 1.32}, {""oxidation_state"": ""3"", ""radius_angstrom"": 0.3}, {""oxidation_state"": ""5"", ""radius_angstrom"": 0.27}], ""pymatgen_ionic_radius_available"": true, ""symbol"": ""N""}}","[{""qA"": 1, ""qB"": 3, ""qX"": -3, ""total"": -5}]",[],False,"[""W"", ""Mo"", ""Ta"", ""Nb"", ""Ti"", ""Zr"", ""Hf"", ""Cr"", ""Mn"", ""Fe"", ""Co"", ""Ni""]",True,[],False,False,2.74,3.0,True,False,"A,B,X,X,X","[[0.0, 0.0, 0.0], [0.5, 0.5, 0.5], [0.0, 0.5, 0.5], [0.5, 0.0, 0.5], [0.5, 0.5, 0.0]]",True,True,[],nitride,True,True,True,,KNiN3,5,"[""K"", ""Ni"", ""N"", ""N"", ""N""]",KNiN3,5,"[""K"", ""Ni"", ""N"", ""N"", ""N""]",False,False,False,0.0,False,"[""no common valence combo satisfies neutrality for K-Ni-N""]",True,[],False,"[""t=1.11 outside [0.75,1.08]"", ""mu=1.17 outside [0.41,0.90]""]",1.1096931237599101,1.1746031746031746,charge,"[""no common valence combo satisfies neutrality for K-Ni-N""]",charge_compatible_A,False,Repository-table admissibility only; rejection is not proof of physical impossibility.
cmr_98f26503186c693384501157616036cb,Cr:1|N:3|Na:1,CrNaN3,Na,Cr,N,nitride,True,Na,Cr,N,True,True,True,True,True,"{""A"": {""error"": null, ""generation_fallback_possible"": false, ""generation_radius_angstrom"": 1.16, ""pymatgen_ionic_radii"": [{""oxidation_state"": ""1"", ""radius_angstrom"": 1.16}], ""pymatgen_ionic_radius_available"": true, ""symbol"": ""Na""}, ""B"": {""error"": null, ""generation_fallback_possible"": false, ""generation_radius_angstrom"": 0.94, ""pymatgen_ionic_radii"": [{""oxidation_state"": ""2"", ""radius_angstrom"": 0.94}], ""pymatgen_ionic_radius_available"": true, ""symbol"": ""Cr""}, ""X"": {""error"": null, ""generation_fallback_possible"": false, ""generation_radius_angstrom"": 0.63, ""pymatgen_ionic_radii"": [{""oxidation_state"": ""-3"", ""radius_angstrom"": 1.32}, {""oxidation_state"": ""3"", ""radius_angstrom"": 0.3}, {""oxidation_state"": ""5"", ""radius_angstrom"": 0.27}], ""pymatgen_ionic_radius_available"": true, ""symbol"": ""N""}}","[{""qA"": 1, ""qB"": 3, ""qX"": -3, ""total"": -5}]",[],False,"[""W"", ""Mo"", ""Ta"", ""Nb"", ""Ti"", ""Zr"", ""Hf"", ""Cr"", ""Mn"", ""Fe"", ""Co"", ""Ni""]",True,[],False,False,3.1399999999999997,3.1399999999999997,False,False,"A,B,X,X,X","[[0.0, 0.0, 0.0], [0.5, 0.5, 0.5], [0.0, 0.5, 0.5], [0.5, 0.0, 0.5], [0.5, 0.5, 0.0]]",True,True,[],nitride,True,True,True,,NaCrN3,5,"[""Na"", ""Cr"", ""N"", ""N"", ""N""]",NaCrN3,5,"[""Na"", ""Cr"", ""N"", ""N"", ""N""]",False,False,False,0.0,False,"[""no common valence combo satisfies neutrality for Na-Cr-N""]",True,[],False,"[""mu=1.49 outside [0.41,0.90]""]",0.8061918078496307,1.4920634920634919,charge,"[""no common valence combo satisfies neutrality for Na-Cr-N""]",charge_compatible_A,False,Repository-table admissibility only; rejection is not proof of physical impossibility.
cmr_a36c62d0c7f3713321685a5cb6488f21,La:1|Ni:1|O:3,LaNiO3,La,Ni,O,oxide,True,La,Ni,O,True,True,True,True,True,"{""A"": {""error"": null, ""generation_fallback_possible"": false, ""generation_radius_angstrom"": 1.172, ""pymatgen_ionic_radii"": [{""oxidation_state"": ""3"", ""radius_angstrom"": 1.172}], ""pymatgen_ionic_radius_available"": true, ""symbol"": ""La""}, ""B"": {""error"": null, ""generation_fallback_possible"": false, ""generation_radius_angstrom"": 0.74, ""pymatgen_ionic_radii"": [{""oxidation_state"": ""3"", ""radius_angstrom"": 0.74}], ""pymatgen_ionic_radius_available"": true, ""symbol"": ""Ni""}, ""X"": {""error"": null, ""generation_fallback_possible"": false, ""generation_radius_angstrom"": 1.26, ""pymatgen_ionic_radii"": [{""oxidation_state"": ""-2"", ""radius_angstrom"": 1.26}], ""pymatgen_ionic_radius_available"": true, ""symbol"": ""O""}}","[{""qA"": 3, ""qB"": 3, ""qX"": -2, ""total"": 0}]","[{""qA"": 3, ""qB"": 3, ""qX"": -2, ""total"": 0}]",True,"[""Ti"", ""Zr"", ""Hf"", ""V"", ""Nb"", ""Ta"", ""Cr"", ""Mn"", ""Fe"", ""Co"", ""Ni"", ""Cu"", ""Zn"", ""Sc"", ""Y"", ""Al"", ""Ga"", ""In"", ""Ge"", ""Sn"", ""Pb"", ""W"", ""Mo""]",True,"[""Yb"", ""Pr"", ""Tb"", ""Tm"", ""Er"", ""Ho"", ""Gd"", ""Dy"", ""Nd"", ""La"", ""Eu"", ""Sm"", ""Lu"", ""Ce""]",True,False,4.0,4.0,False,False,"A,B,X,X,X","[[0.0, 0.0, 0.0], [0.5, 0.5, 0.5], [0.0, 0.5, 0.5], [0.5, 0.0, 0.5], [0.5, 0.5, 0.0]]",True,True,[],oxide,True,True,True,,LaNiO3,5,"[""La"", ""Ni"", ""O"", ""O"", ""O""]",LaNiO3,5,"[""La"", ""Ni"", ""O"", ""O"", ""O""]",False,False,False,0.0,True,[],True,[],True,[],0.8598418459228417,0.5873015873015873,,[],,True,Repository-table admissibility only; rejection is not proof of physical impossibility.
cmr_bd8c8bb480ad1e9422f4b5cd79215eba,Cs:1|O:3|W:1,CsWO3,Cs,W,O,oxide,True,Cs,W,O,True,True,True,True,True,"{""A"": {""error"": null, ""generation_fallback_possible"": false, ""generation_radius_angstrom"": 1.81, ""pymatgen_ionic_radii"": [{""oxidation_state"": ""1"", ""radius_angstrom"": 1.81}], ""pymatgen_ionic_radius_available"": true, ""symbol"": ""Cs""}, ""B"": {""error"": null, ""generation_fallback_possible"": false, ""generation_radius_angstrom"": 0.7666666666666666, ""pymatgen_ionic_radii"": [{""oxidation_state"": ""4"", ""radius_angstrom"": 0.8}, {""oxidation_state"": ""5"", ""radius_angstrom"": 0.76}, {""oxidation_state"": ""6"", ""radius_angstrom"": 0.74}], ""pymatgen_ionic_radius_available"": true, ""symbol"": ""W""}, ""X"": {""error"": null, ""generation_fallback_possible"": false, ""generation_radius_angstrom"": 1.26, ""pymatgen_ionic_radii"": [{""oxidation_state"": ""-2"", ""radius_angstrom"": 1.26}], ""pymatgen_ionic_radius_available"": true, ""symbol"": ""O""}}","[{""qA"": 1, ""qB"": 6, ""qX"": -2, ""total"": 1}]",[],False,"[""Ti"", ""Zr"", ""Hf"", ""V"", ""Nb"", ""Ta"", ""Cr"", ""Mn"", ""Fe"", ""Co"", ""Ni"", ""Cu"", ""Zn"", ""Sc"", ""Y"", ""Al"", ""Ga"", ""In"", ""Ge"", ""Sn"", ""Pb"", ""W"", ""Mo""]",True,[],False,False,4.053333333333333,4.053333333333333,False,False,"A,B,X,X,X","[[0.0, 0.0, 0.0], [0.5, 0.5, 0.5], [0.0, 0.5, 0.5], [0.5, 0.0, 0.5], [0.5, 0.5, 0.0]]",True,True,[],oxide,True,True,True,,CsWO3,5,"[""Cs"", ""W"", ""O"", ""O"", ""O""]",CsWO3,5,"[""Cs"", ""W"", ""O"", ""O"", ""O""]",False,False,False,0.0,False,"[""no common valence combo satisfies neutrality for Cs-W-O""]",True,[],False,"[""t=1.07 outside [0.80,1.05]""]",1.0711272129487013,0.6084656084656084,charge,"[""no common valence combo satisfies neutrality for Cs-W-O""]",charge_compatible_A,False,Repository-table admissibility only; rejection is not proof of physical impossibility.
cmr_bf604be7ac3009a8fed955cf6716a2df,Fe:1|N:3|Rb:1,FeRbN3,Rb,Fe,N,nitride,True,Rb,Fe,N,True,True,True,True,True,"{""A"": {""error"": null, ""generation_fallback_possible"": false, ""generation_radius_angstrom"": 1.66, ""pymatgen_ionic_radii"": [{""oxidation_state"": ""1"", ""radius_angstrom"": 1.66}], ""pymatgen_ionic_radius_available"": true, ""symbol"": ""Rb""}, ""B"": {""error"": null, ""generation_fallback_possible"": false, ""generation_radius_angstrom"": 0.8525, ""pymatgen_ionic_radii"": [{""oxidation_state"": ""2"", ""radius_angstrom"": 0.92}, {""oxidation_state"": ""3"", ""radius_angstrom"": 0.785}], ""pymatgen_ionic_radius_available"": true, ""symbol"": ""Fe""}, ""X"": {""error"": null, ""generation_fallback_possible"": false, ""generation_radius_angstrom"": 0.63, ""pymatgen_ionic_radii"": [{""oxidation_state"": ""-3"", ""radius_angstrom"": 1.32}, {""oxidation_state"": ""3"", ""radius_angstrom"": 0.3}, {""oxidation_state"": ""5"", ""radius_angstrom"": 0.27}], ""pymatgen_ionic_radius_available"": true, ""symbol"": ""N""}}","[{""qA"": 1, ""qB"": 3, ""qX"": -3, ""total"": -5}]",[],False,"[""W"", ""Mo"", ""Ta"", ""Nb"", ""Ti"", ""Zr"", ""Hf"", ""Cr"", ""Mn"", ""Fe"", ""Co"", ""Ni""]",True,[],False,False,2.965,3.0,True,False,"A,B,X,X,X","[[0.0, 0.0, 0.0], [0.5, 0.5, 0.5], [0.0, 0.5, 0.5], [0.5, 0.0, 0.5], [0.5, 0.5, 0.0]]",True,True,[],nitride,True,True,True,,RbFeN3,5,"[""Rb"", ""Fe"", ""N"", ""N"", ""N""]",RbFeN3,5,"[""Rb"", ""Fe"", ""N"", ""N"", ""N""]",False,False,False,0.0,False,"[""no common valence combo satisfies neutrality for Rb-Fe-N""]",True,[],False,"[""t=1.09 outside [0.75,1.08]"", ""mu=1.35 outside [0.41,0.90]""]",1.0922593786962522,1.3531746031746033,charge,"[""no common valence combo satisfies neutrality for Rb-Fe-N""]",charge_compatible_A,False,Repository-table admissibility only; rejection is not proof of physical impossibility.
cmr_dbcef27061099822569740c11818d051,Cs:1|O:3|Pb:1,CsPbO3,Cs,Pb,O,oxide,True,Cs,Pb,O,True,True,True,True,True,"{""A"": {""error"": null, ""generation_fallback_possible"": false, ""generation_radius_angstrom"": 1.81, ""pymatgen_ionic_radii"": [{""oxidation_state"": ""1"", ""radius_angstrom"": 1.81}], ""pymatgen_ionic_radius_available"": true, ""symbol"": ""Cs""}, ""B"": {""error"": null, ""generation_fallback_possible"": false, ""generation_radius_angstrom"": 1.1225, ""pymatgen_ionic_radii"": [{""oxidation_state"": ""2"", ""radius_angstrom"": 1.33}, {""oxidation_state"": ""4"", ""radius_angstrom"": 0.915}], ""pymatgen_ionic_radius_available"": true, ""symbol"": ""Pb""}, ""X"": {""error"": null, ""generation_fallback_possible"": false, ""generation_radius_angstrom"": 1.26, ""pymatgen_ionic_radii"": [{""oxidation_state"": ""-2"", ""radius_angstrom"": 1.26}], ""pymatgen_ionic_radius_available"": true, ""symbol"": ""O""}}","[{""qA"": 1, ""qB"": 4, ""qX"": -2, ""total"": -1}]",[],False,"[""Ti"", ""Zr"", ""Hf"", ""V"", ""Nb"", ""Ta"", ""Cr"", ""Mn"", ""Fe"", ""Co"", ""Ni"", ""Cu"", ""Zn"", ""Sc"", ""Y"", ""Al"", ""Ga"", ""In"", ""Ge"", ""Sn"", ""Pb"", ""W"", ""Mo""]",True,"[""Ba"", ""Sr"", ""Ca""]",False,False,4.765000000000001,4.765000000000001,False,False,"A,B,X,X,X","[[0.0, 0.0, 0.0], [0.5, 0.5, 0.5], [0.0, 0.5, 0.5], [0.5, 0.0, 0.5], [0.5, 0.5, 0.0]]",True,True,[],oxide,True,True,True,,CsPbO3,5,"[""Cs"", ""Pb"", ""O"", ""O"", ""O""]",CsPbO3,5,"[""Cs"", ""Pb"", ""O"", ""O"", ""O""]",False,False,False,0.0,False,"[""no common valence combo satisfies neutrality for Cs-Pb-O""]",True,[],True,[],0.9111512353589509,0.8908730158730159,charge,"[""no common valence combo satisfies neutrality for Cs-Pb-O""]",source_A_excluded_by_source_B_X,False,Repository-table admissibility only; rejection is not proof of physical impossibility.
cmr_e8bb6f6ece3b11691f6fbdf699fa676a,Ca:1|Co:1|N:3,CaCoN3,Ca,Co,N,nitride,True,Ca,Co,N,True,True,True,True,True,"{""A"": {""error"": null, ""generation_fallback_possible"": false, ""generation_radius_angstrom"": 1.14, ""pymatgen_ionic_radii"": [{""oxidation_state"": ""2"", ""radius_angstrom"": 1.14}], ""pymatgen_ionic_radius_available"": true, ""symbol"": ""Ca""}, ""B"": {""error"": null, ""generation_fallback_possible"": false, ""generation_radius_angstrom"": 0.7683333333333334, ""pymatgen_ionic_radii"": [{""oxidation_state"": ""2"", ""radius_angstrom"": 0.885}, {""oxidation_state"": ""3"", ""radius_angstrom"": 0.75}, {""oxidation_state"": ""4"", ""radius_angstrom"": 0.67}], ""pymatgen_ionic_radius_available"": true, ""symbol"": ""Co""}, ""X"": {""error"": null, ""generation_fallback_possible"": false, ""generation_radius_angstrom"": 0.63, ""pymatgen_ionic_radii"": [{""oxidation_state"": ""-3"", ""radius_angstrom"": 1.32}, {""oxidation_state"": ""3"", ""radius_angstrom"": 0.3}, {""oxidation_state"": ""5"", ""radius_angstrom"": 0.27}], ""pymatgen_ionic_radius_available"": true, ""symbol"": ""N""}}","[{""qA"": 2, ""qB"": 3, ""qX"": -3, ""total"": -4}]",[],False,"[""W"", ""Mo"", ""Ta"", ""Nb"", ""Ti"", ""Zr"", ""Hf"", ""Cr"", ""Mn"", ""Fe"", ""Co"", ""Ni""]",True,[],False,False,2.796666666666667,3.0,True,False,"A,B,X,X,X","[[0.0, 0.0, 0.0], [0.5, 0.5, 0.5], [0.0, 0.5, 0.5], [0.5, 0.0, 0.5], [0.5, 0.5, 0.0]]",True,True,[],nitride,True,True,True,,CaCoN3,5,"[""Ca"", ""Co"", ""N"", ""N"", ""N""]",CaCoN3,5,"[""Ca"", ""Co"", ""N"", ""N"", ""N""]",False,False,False,0.0,False,"[""no common valence combo satisfies neutrality for Ca-Co-N""]",True,[],False,"[""mu=1.22 outside [0.41,0.90]""]",0.8950505382838061,1.2195767195767198,charge,"[""no common valence combo satisfies neutrality for Ca-Co-N""]",charge_compatible_A,False,Repository-table admissibility only; rejection is not proof of physical impossibility.
cmr_fa3beecfda0e2ee6c4c5dd7cb9227cca,Ca:1|N:3|Zr:1,CaZrN3,Ca,Zr,N,nitride,True,Ca,Zr,N,True,True,True,True,True,"{""A"": {""error"": null, ""generation_fallback_possible"": false, ""generation_radius_angstrom"": 1.14, ""pymatgen_ionic_radii"": [{""oxidation_state"": ""2"", ""radius_angstrom"": 1.14}], ""pymatgen_ionic_radius_available"": true, ""symbol"": ""Ca""}, ""B"": {""error"": null, ""generation_fallback_possible"": false, ""generation_radius_angstrom"": 0.86, ""pymatgen_ionic_radii"": [{""oxidation_state"": ""4"", ""radius_angstrom"": 0.86}], ""pymatgen_ionic_radius_available"": true, ""symbol"": ""Zr""}, ""X"": {""error"": null, ""generation_fallback_possible"": false, ""generation_radius_angstrom"": 0.63, ""pymatgen_ionic_radii"": [{""oxidation_state"": ""-3"", ""radius_angstrom"": 1.32}, {""oxidation_state"": ""3"", ""radius_angstrom"": 0.3}, {""oxidation_state"": ""5"", ""radius_angstrom"": 0.27}], ""pymatgen_ionic_radius_available"": true, ""symbol"": ""N""}}","[{""qA"": 2, ""qB"": 4, ""qX"": -3, ""total"": -3}]",[],False,"[""W"", ""Mo"", ""Ta"", ""Nb"", ""Ti"", ""Zr"", ""Hf"", ""Cr"", ""Mn"", ""Fe"", ""Co"", ""Ni""]",True,[],False,False,2.98,3.0,True,False,"A,B,X,X,X","[[0.0, 0.0, 0.0], [0.5, 0.5, 0.5], [0.0, 0.5, 0.5], [0.5, 0.0, 0.5], [0.5, 0.5, 0.0]]",True,True,[],nitride,True,True,True,,CaZrN3,5,"[""Ca"", ""Zr"", ""N"", ""N"", ""N""]",CaZrN3,5,"[""Ca"", ""Zr"", ""N"", ""N"", ""N""]",False,False,False,0.0,False,"[""no common valence combo satisfies neutrality for Ca-Zr-N""]",True,[],False,"[""mu=1.37 outside [0.41,0.90]""]",0.8399859078524758,1.3650793650793651,charge,"[""no common valence combo satisfies neutrality for Ca-Zr-N""]",charge_compatible_A,False,Repository-table admissibility only; rejection is not proof of physical impossibility.
