latent_arm,geometry_mode,family,material_count,mean_B_raw_all_species_mass_without_compatible_A,mean_B_raw_family_pool_mass_without_compatible_A,mean_B_temperature_pre_topk_mass_without_compatible_A,mean_B_actual_post_topk_mass_without_compatible_A,source_B_in_topk_count,source_A_charge_compatible_count,source_A_in_conditional_topk_count,source_AB_topk_reachable_count
joint,zero,oxide,11,0.08302898644001111,0.1834199271781804,0.18031046199217154,0.1803105737607005,5,3,3,2
joint,zero,nitride,9,0.6863030265990852,0.9999986622068617,0.9999828603532579,0.999982876413434,9,0,0,0
joint,template,oxide,11,0.3495145463190308,0.3518988872753975,0.34604726380390194,0.3460472988966371,11,3,3,3
joint,template,nitride,9,0.7668734019518726,0.7782572093023595,0.7793265462516703,0.7793265656846824,9,0,0,0
fixed_real,zero,oxide,11,5.7297448036175425e-12,1.0306980963159518e-11,1.6222888588046658e-09,1.6222888588046658e-09,2,3,3,1
fixed_real,zero,nitride,9,0.5558984279632568,1.0,1.0,1.0000000187171192,9,0,0,0
fixed_real,template,oxide,11,2.714334357278858e-07,2.714334073061764e-07,5.390534170146566e-06,5.390533260651864e-06,2,3,3,1
fixed_real,template,nitride,9,0.999757707118988,0.9999996423721313,0.9999946355819702,0.9999944763078852,9,0,0,0
property,zero,oxide,11,3.750317257581282e-09,0.06233966037679505,0.06039670287596576,0.06039670852446561,5,3,3,1
property,zero,nitride,9,0.005523181643285271,0.9999999403953552,0.9999986423386468,0.999998643955958,9,0,0,0
property,template,oxide,11,0.2686976052460853,0.3280574250384234,0.28263625413687393,0.32503679157658055,6,3,3,1
property,template,nitride,9,0.13382689944571918,0.8033795356750488,0.8048716121249728,0.8048716183337901,9,0,0,0
