latent_arm,family,unique_source_materials,charge_neutral_source_materials,deterministically_exportable_source_materials,decode_calls,consumed_attempts,constructed_attempts,accepted_calls,accepted_calls_per_consumed_attempt,accepted_call_fraction,unique_accepted_compositions,accepted_composition_counts_json,source_materials_with_accepted_output,attempt_source_AB_recovery_count,attempt_source_AB_recovery_rate,accepted_source_AB_recovery_count,accepted_source_AB_recovery_rate_per_attempt,endpoint_source_AB_recovery_count,oracle_exportable_decode_calls,oracle_exportable_consumed_attempts,oracle_exportable_attempt_source_AB_recovery_count,oracle_exportable_accepted_source_AB_recovery_count,oracle_exportable_endpoint_source_AB_recovery_count,rejection_stage_counts_json
joint,oxide,11,3,2,33,243,124,15,0.06172839506172839,0.45454545454545453,6,"{""CaGeO3"": 3, ""KTaO3"": 3, ""LaNiO3"": 3, ""NaNbO3"": 1, ""NaTaO3"": 2, ""NaVO3"": 3}",5,3,0.012345679012345678,3,0.012345679012345678,3,6,40,3,3,3,"{""charge_compatible_A"": 119, ""tolerance/mu"": 109}"
joint,nitride,9,0,0,27,324,71,0,0.0,0.0,0,{},0,0,0.0,0,0.0,0,0,0,0,0,0,"{""charge_compatible_A"": 253, ""tolerance/mu"": 71}"
joint,all,20,3,2,60,567,195,15,0.026455026455026454,0.25,6,"{""CaGeO3"": 3, ""KTaO3"": 3, ""LaNiO3"": 3, ""NaNbO3"": 1, ""NaTaO3"": 2, ""NaVO3"": 3}",5,3,0.005291005291005291,3,0.005291005291005291,3,6,40,3,3,3,"{""charge_compatible_A"": 372, ""tolerance/mu"": 180}"
fixed_real,oxide,11,3,2,33,301,301,15,0.04983388704318937,0.45454545454545453,2,"{""CaZrO3"": 14, ""SrZrO3"": 1}",10,0,0.0,0,0.0,0,6,51,0,0,0,"{""tolerance/mu"": 286}"
fixed_real,nitride,9,0,0,27,324,0,0,0.0,0.0,0,{},0,0,0.0,0,0.0,0,0,0,0,0,0,"{""charge_compatible_A"": 324}"
fixed_real,all,20,3,2,60,625,301,15,0.024,0.25,2,"{""CaZrO3"": 14, ""SrZrO3"": 1}",10,0,0.0,0,0.0,0,6,51,0,0,0,"{""charge_compatible_A"": 324, ""tolerance/mu"": 286}"
property,oxide,11,3,2,33,59,38,33,0.559322033898305,1.0,19,"{""BaGeO3"": 1, ""BaTiO3"": 2, ""CaGeO3"": 2, ""CaZrO3"": 1, ""KNbO3"": 2, ""KTaO3"": 1, ""KVO3"": 2, ""LaAlO3"": 2, ""LaCoO3"": 3, ""LaFeO3"": 2, ""LaScO3"": 1, ""NaNbO3"": 3, ""NaVO3"": 1, ""RbNbO3"": 1, ""RbTaO3"": 2, ""RbVO3"": 1, ""SrSnO3"": 2, ""SrVO3"": 3, ""SrZrO3"": 1}",11,0,0.0,0,0.0,0,6,9,0,0,0,"{""charge_compatible_A"": 21, ""tolerance/mu"": 5}"
property,nitride,9,0,0,27,324,71,0,0.0,0.0,0,{},0,0,0.0,0,0.0,0,0,0,0,0,0,"{""charge_compatible_A"": 253, ""tolerance/mu"": 71}"
property,all,20,3,2,60,383,109,33,0.08616187989556136,0.55,19,"{""BaGeO3"": 1, ""BaTiO3"": 2, ""CaGeO3"": 2, ""CaZrO3"": 1, ""KNbO3"": 2, ""KTaO3"": 1, ""KVO3"": 2, ""LaAlO3"": 2, ""LaCoO3"": 3, ""LaFeO3"": 2, ""LaScO3"": 1, ""NaNbO3"": 3, ""NaVO3"": 1, ""RbNbO3"": 1, ""RbTaO3"": 2, ""RbVO3"": 1, ""SrSnO3"": 2, ""SrVO3"": 3, ""SrZrO3"": 1}",11,0,0.0,0,0.0,0,6,9,0,0,0,"{""charge_compatible_A"": 274, ""tolerance/mu"": 76}"
