policy_schema_version,split,stratum_type,stratum,family,single_or_mixed,records,pct_all_CMR,pct_family_all_splits,composition_groups,zero_direct_gap_records,positive_direct_gap_records,negative_direct_gap_records,direct_gap_min_eV,direct_gap_max_eV,heat_all_min_eV_per_atom,heat_all_max_eV_per_atom,paired_labels_available_count,source_minimal_valid_count,legacy_scope_count,all_roles_supported_count,global_A_supported_count,global_B_supported_count,global_X_supported_count,exact_anion_seen_in_train_count,full_composition_seen_in_train_count,MF_P0_source_eligible_count,MF_P0_legacy_oracle_exportable_count,MF_P1_source_eligible_count,MF_P2_source_eligible_count,MF_P3_source_eligible_count,MF_P4_source_eligible_count,newly_eligible_after_legacy_veto_removal_count,newly_eligible_after_global_vocabulary_count,newly_eligible_after_mixed_X_count,ambiguous_role_count,structural_failure_count,missing_paired_label_count,legacy_oracle_unknown_count,MF_P0_waterfall_missing_paired_labels_count,MF_P0_waterfall_ambiguous_roles_count,MF_P0_waterfall_source_structural_failure_count,MF_P0_waterfall_outside_legacy_scope_count,MF_P0_waterfall_legacy_role_out_of_support_count,MF_P0_waterfall_legacy_oracle_rejected_count,MF_P0_waterfall_legacy_oracle_unknown_count,MF_P0_waterfall_shared_X_required_count,MF_P0_waterfall_role_out_of_training_support_count,MF_P0_waterfall_eligible_source_count,MF_P0_waterfall_eligible_oracle_count,MF_P1_waterfall_missing_paired_labels_count,MF_P1_waterfall_ambiguous_roles_count,MF_P1_waterfall_source_structural_failure_count,MF_P1_waterfall_outside_legacy_scope_count,MF_P1_waterfall_legacy_role_out_of_support_count,MF_P1_waterfall_legacy_oracle_rejected_count,MF_P1_waterfall_legacy_oracle_unknown_count,MF_P1_waterfall_shared_X_required_count,MF_P1_waterfall_role_out_of_training_support_count,MF_P1_waterfall_eligible_source_count,MF_P1_waterfall_eligible_oracle_count,MF_P2_waterfall_missing_paired_labels_count,MF_P2_waterfall_ambiguous_roles_count,MF_P2_waterfall_source_structural_failure_count,MF_P2_waterfall_outside_legacy_scope_count,MF_P2_waterfall_legacy_role_out_of_support_count,MF_P2_waterfall_legacy_oracle_rejected_count,MF_P2_waterfall_legacy_oracle_unknown_count,MF_P2_waterfall_shared_X_required_count,MF_P2_waterfall_role_out_of_training_support_count,MF_P2_waterfall_eligible_source_count,MF_P2_waterfall_eligible_oracle_count,MF_P3_waterfall_missing_paired_labels_count,MF_P3_waterfall_ambiguous_roles_count,MF_P3_waterfall_source_structural_failure_count,MF_P3_waterfall_outside_legacy_scope_count,MF_P3_waterfall_legacy_role_out_of_support_count,MF_P3_waterfall_legacy_oracle_rejected_count,MF_P3_waterfall_legacy_oracle_unknown_count,MF_P3_waterfall_shared_X_required_count,MF_P3_waterfall_role_out_of_training_support_count,MF_P3_waterfall_eligible_source_count,MF_P3_waterfall_eligible_oracle_count,MF_P4_waterfall_missing_paired_labels_count,MF_P4_waterfall_ambiguous_roles_count,MF_P4_waterfall_source_structural_failure_count,MF_P4_waterfall_outside_legacy_scope_count,MF_P4_waterfall_legacy_role_out_of_support_count,MF_P4_waterfall_legacy_oracle_rejected_count,MF_P4_waterfall_legacy_oracle_unknown_count,MF_P4_waterfall_shared_X_required_count,MF_P4_waterfall_role_out_of_training_support_count,MF_P4_waterfall_eligible_source_count,MF_P4_waterfall_eligible_oracle_count,waterfall_missing_paired_labels_count,waterfall_ambiguous_roles_count,waterfall_source_structural_failure_count,waterfall_role_out_of_training_support_count,waterfall_eligible_MF_P4_count,pct_split_family
multifamily_v1,train,all,ALL,ALL,both,15143,80.00316990701606,,7715,14566,577,0,0.0,7.4,-0.64,4.98,15143,15143,224,15143,15143,15143,15143,15143,15143,224,34,224,224,4280,15143,190,4056,10863,0,0,0,0,0,0,0,10863,4056,190,0,0,0,0,34,0,0,0,10863,4056,0,0,0,0,224,0,0,0,0,10863,4056,0,0,0,0,224,0,0,0,0,0,0,0,0,10863,0,4280,0,0,0,0,0,0,0,0,0,0,15143,0,0,0,0,0,15143,
multifamily_v1,train,family,oxide,oxide,single,2177,11.501479289940828,80.5103550295858,1109,2042,135,0,0.0,7.3,-0.64,3.98,2177,2177,151,2177,2177,2177,2177,2177,2177,151,34,151,151,2177,2177,117,2026,0,0,0,0,0,0,0,0,0,2026,117,0,0,0,0,34,0,0,0,0,2026,0,0,0,0,151,0,0,0,0,0,2026,0,0,0,0,151,0,0,0,0,0,0,0,0,0,0,2177,0,0,0,0,0,0,0,0,0,0,2177,0,0,0,0,0,2177,100.0
multifamily_v1,train,family,nitride,nitride,single,2103,11.110524091293321,77.77366863905326,1073,2087,16,0,0.0,1.3,-0.14,4.98,2103,2103,73,2103,2103,2103,2103,2103,2103,73,0,73,73,2103,2103,73,2030,0,0,0,0,0,0,0,0,0,2030,73,0,0,0,0,0,0,0,0,0,2030,0,0,0,0,73,0,0,0,0,0,2030,0,0,0,0,73,0,0,0,0,0,0,0,0,0,0,2103,0,0,0,0,0,0,0,0,0,0,2103,0,0,0,0,0,2103,100.0
multifamily_v1,train,family,oxynitride,oxynitride,mixed,4374,23.108622147083686,80.8801775147929,2228,4262,112,0,0.0,4.2,-0.14,4.96,4374,4374,0,4374,4374,4374,4374,4374,4374,0,0,0,0,0,4374,0,0,4374,0,0,0,0,0,0,0,4374,0,0,0,0,0,0,0,0,0,0,4374,0,0,0,0,0,0,0,0,0,0,4374,0,0,0,0,0,0,0,0,0,0,0,0,0,0,4374,0,0,0,0,0,0,0,0,0,0,0,0,4374,0,0,0,0,0,4374,100.0
multifamily_v1,train,family,oxyhalide,oxyhalide,mixed,2167,11.448647506339814,80.1405325443787,1102,2058,109,0,0.0,7.4,-0.04,3.94,2167,2167,0,2167,2167,2167,2167,2167,2167,0,0,0,0,0,2167,0,0,2167,0,0,0,0,0,0,0,2167,0,0,0,0,0,0,0,0,0,0,2167,0,0,0,0,0,0,0,0,0,0,2167,0,0,0,0,0,0,0,0,0,0,0,0,0,0,2167,0,0,0,0,0,0,0,0,0,0,0,0,2167,0,0,0,0,0,2167,100.0
multifamily_v1,train,family,oxychalcogenide,oxychalcogenide,mixed,2196,11.601859678782755,81.21301775147928,1120,2058,138,0,0.0,5.0,0.18,4.26,2196,2196,0,2196,2196,2196,2196,2196,2196,0,0,0,0,0,2196,0,0,2196,0,0,0,0,0,0,0,2196,0,0,0,0,0,0,0,0,0,0,2196,0,0,0,0,0,0,0,0,0,0,2196,0,0,0,0,0,0,0,0,0,0,0,0,0,0,2196,0,0,0,0,0,0,0,0,0,0,0,0,2196,0,0,0,0,0,2196,100.0
multifamily_v1,train,family,other_mixed,other_mixed,mixed,2126,11.232037193575655,78.62426035502959,1083,2059,67,0,0.0,4.0,0.22,4.28,2126,2126,0,2126,2126,2126,2126,2126,2126,0,0,0,0,0,2126,0,0,2126,0,0,0,0,0,0,0,2126,0,0,0,0,0,0,0,0,0,0,2126,0,0,0,0,0,0,0,0,0,0,2126,0,0,0,0,0,0,0,0,0,0,0,0,0,0,2126,0,0,0,0,0,0,0,0,0,0,0,0,2126,0,0,0,0,0,2126,100.0
multifamily_v1,train,exact_anion,N3,nitride,single,2103,11.110524091293321,77.77366863905326,1073,2087,16,0,0.0,1.3,-0.14,4.98,2103,2103,73,2103,2103,2103,2103,2103,2103,73,0,73,73,2103,2103,73,2030,0,0,0,0,0,0,0,0,0,2030,73,0,0,0,0,0,0,0,0,0,2030,0,0,0,0,73,0,0,0,0,0,2030,0,0,0,0,73,0,0,0,0,0,0,0,0,0,0,2103,0,0,0,0,0,0,0,0,0,0,2103,0,0,0,0,0,2103,100.0
multifamily_v1,train,exact_anion,O2F,oxyhalide,mixed,2167,11.448647506339814,80.1405325443787,1102,2058,109,0,0.0,7.4,-0.04,3.94,2167,2167,0,2167,2167,2167,2167,2167,2167,0,0,0,0,0,2167,0,0,2167,0,0,0,0,0,0,0,2167,0,0,0,0,0,0,0,0,0,0,2167,0,0,0,0,0,0,0,0,0,0,2167,0,0,0,0,0,0,0,0,0,0,0,0,0,0,2167,0,0,0,0,0,0,0,0,0,0,0,0,2167,0,0,0,0,0,2167,100.0
multifamily_v1,train,exact_anion,O2N,oxynitride,mixed,2195,11.596576500422655,40.58801775147929,1118,2126,69,0,0.0,4.2,-0.14,3.82,2195,2195,0,2195,2195,2195,2195,2195,2195,0,0,0,0,0,2195,0,0,2195,0,0,0,0,0,0,0,2195,0,0,0,0,0,0,0,0,0,0,2195,0,0,0,0,0,0,0,0,0,0,2195,0,0,0,0,0,0,0,0,0,0,0,0,0,0,2195,0,0,0,0,0,0,0,0,0,0,0,0,2195,0,0,0,0,0,2195,50.182898948331044
multifamily_v1,train,exact_anion,O2S,oxychalcogenide,mixed,2196,11.601859678782755,81.21301775147928,1120,2058,138,0,0.0,5.0,0.18,4.26,2196,2196,0,2196,2196,2196,2196,2196,2196,0,0,0,0,0,2196,0,0,2196,0,0,0,0,0,0,0,2196,0,0,0,0,0,0,0,0,0,0,2196,0,0,0,0,0,0,0,0,0,0,2196,0,0,0,0,0,0,0,0,0,0,0,0,0,0,2196,0,0,0,0,0,0,0,0,0,0,0,0,2196,0,0,0,0,0,2196,100.0
multifamily_v1,train,exact_anion,O3,oxide,single,2177,11.501479289940828,80.5103550295858,1109,2042,135,0,0.0,7.3,-0.64,3.98,2177,2177,151,2177,2177,2177,2177,2177,2177,151,34,151,151,2177,2177,117,2026,0,0,0,0,0,0,0,0,0,2026,117,0,0,0,0,34,0,0,0,0,2026,0,0,0,0,151,0,0,0,0,0,2026,0,0,0,0,151,0,0,0,0,0,0,0,0,0,0,2177,0,0,0,0,0,0,0,0,0,0,2177,0,0,0,0,0,2177,100.0
multifamily_v1,train,exact_anion,OFN,other_mixed,mixed,2126,11.232037193575655,78.62426035502959,1083,2059,67,0,0.0,4.0,0.22,4.28,2126,2126,0,2126,2126,2126,2126,2126,2126,0,0,0,0,0,2126,0,0,2126,0,0,0,0,0,0,0,2126,0,0,0,0,0,0,0,0,0,0,2126,0,0,0,0,0,0,0,0,0,0,2126,0,0,0,0,0,0,0,0,0,0,0,0,0,0,2126,0,0,0,0,0,0,0,0,0,0,0,0,2126,0,0,0,0,0,2126,100.0
multifamily_v1,train,exact_anion,ON2,oxynitride,mixed,2179,11.512045646661031,40.292159763313606,1110,2136,43,0,0.0,3.4,-0.02,4.96,2179,2179,0,2179,2179,2179,2179,2179,2179,0,0,0,0,0,2179,0,0,2179,0,0,0,0,0,0,0,2179,0,0,0,0,0,0,0,0,0,0,2179,0,0,0,0,0,0,0,0,0,0,2179,0,0,0,0,0,0,0,0,0,0,0,0,0,0,2179,0,0,0,0,0,0,0,0,0,0,0,0,2179,0,0,0,0,0,2179,49.817101051668956
multifamily_v1,val,all,ALL,ALL,both,1893,10.00105663567202,,968,1821,72,0,0.0,7.9,-0.32,4.78,1893,1893,32,1893,1893,1893,1893,1893,0,32,4,32,32,623,1893,28,591,1270,0,0,0,0,0,0,0,1270,591,28,0,0,0,0,4,0,0,0,1270,591,0,0,0,0,32,0,0,0,0,1270,591,0,0,0,0,32,0,0,0,0,0,0,0,0,1270,0,623,0,0,0,0,0,0,0,0,0,0,1893,0,0,0,0,0,1893,
multifamily_v1,val,family,oxide,oxide,single,273,1.4423076923076923,10.096153846153847,139,261,12,0,0.0,7.9,-0.32,3.58,273,273,20,273,273,273,273,273,0,20,4,20,20,273,273,16,253,0,0,0,0,0,0,0,0,0,253,16,0,0,0,0,4,0,0,0,0,253,0,0,0,0,20,0,0,0,0,0,253,0,0,0,0,20,0,0,0,0,0,0,0,0,0,0,273,0,0,0,0,0,0,0,0,0,0,273,0,0,0,0,0,273,100.0
multifamily_v1,val,family,nitride,nitride,single,350,1.849112426035503,12.94378698224852,178,347,3,0,0.0,0.9,0.2,4.78,350,350,12,350,350,350,350,350,0,12,0,12,12,350,350,12,338,0,0,0,0,0,0,0,0,0,338,12,0,0,0,0,0,0,0,0,0,338,0,0,0,0,12,0,0,0,0,0,338,0,0,0,0,12,0,0,0,0,0,0,0,0,0,0,350,0,0,0,0,0,0,0,0,0,0,350,0,0,0,0,0,350,100.0
multifamily_v1,val,family,oxynitride,oxynitride,mixed,487,2.5729078613693996,9.0051775147929,248,474,13,0,0.0,3.9,0.12,4.7,487,487,0,487,487,487,487,487,0,0,0,0,0,0,487,0,0,487,0,0,0,0,0,0,0,487,0,0,0,0,0,0,0,0,0,0,487,0,0,0,0,0,0,0,0,0,0,487,0,0,0,0,0,0,0,0,0,0,0,0,0,0,487,0,0,0,0,0,0,0,0,0,0,0,0,487,0,0,0,0,0,487,100.0
multifamily_v1,val,family,oxyhalide,oxyhalide,mixed,258,1.3630600169061708,9.541420118343195,133,244,14,0,0.0,6.5,-0.02,3.64,258,258,0,258,258,258,258,258,0,0,0,0,0,0,258,0,0,258,0,0,0,0,0,0,0,258,0,0,0,0,0,0,0,0,0,0,258,0,0,0,0,0,0,0,0,0,0,258,0,0,0,0,0,0,0,0,0,0,0,0,0,0,258,0,0,0,0,0,0,0,0,0,0,0,0,258,0,0,0,0,0,258,100.0
multifamily_v1,val,family,oxychalcogenide,oxychalcogenide,mixed,245,1.294378698224852,9.060650887573965,126,230,15,0,0.0,3.0,0.24,3.82,245,245,0,245,245,245,245,245,0,0,0,0,0,0,245,0,0,245,0,0,0,0,0,0,0,245,0,0,0,0,0,0,0,0,0,0,245,0,0,0,0,0,0,0,0,0,0,245,0,0,0,0,0,0,0,0,0,0,0,0,0,0,245,0,0,0,0,0,0,0,0,0,0,0,0,245,0,0,0,0,0,245,100.0
multifamily_v1,val,family,other_mixed,other_mixed,mixed,280,1.4792899408284024,10.355029585798816,144,265,15,0,0.0,3.4,0.18,3.9,280,280,0,280,280,280,280,280,0,0,0,0,0,0,280,0,0,280,0,0,0,0,0,0,0,280,0,0,0,0,0,0,0,0,0,0,280,0,0,0,0,0,0,0,0,0,0,280,0,0,0,0,0,0,0,0,0,0,0,0,0,0,280,0,0,0,0,0,0,0,0,0,0,0,0,280,0,0,0,0,0,280,100.0
multifamily_v1,val,exact_anion,N3,nitride,single,350,1.849112426035503,12.94378698224852,178,347,3,0,0.0,0.9,0.2,4.78,350,350,12,350,350,350,350,350,0,12,0,12,12,350,350,12,338,0,0,0,0,0,0,0,0,0,338,12,0,0,0,0,0,0,0,0,0,338,0,0,0,0,12,0,0,0,0,0,338,0,0,0,0,12,0,0,0,0,0,0,0,0,0,0,350,0,0,0,0,0,0,0,0,0,0,350,0,0,0,0,0,350,100.0
multifamily_v1,val,exact_anion,O2F,oxyhalide,mixed,258,1.3630600169061708,9.541420118343195,133,244,14,0,0.0,6.5,-0.02,3.64,258,258,0,258,258,258,258,258,0,0,0,0,0,0,258,0,0,258,0,0,0,0,0,0,0,258,0,0,0,0,0,0,0,0,0,0,258,0,0,0,0,0,0,0,0,0,0,258,0,0,0,0,0,0,0,0,0,0,0,0,0,0,258,0,0,0,0,0,0,0,0,0,0,0,0,258,0,0,0,0,0,258,100.0
multifamily_v1,val,exact_anion,O2N,oxynitride,mixed,221,1.1675824175824177,4.086538461538462,114,212,9,0,0.0,3.9,0.12,4.18,221,221,0,221,221,221,221,221,0,0,0,0,0,0,221,0,0,221,0,0,0,0,0,0,0,221,0,0,0,0,0,0,0,0,0,0,221,0,0,0,0,0,0,0,0,0,0,221,0,0,0,0,0,0,0,0,0,0,0,0,0,0,221,0,0,0,0,0,0,0,0,0,0,0,0,221,0,0,0,0,0,221,45.379876796714576
multifamily_v1,val,exact_anion,O2S,oxychalcogenide,mixed,245,1.294378698224852,9.060650887573965,126,230,15,0,0.0,3.0,0.24,3.82,245,245,0,245,245,245,245,245,0,0,0,0,0,0,245,0,0,245,0,0,0,0,0,0,0,245,0,0,0,0,0,0,0,0,0,0,245,0,0,0,0,0,0,0,0,0,0,245,0,0,0,0,0,0,0,0,0,0,0,0,0,0,245,0,0,0,0,0,0,0,0,0,0,0,0,245,0,0,0,0,0,245,100.0
multifamily_v1,val,exact_anion,O3,oxide,single,273,1.4423076923076923,10.096153846153847,139,261,12,0,0.0,7.9,-0.32,3.58,273,273,20,273,273,273,273,273,0,20,4,20,20,273,273,16,253,0,0,0,0,0,0,0,0,0,253,16,0,0,0,0,4,0,0,0,0,253,0,0,0,0,20,0,0,0,0,0,253,0,0,0,0,20,0,0,0,0,0,0,0,0,0,0,273,0,0,0,0,0,0,0,0,0,0,273,0,0,0,0,0,273,100.0
multifamily_v1,val,exact_anion,OFN,other_mixed,mixed,280,1.4792899408284024,10.355029585798816,144,265,15,0,0.0,3.4,0.18,3.9,280,280,0,280,280,280,280,280,0,0,0,0,0,0,280,0,0,280,0,0,0,0,0,0,0,280,0,0,0,0,0,0,0,0,0,0,280,0,0,0,0,0,0,0,0,0,0,280,0,0,0,0,0,0,0,0,0,0,0,0,0,0,280,0,0,0,0,0,0,0,0,0,0,0,0,280,0,0,0,0,0,280,100.0
multifamily_v1,val,exact_anion,ON2,oxynitride,mixed,266,1.4053254437869822,4.918639053254438,134,262,4,0,0.0,1.8,0.32,4.7,266,266,0,266,266,266,266,266,0,0,0,0,0,0,266,0,0,266,0,0,0,0,0,0,0,266,0,0,0,0,0,0,0,0,0,0,266,0,0,0,0,0,0,0,0,0,0,266,0,0,0,0,0,0,0,0,0,0,0,0,0,0,266,0,0,0,0,0,0,0,0,0,0,0,0,266,0,0,0,0,0,266,54.620123203285424
multifamily_v1,test,all,ALL,ALL,both,1892,9.99577345731192,,963,1806,86,0,0.0,7.2,-0.58,5.16,1892,1892,24,1892,1892,1892,1892,1892,0,24,2,24,24,505,1892,22,481,1387,0,0,0,0,0,0,0,1387,481,22,0,0,0,0,2,0,0,0,1387,481,0,0,0,0,24,0,0,0,0,1387,481,0,0,0,0,24,0,0,0,0,0,0,0,0,1387,0,505,0,0,0,0,0,0,0,0,0,0,1892,0,0,0,0,0,1892,
multifamily_v1,test,family,oxide,oxide,single,254,1.341927303465765,9.393491124260356,130,232,22,0,0.0,4.9,-0.58,2.94,254,254,13,254,254,254,254,254,0,13,2,13,13,254,254,11,241,0,0,0,0,0,0,0,0,0,241,11,0,0,0,0,2,0,0,0,0,241,0,0,0,0,13,0,0,0,0,0,241,0,0,0,0,13,0,0,0,0,0,0,0,0,0,0,254,0,0,0,0,0,0,0,0,0,0,254,0,0,0,0,0,254,100.0
multifamily_v1,test,family,nitride,nitride,single,251,1.3260777683854608,9.282544378698224,127,247,4,0,0.0,1.1,0.02,5.16,251,251,11,251,251,251,251,251,0,11,0,11,11,251,251,11,240,0,0,0,0,0,0,0,0,0,240,11,0,0,0,0,0,0,0,0,0,240,0,0,0,0,11,0,0,0,0,0,240,0,0,0,0,11,0,0,0,0,0,0,0,0,0,0,251,0,0,0,0,0,0,0,0,0,0,251,0,0,0,0,0,251,100.0
multifamily_v1,test,family,oxynitride,oxynitride,mixed,547,2.889898562975486,10.1146449704142,280,522,25,0,0.0,4.5,0.0,4.08,547,547,0,547,547,547,547,547,0,0,0,0,0,0,547,0,0,547,0,0,0,0,0,0,0,547,0,0,0,0,0,0,0,0,0,0,547,0,0,0,0,0,0,0,0,0,0,547,0,0,0,0,0,0,0,0,0,0,0,0,0,0,547,0,0,0,0,0,0,0,0,0,0,0,0,547,0,0,0,0,0,547,100.0
multifamily_v1,test,family,oxyhalide,oxyhalide,mixed,279,1.4740067624683009,10.318047337278106,143,265,14,0,0.0,7.2,-0.02,3.48,279,279,0,279,279,279,279,279,0,0,0,0,0,0,279,0,0,279,0,0,0,0,0,0,0,279,0,0,0,0,0,0,0,0,0,0,279,0,0,0,0,0,0,0,0,0,0,279,0,0,0,0,0,0,0,0,0,0,0,0,0,0,279,0,0,0,0,0,0,0,0,0,0,0,0,279,0,0,0,0,0,279,100.0
multifamily_v1,test,family,oxychalcogenide,oxychalcogenide,mixed,263,1.389475908706678,9.726331360946746,132,250,13,0,0.0,3.6,0.24,4.06,263,263,0,263,263,263,263,263,0,0,0,0,0,0,263,0,0,263,0,0,0,0,0,0,0,263,0,0,0,0,0,0,0,0,0,0,263,0,0,0,0,0,0,0,0,0,0,263,0,0,0,0,0,0,0,0,0,0,0,0,0,0,263,0,0,0,0,0,0,0,0,0,0,0,0,263,0,0,0,0,0,263,100.0
multifamily_v1,test,family,other_mixed,other_mixed,mixed,298,1.5743871513102283,11.020710059171599,151,290,8,0,0.0,1.7,0.22,3.58,298,298,0,298,298,298,298,298,0,0,0,0,0,0,298,0,0,298,0,0,0,0,0,0,0,298,0,0,0,0,0,0,0,0,0,0,298,0,0,0,0,0,0,0,0,0,0,298,0,0,0,0,0,0,0,0,0,0,0,0,0,0,298,0,0,0,0,0,0,0,0,0,0,0,0,298,0,0,0,0,0,298,100.0
multifamily_v1,test,exact_anion,N3,nitride,single,251,1.3260777683854608,9.282544378698224,127,247,4,0,0.0,1.1,0.02,5.16,251,251,11,251,251,251,251,251,0,11,0,11,11,251,251,11,240,0,0,0,0,0,0,0,0,0,240,11,0,0,0,0,0,0,0,0,0,240,0,0,0,0,11,0,0,0,0,0,240,0,0,0,0,11,0,0,0,0,0,0,0,0,0,0,251,0,0,0,0,0,0,0,0,0,0,251,0,0,0,0,0,251,100.0
multifamily_v1,test,exact_anion,O2F,oxyhalide,mixed,279,1.4740067624683009,10.318047337278106,143,265,14,0,0.0,7.2,-0.02,3.48,279,279,0,279,279,279,279,279,0,0,0,0,0,0,279,0,0,279,0,0,0,0,0,0,0,279,0,0,0,0,0,0,0,0,0,0,279,0,0,0,0,0,0,0,0,0,0,279,0,0,0,0,0,0,0,0,0,0,0,0,0,0,279,0,0,0,0,0,0,0,0,0,0,0,0,279,0,0,0,0,0,279,100.0
multifamily_v1,test,exact_anion,O2N,oxynitride,mixed,288,1.521555367709214,5.325443786982248,146,272,16,0,0.0,4.5,0.0,3.26,288,288,0,288,288,288,288,288,0,0,0,0,0,0,288,0,0,288,0,0,0,0,0,0,0,288,0,0,0,0,0,0,0,0,0,0,288,0,0,0,0,0,0,0,0,0,0,288,0,0,0,0,0,0,0,0,0,0,0,0,0,0,288,0,0,0,0,0,0,0,0,0,0,0,0,288,0,0,0,0,0,288,52.65082266910421
multifamily_v1,test,exact_anion,O2S,oxychalcogenide,mixed,263,1.389475908706678,9.726331360946746,132,250,13,0,0.0,3.6,0.24,4.06,263,263,0,263,263,263,263,263,0,0,0,0,0,0,263,0,0,263,0,0,0,0,0,0,0,263,0,0,0,0,0,0,0,0,0,0,263,0,0,0,0,0,0,0,0,0,0,263,0,0,0,0,0,0,0,0,0,0,0,0,0,0,263,0,0,0,0,0,0,0,0,0,0,0,0,263,0,0,0,0,0,263,100.0
multifamily_v1,test,exact_anion,O3,oxide,single,254,1.341927303465765,9.393491124260356,130,232,22,0,0.0,4.9,-0.58,2.94,254,254,13,254,254,254,254,254,0,13,2,13,13,254,254,11,241,0,0,0,0,0,0,0,0,0,241,11,0,0,0,0,2,0,0,0,0,241,0,0,0,0,13,0,0,0,0,0,241,0,0,0,0,13,0,0,0,0,0,0,0,0,0,0,254,0,0,0,0,0,0,0,0,0,0,254,0,0,0,0,0,254,100.0
multifamily_v1,test,exact_anion,OFN,other_mixed,mixed,298,1.5743871513102283,11.020710059171599,151,290,8,0,0.0,1.7,0.22,3.58,298,298,0,298,298,298,298,298,0,0,0,0,0,0,298,0,0,298,0,0,0,0,0,0,0,298,0,0,0,0,0,0,0,0,0,0,298,0,0,0,0,0,0,0,0,0,0,298,0,0,0,0,0,0,0,0,0,0,0,0,0,0,298,0,0,0,0,0,0,0,0,0,0,0,0,298,0,0,0,0,0,298,100.0
multifamily_v1,test,exact_anion,ON2,oxynitride,mixed,259,1.3683431952662721,4.789201183431953,134,250,9,0,0.0,3.4,0.3,4.08,259,259,0,259,259,259,259,259,0,0,0,0,0,0,259,0,0,259,0,0,0,0,0,0,0,259,0,0,0,0,0,0,0,0,0,0,259,0,0,0,0,0,0,0,0,0,0,259,0,0,0,0,0,0,0,0,0,0,0,0,0,0,259,0,0,0,0,0,0,0,0,0,0,0,0,259,0,0,0,0,0,259,47.34917733089579
multifamily_v1,total,all,ALL,ALL,both,18928,100.0,,9646,18193,735,0,0.0,7.9,-0.64,5.16,18928,18928,280,18928,18928,18928,18928,18928,15143,280,40,280,280,5408,18928,240,5128,13520,0,0,0,0,0,0,0,13520,5128,240,0,0,0,0,40,0,0,0,13520,5128,0,0,0,0,280,0,0,0,0,13520,5128,0,0,0,0,280,0,0,0,0,0,0,0,0,13520,0,5408,0,0,0,0,0,0,0,0,0,0,18928,0,0,0,0,0,18928,
multifamily_v1,total,family,oxide,oxide,single,2704,14.285714285714286,100.0,1378,2535,169,0,0.0,7.9,-0.64,3.98,2704,2704,184,2704,2704,2704,2704,2704,2177,184,40,184,184,2704,2704,144,2520,0,0,0,0,0,0,0,0,0,2520,144,0,0,0,0,40,0,0,0,0,2520,0,0,0,0,184,0,0,0,0,0,2520,0,0,0,0,184,0,0,0,0,0,0,0,0,0,0,2704,0,0,0,0,0,0,0,0,0,0,2704,0,0,0,0,0,2704,100.0
multifamily_v1,total,family,nitride,nitride,single,2704,14.285714285714286,100.0,1378,2681,23,0,0.0,1.3,-0.14,5.16,2704,2704,96,2704,2704,2704,2704,2704,2103,96,0,96,96,2704,2704,96,2608,0,0,0,0,0,0,0,0,0,2608,96,0,0,0,0,0,0,0,0,0,2608,0,0,0,0,96,0,0,0,0,0,2608,0,0,0,0,96,0,0,0,0,0,0,0,0,0,0,2704,0,0,0,0,0,0,0,0,0,0,2704,0,0,0,0,0,2704,100.0
multifamily_v1,total,family,oxynitride,oxynitride,mixed,5408,28.571428571428573,100.0,2756,5258,150,0,0.0,4.5,-0.14,4.96,5408,5408,0,5408,5408,5408,5408,5408,4374,0,0,0,0,0,5408,0,0,5408,0,0,0,0,0,0,0,5408,0,0,0,0,0,0,0,0,0,0,5408,0,0,0,0,0,0,0,0,0,0,5408,0,0,0,0,0,0,0,0,0,0,0,0,0,0,5408,0,0,0,0,0,0,0,0,0,0,0,0,5408,0,0,0,0,0,5408,100.0
multifamily_v1,total,family,oxyhalide,oxyhalide,mixed,2704,14.285714285714286,100.0,1378,2567,137,0,0.0,7.4,-0.04,3.94,2704,2704,0,2704,2704,2704,2704,2704,2167,0,0,0,0,0,2704,0,0,2704,0,0,0,0,0,0,0,2704,0,0,0,0,0,0,0,0,0,0,2704,0,0,0,0,0,0,0,0,0,0,2704,0,0,0,0,0,0,0,0,0,0,0,0,0,0,2704,0,0,0,0,0,0,0,0,0,0,0,0,2704,0,0,0,0,0,2704,100.0
multifamily_v1,total,family,oxychalcogenide,oxychalcogenide,mixed,2704,14.285714285714286,100.0,1378,2538,166,0,0.0,5.0,0.18,4.26,2704,2704,0,2704,2704,2704,2704,2704,2196,0,0,0,0,0,2704,0,0,2704,0,0,0,0,0,0,0,2704,0,0,0,0,0,0,0,0,0,0,2704,0,0,0,0,0,0,0,0,0,0,2704,0,0,0,0,0,0,0,0,0,0,0,0,0,0,2704,0,0,0,0,0,0,0,0,0,0,0,0,2704,0,0,0,0,0,2704,100.0
multifamily_v1,total,family,other_mixed,other_mixed,mixed,2704,14.285714285714286,100.0,1378,2614,90,0,0.0,4.0,0.18,4.28,2704,2704,0,2704,2704,2704,2704,2704,2126,0,0,0,0,0,2704,0,0,2704,0,0,0,0,0,0,0,2704,0,0,0,0,0,0,0,0,0,0,2704,0,0,0,0,0,0,0,0,0,0,2704,0,0,0,0,0,0,0,0,0,0,0,0,0,0,2704,0,0,0,0,0,0,0,0,0,0,0,0,2704,0,0,0,0,0,2704,100.0
multifamily_v1,total,exact_anion,N3,nitride,single,2704,14.285714285714286,100.0,1378,2681,23,0,0.0,1.3,-0.14,5.16,2704,2704,96,2704,2704,2704,2704,2704,2103,96,0,96,96,2704,2704,96,2608,0,0,0,0,0,0,0,0,0,2608,96,0,0,0,0,0,0,0,0,0,2608,0,0,0,0,96,0,0,0,0,0,2608,0,0,0,0,96,0,0,0,0,0,0,0,0,0,0,2704,0,0,0,0,0,0,0,0,0,0,2704,0,0,0,0,0,2704,100.0
multifamily_v1,total,exact_anion,O2F,oxyhalide,mixed,2704,14.285714285714286,100.0,1378,2567,137,0,0.0,7.4,-0.04,3.94,2704,2704,0,2704,2704,2704,2704,2704,2167,0,0,0,0,0,2704,0,0,2704,0,0,0,0,0,0,0,2704,0,0,0,0,0,0,0,0,0,0,2704,0,0,0,0,0,0,0,0,0,0,2704,0,0,0,0,0,0,0,0,0,0,0,0,0,0,2704,0,0,0,0,0,0,0,0,0,0,0,0,2704,0,0,0,0,0,2704,100.0
multifamily_v1,total,exact_anion,O2N,oxynitride,mixed,2704,14.285714285714286,50.0,1378,2610,94,0,0.0,4.5,-0.14,4.18,2704,2704,0,2704,2704,2704,2704,2704,2195,0,0,0,0,0,2704,0,0,2704,0,0,0,0,0,0,0,2704,0,0,0,0,0,0,0,0,0,0,2704,0,0,0,0,0,0,0,0,0,0,2704,0,0,0,0,0,0,0,0,0,0,0,0,0,0,2704,0,0,0,0,0,0,0,0,0,0,0,0,2704,0,0,0,0,0,2704,50.0
multifamily_v1,total,exact_anion,O2S,oxychalcogenide,mixed,2704,14.285714285714286,100.0,1378,2538,166,0,0.0,5.0,0.18,4.26,2704,2704,0,2704,2704,2704,2704,2704,2196,0,0,0,0,0,2704,0,0,2704,0,0,0,0,0,0,0,2704,0,0,0,0,0,0,0,0,0,0,2704,0,0,0,0,0,0,0,0,0,0,2704,0,0,0,0,0,0,0,0,0,0,0,0,0,0,2704,0,0,0,0,0,0,0,0,0,0,0,0,2704,0,0,0,0,0,2704,100.0
multifamily_v1,total,exact_anion,O3,oxide,single,2704,14.285714285714286,100.0,1378,2535,169,0,0.0,7.9,-0.64,3.98,2704,2704,184,2704,2704,2704,2704,2704,2177,184,40,184,184,2704,2704,144,2520,0,0,0,0,0,0,0,0,0,2520,144,0,0,0,0,40,0,0,0,0,2520,0,0,0,0,184,0,0,0,0,0,2520,0,0,0,0,184,0,0,0,0,0,0,0,0,0,0,2704,0,0,0,0,0,0,0,0,0,0,2704,0,0,0,0,0,2704,100.0
multifamily_v1,total,exact_anion,OFN,other_mixed,mixed,2704,14.285714285714286,100.0,1378,2614,90,0,0.0,4.0,0.18,4.28,2704,2704,0,2704,2704,2704,2704,2704,2126,0,0,0,0,0,2704,0,0,2704,0,0,0,0,0,0,0,2704,0,0,0,0,0,0,0,0,0,0,2704,0,0,0,0,0,0,0,0,0,0,2704,0,0,0,0,0,0,0,0,0,0,0,0,0,0,2704,0,0,0,0,0,0,0,0,0,0,0,0,2704,0,0,0,0,0,2704,100.0
multifamily_v1,total,exact_anion,ON2,oxynitride,mixed,2704,14.285714285714286,50.0,1378,2648,56,0,0.0,3.4,-0.02,4.96,2704,2704,0,2704,2704,2704,2704,2704,2179,0,0,0,0,0,2704,0,0,2704,0,0,0,0,0,0,0,2704,0,0,0,0,0,0,0,0,0,0,2704,0,0,0,0,0,0,0,0,0,0,2704,0,0,0,0,0,0,0,0,0,0,0,0,0,0,2704,0,0,0,0,0,0,0,0,0,0,0,0,2704,0,0,0,0,0,2704,50.0
