panel,source_family,latent_arm,N_reference,N_composition_groups,N_parser_A_B_aligned,N_parser_A_top1,N_parser_B_top1,N_parser_X_multiset_top1,N_parser_full_composition_top1,N_raw_scale_false_match,N_raw_geometry_minimal_only,N_parser_AB_NLL_all118_finite,N_parser_X_NLL_all118_finite,N_parser_AB_role_vocab_finite,N_parser_X_role_vocab_finite,mean_parser_AB_NLL_all118,mean_parser_X_NLL_all118,mean_raw_lattice_MAE_angstrom,N_MF_P3_learned_full_composition_top1,N_MF_P3_learned_X_multiset_top1,N_MF_P3_learned_template_scale_false_match,N_MF_P3_learned_minimal_valid,N_MF_P3_learned_legacy_rescore_pass,N_MF_P4_learned_full_composition_top1,N_MF_P4_learned_X_multiset_top1,N_MF_P4_learned_template_scale_false_match,N_MF_P4_learned_minimal_valid,N_MF_P4_learned_legacy_rescore_pass
broad,nitride,fixed_real,48,24,24,1,1,48,0,0,48,48,48,48,48,24.542987561409053,0.00022606824295037318,0.2667643378178279,0,48,0,48,0,0,48,0,48,0
broad,nitride,joint,48,24,24,19,23,48,18,17,48,48,48,48,48,10.947741917334918,0.0046853512252815485,0.08573197449247043,18,48,17,48,0,18,48,17,48,0
broad,nitride,property,48,24,24,3,3,42,0,0,47,48,48,48,48,5.2663223196737805,0.44221526848894005,0.1898824485639731,0,45,0,48,2,0,42,0,48,1
broad,other_mixed,fixed_real,60,31,31,1,1,0,0,0,60,60,60,60,60,20.857488149190324,7.95453400586502,0.1972197194894155,0,0,0,60,0,0,0,0,60,0
broad,other_mixed,joint,60,31,31,27,25,58,26,25,60,60,60,60,60,10.175141362381689,0.009611424572223849,0.09699689348538716,0,0,0,60,2,26,58,26,60,0
broad,other_mixed,property,60,31,31,3,2,3,0,0,59,60,60,60,60,4.489007452923018,1.078978161380128,0.14696409470505184,0,0,0,60,3,0,3,0,60,1
broad,oxide,fixed_real,57,30,30,1,1,0,0,0,57,57,57,57,57,21.315823531752255,9.36019698753413,0.3197737639410454,0,0,0,57,0,0,0,0,57,0
broad,oxide,joint,57,30,30,21,25,55,19,17,57,57,57,57,57,8.241381276791403,0.020111145579762357,0.1270732701870433,19,57,17,57,3,19,55,17,57,3
broad,oxide,property,57,30,30,3,5,11,1,0,55,57,57,57,57,4.458940524681662,1.0260653398507653,0.2114385924144098,1,21,1,57,1,1,11,1,57,0
broad,oxychalcogenide,fixed_real,60,30,30,1,1,0,0,0,60,60,60,60,60,24.52188774762985,10.534724982325795,0.23353460431098938,0,0,0,60,0,0,0,0,60,0
broad,oxychalcogenide,joint,60,30,30,23,24,59,17,16,59,60,60,60,60,7.378283003743278,0.03089361769155852,0.12653093371126387,0,0,0,60,3,17,59,15,60,1
broad,oxychalcogenide,property,60,30,30,3,1,0,0,0,59,60,60,60,60,4.307841530840441,1.743866921250636,0.2853602237171597,0,0,0,60,3,0,0,0,60,1
broad,oxyhalide,fixed_real,58,29,29,0,0,0,0,0,58,58,58,58,58,24.395357991544227,11.386192369207306,0.22385368059421407,0,0,0,58,0,0,0,0,58,0
broad,oxyhalide,joint,58,29,29,27,30,58,23,22,58,58,58,58,58,7.393575567464006,0.0001780870715794765,0.11883693693698139,0,0,0,58,1,23,58,22,58,0
broad,oxyhalide,property,58,29,29,2,3,5,0,0,56,58,58,58,58,4.09637621884413,1.3896182617222947,0.2014443278312683,0,0,0,58,0,0,5,0,58,0
broad,oxynitride,fixed_real,101,52,52,1,1,0,0,0,101,101,101,101,101,24.706662883024656,4.283696271151782,0.28125869460625225,0,0,0,101,0,0,0,0,101,0
broad,oxynitride,joint,101,52,52,46,52,100,38,36,101,101,101,101,101,7.160601574258284,0.01843241160956107,0.0936157789954258,0,0,0,101,0,38,100,36,101,0
broad,oxynitride,property,101,52,52,2,3,5,0,0,100,101,101,101,101,4.298516854382876,0.8981420762073249,0.20421067775279383,0,0,0,101,0,0,5,0,101,0
old_20,nitride,fixed_real,9,9,9,1,2,9,1,1,9,9,9,9,9,12.510113843465223,0.00022606824295037315,0.2735692262649536,1,9,1,9,0,1,9,1,9,0
old_20,nitride,joint,9,9,9,8,9,9,8,8,9,9,9,9,9,0.14243660458806057,0.0013732912858976922,0.12259228361977471,8,9,8,9,0,8,9,8,9,0
old_20,nitride,property,9,9,9,1,1,8,0,0,9,9,9,9,9,3.6907829743146183,0.4444686044837338,0.16719579696655273,0,8,0,9,0,0,8,0,9,0
old_20,oxide,fixed_real,11,11,11,2,0,0,0,0,11,11,11,11,11,22.899662272318576,9.360196987534128,0.23920189250599255,0,0,0,11,0,0,0,0,11,0
old_20,oxide,joint,11,11,11,9,10,11,8,8,11,11,11,11,11,0.6043272502183769,0.0016504593596359312,0.08147922429171475,8,11,8,11,2,8,11,8,11,2
old_20,oxide,property,11,11,11,1,2,7,0,0,11,11,11,11,11,3.0993245582613493,0.5214839779551402,0.17685827883807095,0,9,0,11,0,0,7,0,11,0
