split,anion_key,family,single_or_mixed,records,composition_groups,pct_all_CMR,pct_split_family
train,N3,nitride,single,2103,1073,11.110524091293321,100.0
train,O2F,oxyhalide,mixed,2167,1102,11.448647506339814,100.0
train,O2N,oxynitride,mixed,2195,1118,11.596576500422655,50.182898948331044
train,O2S,oxychalcogenide,mixed,2196,1120,11.601859678782755,100.0
train,O3,oxide,single,2177,1109,11.501479289940828,100.0
train,OFN,other_mixed,mixed,2126,1083,11.232037193575655,100.0
train,ON2,oxynitride,mixed,2179,1110,11.512045646661031,49.817101051668956
val,N3,nitride,single,350,178,1.849112426035503,100.0
val,O2F,oxyhalide,mixed,258,133,1.3630600169061708,100.0
val,O2N,oxynitride,mixed,221,114,1.1675824175824177,45.379876796714576
val,O2S,oxychalcogenide,mixed,245,126,1.294378698224852,100.0
val,O3,oxide,single,273,139,1.4423076923076923,100.0
val,OFN,other_mixed,mixed,280,144,1.4792899408284024,100.0
val,ON2,oxynitride,mixed,266,134,1.4053254437869822,54.620123203285424
test,N3,nitride,single,251,127,1.3260777683854608,100.0
test,O2F,oxyhalide,mixed,279,143,1.4740067624683009,100.0
test,O2N,oxynitride,mixed,288,146,1.521555367709214,52.65082266910421
test,O2S,oxychalcogenide,mixed,263,132,1.389475908706678,100.0
test,O3,oxide,single,254,130,1.341927303465765,100.0
test,OFN,other_mixed,mixed,298,151,1.5743871513102283,100.0
test,ON2,oxynitride,mixed,259,134,1.3683431952662721,47.34917733089579
total,N3,nitride,single,2704,1378,14.285714285714286,100.0
total,O2F,oxyhalide,mixed,2704,1378,14.285714285714286,100.0
total,O2N,oxynitride,mixed,2704,1378,14.285714285714286,50.0
total,O2S,oxychalcogenide,mixed,2704,1378,14.285714285714286,100.0
total,O3,oxide,single,2704,1378,14.285714285714286,100.0
total,OFN,other_mixed,mixed,2704,1378,14.285714285714286,100.0
total,ON2,oxynitride,mixed,2704,1378,14.285714285714286,50.0
