family,train_count,val_count,test_count,total_count,train_roles_supported,global_role_supported_count,inference_count,assessment_status
oxide,2177,273,254,2704,True,2704,57,ASSESSED_VALIDATION_DIAGNOSTIC
nitride,2103,350,251,2704,True,2704,48,ASSESSED_VALIDATION_DIAGNOSTIC
fluoride,0,0,0,0,False,0,0,NOT_ASSESSABLE_NO_MATCHING_DATA
chloride,0,0,0,0,False,0,0,NOT_ASSESSABLE_NO_MATCHING_DATA
bromide,0,0,0,0,False,0,0,NOT_ASSESSABLE_NO_MATCHING_DATA
iodide,0,0,0,0,False,0,0,NOT_ASSESSABLE_NO_MATCHING_DATA
sulfide,0,0,0,0,False,0,0,NOT_ASSESSABLE_NO_MATCHING_DATA
selenide,0,0,0,0,False,0,0,NOT_ASSESSABLE_NO_MATCHING_DATA
telluride,0,0,0,0,False,0,0,NOT_ASSESSABLE_NO_MATCHING_DATA
mixed_halide,0,0,0,0,False,0,0,NOT_ASSESSABLE_NO_MATCHING_DATA
mixed_chalcogenide,0,0,0,0,False,0,0,NOT_ASSESSABLE_NO_MATCHING_DATA
oxynitride,4374,487,547,5408,True,5408,101,ASSESSED_VALIDATION_DIAGNOSTIC
oxyhalide,2167,258,279,2704,True,2704,58,ASSESSED_VALIDATION_DIAGNOSTIC
oxychalcogenide,2196,245,263,2704,True,2704,60,ASSESSED_VALIDATION_DIAGNOSTIC
other_mixed,2126,280,298,2704,True,2704,60,ASSESSED_VALIDATION_DIAGNOSTIC
other_unresolved,0,0,0,0,False,0,0,NOT_ASSESSABLE_NO_MATCHING_DATA
