latent_arm,policy,source_family,learned_output_family,records
fixed_real,MF_P3,nitride,nitride,48
fixed_real,MF_P3,other_mixed,nitride,60
fixed_real,MF_P3,oxide,nitride,57
fixed_real,MF_P3,oxychalcogenide,nitride,60
fixed_real,MF_P3,oxyhalide,nitride,58
fixed_real,MF_P3,oxynitride,nitride,101
fixed_real,MF_P4,nitride,nitride,48
fixed_real,MF_P4,other_mixed,nitride,60
fixed_real,MF_P4,oxide,nitride,57
fixed_real,MF_P4,oxychalcogenide,nitride,60
fixed_real,MF_P4,oxyhalide,nitride,58
fixed_real,MF_P4,oxynitride,nitride,101
joint,MF_P3,nitride,nitride,48
joint,MF_P3,other_mixed,nitride,1
joint,MF_P3,other_mixed,oxide,59
joint,MF_P3,oxide,oxide,57
joint,MF_P3,oxychalcogenide,oxide,60
joint,MF_P3,oxyhalide,oxide,58
joint,MF_P3,oxynitride,nitride,48
joint,MF_P3,oxynitride,oxide,53
joint,MF_P4,nitride,nitride,48
joint,MF_P4,other_mixed,other_mixed,58
joint,MF_P4,other_mixed,oxyhalide,2
joint,MF_P4,oxide,oxide,55
joint,MF_P4,oxide,oxyhalide,2
joint,MF_P4,oxychalcogenide,oxide,1
joint,MF_P4,oxychalcogenide,oxychalcogenide,59
joint,MF_P4,oxyhalide,oxyhalide,58
joint,MF_P4,oxynitride,oxide,1
joint,MF_P4,oxynitride,oxynitride,100
property,MF_P3,nitride,nitride,45
property,MF_P3,nitride,oxide,3
property,MF_P3,other_mixed,nitride,38
property,MF_P3,other_mixed,oxide,22
property,MF_P3,oxide,nitride,36
property,MF_P3,oxide,oxide,21
property,MF_P3,oxychalcogenide,nitride,45
property,MF_P3,oxychalcogenide,oxide,15
property,MF_P3,oxyhalide,nitride,39
property,MF_P3,oxyhalide,oxide,19
property,MF_P3,oxynitride,nitride,83
property,MF_P3,oxynitride,oxide,18
property,MF_P4,nitride,nitride,42
property,MF_P4,nitride,oxide,1
property,MF_P4,nitride,oxyhalide,1
property,MF_P4,nitride,oxynitride,4
property,MF_P4,other_mixed,nitride,35
property,MF_P4,other_mixed,other_mixed,3
property,MF_P4,other_mixed,oxide,6
property,MF_P4,other_mixed,oxyhalide,7
property,MF_P4,other_mixed,oxynitride,9
property,MF_P4,oxide,nitride,33
property,MF_P4,oxide,other_mixed,1
property,MF_P4,oxide,oxide,11
property,MF_P4,oxide,oxyhalide,3
property,MF_P4,oxide,oxynitride,9
property,MF_P4,oxychalcogenide,nitride,42
property,MF_P4,oxychalcogenide,other_mixed,5
property,MF_P4,oxychalcogenide,oxide,3
property,MF_P4,oxychalcogenide,oxyhalide,2
property,MF_P4,oxychalcogenide,oxynitride,8
property,MF_P4,oxyhalide,nitride,37
property,MF_P4,oxyhalide,other_mixed,1
property,MF_P4,oxyhalide,oxide,10
property,MF_P4,oxyhalide,oxyhalide,5
property,MF_P4,oxyhalide,oxynitride,5
property,MF_P4,oxynitride,nitride,75
property,MF_P4,oxynitride,other_mixed,4
property,MF_P4,oxynitride,oxide,3
property,MF_P4,oxynitride,oxyhalide,4
property,MF_P4,oxynitride,oxynitride,15
