source_family,policy,anion_setting,shared_reference_count,N_attempt,N_accepted,N_source_structure_matches,N_recovered_references
ALL,MF_P0,DECLARED_DOMAIN,20,720,144,33,2
ALL,MF_P1,DECLARED_DOMAIN,20,720,720,324,11
ALL,MF_P2,DECLARED_DOMAIN,20,720,720,519,18
ALL,MF_P3,DECLARED_DOMAIN,20,720,720,501,17
ALL,MF_P4,DECLARED_DOMAIN,20,720,720,505,19
oxide,MF_P0,DECLARED_DOMAIN,11,396,144,33,2
oxide,MF_P1,DECLARED_DOMAIN,11,396,396,253,9
oxide,MF_P2,DECLARED_DOMAIN,11,396,396,253,9
oxide,MF_P3,DECLARED_DOMAIN,11,396,396,244,8
oxide,MF_P4,DECLARED_DOMAIN,11,396,396,242,10
nitride,MF_P0,DECLARED_DOMAIN,9,324,0,0,0
nitride,MF_P1,DECLARED_DOMAIN,9,324,324,71,2
nitride,MF_P2,DECLARED_DOMAIN,9,324,324,266,9
nitride,MF_P3,DECLARED_DOMAIN,9,324,324,257,9
nitride,MF_P4,DECLARED_DOMAIN,9,324,324,263,9
fluoride,MF_P0,DECLARED_DOMAIN,0,0,0,0,0
fluoride,MF_P1,DECLARED_DOMAIN,0,0,0,0,0
fluoride,MF_P2,DECLARED_DOMAIN,0,0,0,0,0
fluoride,MF_P3,DECLARED_DOMAIN,0,0,0,0,0
fluoride,MF_P4,DECLARED_DOMAIN,0,0,0,0,0
sulfide,MF_P0,DECLARED_DOMAIN,0,0,0,0,0
sulfide,MF_P1,DECLARED_DOMAIN,0,0,0,0,0
sulfide,MF_P2,DECLARED_DOMAIN,0,0,0,0,0
sulfide,MF_P3,DECLARED_DOMAIN,0,0,0,0,0
sulfide,MF_P4,DECLARED_DOMAIN,0,0,0,0,0
