material_id,in_broad_panel,source_family,reproduces_prior_panel
cmr_11dacddcba738021fcb7a8ad9b578f91,False,nitride,True
cmr_1ec1f206bf87de79380756d894cc7bc2,True,oxide,True
cmr_20c9853b450e146b0e608362fc2f56d9,False,oxide,True
cmr_46250f00f7e8fa01346da84ec7156cba,False,oxide,True
cmr_48e3dd02e3ba06e1f0ac4ae4a0ccb197,False,oxide,True
cmr_4a1084fcbabc2f7e867be309d49cbe2b,True,oxide,True
cmr_5a86c2636813d6b401520d96410cc7c7,False,nitride,True
cmr_64d9953c18e416a7e01500249a2bbe8d,False,oxide,True
cmr_682785369aa2b3971943559ce4e3b0ca,False,oxide,True
cmr_78c26d513a55ceb0d9345ce3cdf39c24,False,oxide,True
cmr_898ee445e8ccfce566bb0883e7821189,False,nitride,True
cmr_92838ea148c813c166057e99bfae3d39,False,nitride,True
cmr_9747df17e8f2ed98427d905413929dd6,False,nitride,True
cmr_98f26503186c693384501157616036cb,False,nitride,True
cmr_a36c62d0c7f3713321685a5cb6488f21,False,oxide,True
cmr_bd8c8bb480ad1e9422f4b5cd79215eba,False,oxide,True
cmr_bf604be7ac3009a8fed955cf6716a2df,False,nitride,True
cmr_dbcef27061099822569740c11818d051,False,oxide,True
cmr_e8bb6f6ece3b11691f6fbdf699fa676a,False,nitride,True
cmr_fa3beecfda0e2ee6c4c5dd7cb9227cca,False,nitride,True
