comparison,left_policy,left_setting,right_policy,right_setting,latent_arm,source_scope_intersection_required,N_references,N_groups,N_paired_seed_conditions,left_accepted_per_attempt,right_accepted_per_attempt,right_minus_left_accepted_per_attempt,bootstrap_95_group_interval,left_reference_seed_recoveries,right_reference_seed_recoveries
legacy_filter_sampling_package,MF_P0,DECLARED_DOMAIN,MF_P1,DECLARED_DOMAIN,joint,True,0,0,0,,,,,0,0
legacy_filter_sampling_package,MF_P0,DECLARED_DOMAIN,MF_P1,DECLARED_DOMAIN,fixed_real,True,0,0,0,,,,,0,0
legacy_filter_sampling_package,MF_P0,DECLARED_DOMAIN,MF_P1,DECLARED_DOMAIN,property,True,0,0,0,,,,,0,0
same_proposal_output_cell,MF_P1,DECLARED_DOMAIN,MF_P2,DECLARED_DOMAIN,joint,True,0,0,0,,,,,0,0
same_proposal_output_cell,MF_P1,DECLARED_DOMAIN,MF_P2,DECLARED_DOMAIN,fixed_real,True,0,0,0,,,,,0,0
same_proposal_output_cell,MF_P1,DECLARED_DOMAIN,MF_P2,DECLARED_DOMAIN,property,True,0,0,0,,,,,0,0
shared_source_vocabulary_expansion,MF_P2,DECLARED_DOMAIN,MF_P3,DECLARED_DOMAIN,joint,True,0,0,0,,,,,0,0
shared_source_vocabulary_expansion,MF_P2,DECLARED_DOMAIN,MF_P3,DECLARED_DOMAIN,fixed_real,True,0,0,0,,,,,0,0
shared_source_vocabulary_expansion,MF_P2,DECLARED_DOMAIN,MF_P3,DECLARED_DOMAIN,property,True,0,0,0,,,,,0,0
shared_homogeneous_X_projection,MF_P3,LEARNED_ANION,MF_P4,LEARNED_ANION,joint,True,18,9,54,1.0,1.0,0.0,"[0.0, 0.0]",26,26
shared_homogeneous_X_projection,MF_P3,LEARNED_ANION,MF_P4,LEARNED_ANION,fixed_real,True,18,9,54,1.0,1.0,0.0,"[0.0, 0.0]",0,0
shared_homogeneous_X_projection,MF_P3,LEARNED_ANION,MF_P4,LEARNED_ANION,property,True,18,9,54,1.0,1.0,0.0,"[0.0, 0.0]",2,2
all_broad_X_projection,MF_P3,LEARNED_ANION,MF_P4,LEARNED_ANION,joint,False,64,32,192,1.0,1.0,0.0,"[0.0, 0.0]",26,80
all_broad_X_projection,MF_P3,LEARNED_ANION,MF_P4,LEARNED_ANION,fixed_real,False,64,32,192,1.0,1.0,0.0,"[0.0, 0.0]",0,0
all_broad_X_projection,MF_P3,LEARNED_ANION,MF_P4,LEARNED_ANION,property,False,64,32,192,1.0,1.0,0.0,"[0.0, 0.0]",2,2
