population,source_family,policy,anion_setting,latent_arm,seed,N_reference,N_source_scope_eligible,N_attempt,N_sampled,N_constructed,N_minimal_valid,N_policy_accepted,N_accepted_anion_multiset_seen_in_train,N_accepted_full_composition_seen_in_train,N_unique_full_compositions,N_unique_structures,N_raw_recovered,N_exported_recovered,N_exported_recovered_eligible,source_recovered_per_eligible_draw,N_reference_recovered_within_budget,N_reference_with_valid_output,fraction_references_with_valid_output,N_sampled_source_composition,accepted_per_attempt,unique_compositions_per_attempt,recovered_references_per_eligible,within_condition_max_composition_share_mean,within_condition_unique_composition_mean,failure_counts
balanced_validation_stochastic_panel,nitride,MF_P0,DECLARED_DOMAIN,fixed_real,0,8,0,96,0,0,0,0,0,0,0,0,0,0,0,,0,0,0.0,0,0.0,0.0,,,,"{""charge_compatible_A"": 96}"
balanced_validation_stochastic_panel,nitride,MF_P0,DECLARED_DOMAIN,fixed_real,1,8,0,96,0,0,0,0,0,0,0,0,0,0,0,,0,0,0.0,0,0.0,0.0,,,,"{""charge_compatible_A"": 96}"
balanced_validation_stochastic_panel,nitride,MF_P0,DECLARED_DOMAIN,fixed_real,2,8,0,96,0,0,0,0,0,0,0,0,0,0,0,,0,0,0.0,0,0.0,0.0,,,,"{""charge_compatible_A"": 96}"
balanced_validation_stochastic_panel,nitride,MF_P0,DECLARED_DOMAIN,joint,0,8,0,96,9,9,0,0,0,0,0,0,4,0,0,,0,0,0.0,0,0.0,0.0,,,,"{""charge_compatible_A"": 87, ""tolerance/mu"": 9}"
balanced_validation_stochastic_panel,nitride,MF_P0,DECLARED_DOMAIN,joint,1,8,0,96,12,12,0,0,0,0,0,0,4,0,0,,0,0,0.0,0,0.0,0.0,,,,"{""charge_compatible_A"": 84, ""tolerance/mu"": 12}"
balanced_validation_stochastic_panel,nitride,MF_P0,DECLARED_DOMAIN,joint,2,8,0,96,9,9,0,0,0,0,0,0,4,0,0,,0,0,0.0,0,0.0,0.0,,,,"{""charge_compatible_A"": 87, ""tolerance/mu"": 9}"
balanced_validation_stochastic_panel,nitride,MF_P0,DECLARED_DOMAIN,property,0,8,0,96,18,18,0,0,0,0,0,0,0,0,0,,0,0,0.0,0,0.0,0.0,,,,"{""charge_compatible_A"": 78, ""tolerance/mu"": 18}"
balanced_validation_stochastic_panel,nitride,MF_P0,DECLARED_DOMAIN,property,1,8,0,96,13,13,0,0,0,0,0,0,0,0,0,,0,0,0.0,0,0.0,0.0,,,,"{""charge_compatible_A"": 83, ""tolerance/mu"": 13}"
balanced_validation_stochastic_panel,nitride,MF_P0,DECLARED_DOMAIN,property,2,8,0,96,20,20,0,0,0,0,0,0,0,0,0,,0,0,0.0,0,0.0,0.0,,,,"{""charge_compatible_A"": 76, ""tolerance/mu"": 20}"
balanced_validation_stochastic_panel,nitride,MF_P1,DECLARED_DOMAIN,fixed_real,0,8,0,96,96,96,96,96,96,5,3,3,0,0,0,,0,8,1.0,0,1.0,0.03125,,0.9479166666666666,1.625,{}
balanced_validation_stochastic_panel,nitride,MF_P1,DECLARED_DOMAIN,fixed_real,1,8,0,96,96,96,96,96,96,4,3,3,0,0,0,,0,8,1.0,0,1.0,0.03125,,0.9583333333333333,1.5,{}
balanced_validation_stochastic_panel,nitride,MF_P1,DECLARED_DOMAIN,fixed_real,2,8,0,96,96,96,96,96,96,6,3,3,0,0,0,,0,8,1.0,0,1.0,0.03125,,0.9375,1.75,{}
balanced_validation_stochastic_panel,nitride,MF_P1,DECLARED_DOMAIN,joint,0,8,0,96,96,96,96,96,96,45,14,14,4,0,0,,0,8,1.0,0,1.0,0.14583333333333334,,0.7395833333333333,2.625,{}
balanced_validation_stochastic_panel,nitride,MF_P1,DECLARED_DOMAIN,joint,1,8,0,96,96,96,96,96,96,54,14,14,4,0,0,,0,8,1.0,0,1.0,0.14583333333333334,,0.6354166666666667,3.0,{}
balanced_validation_stochastic_panel,nitride,MF_P1,DECLARED_DOMAIN,joint,2,8,0,96,96,96,96,96,96,53,14,14,4,0,0,,0,8,1.0,0,1.0,0.14583333333333334,,0.6458333333333333,2.625,{}
balanced_validation_stochastic_panel,nitride,MF_P1,DECLARED_DOMAIN,property,0,8,0,96,96,96,96,96,96,69,58,58,0,0,0,,0,8,1.0,0,1.0,0.6041666666666666,,0.15625,11.0,{}
balanced_validation_stochastic_panel,nitride,MF_P1,DECLARED_DOMAIN,property,1,8,0,96,96,96,96,96,96,68,57,57,0,0,0,,0,8,1.0,0,1.0,0.59375,,0.13541666666666666,11.125,{}
balanced_validation_stochastic_panel,nitride,MF_P1,DECLARED_DOMAIN,property,2,8,0,96,96,96,96,96,96,77,58,58,0,0,0,,0,8,1.0,0,1.0,0.6041666666666666,,0.17708333333333331,9.875,{}
balanced_validation_stochastic_panel,nitride,MF_P2,DECLARED_DOMAIN,fixed_real,0,8,0,96,96,96,96,96,96,5,3,3,0,0,0,,0,8,1.0,0,1.0,0.03125,,0.9479166666666666,1.625,{}
balanced_validation_stochastic_panel,nitride,MF_P2,DECLARED_DOMAIN,fixed_real,1,8,0,96,96,96,96,96,96,4,3,3,0,0,0,,0,8,1.0,0,1.0,0.03125,,0.9583333333333333,1.5,{}
balanced_validation_stochastic_panel,nitride,MF_P2,DECLARED_DOMAIN,fixed_real,2,8,0,96,96,96,96,96,96,6,3,3,0,0,0,,0,8,1.0,0,1.0,0.03125,,0.9375,1.75,{}
balanced_validation_stochastic_panel,nitride,MF_P2,DECLARED_DOMAIN,joint,0,8,0,96,96,96,96,96,96,45,14,14,4,0,0,,0,8,1.0,0,1.0,0.14583333333333334,,0.7395833333333333,2.625,{}
balanced_validation_stochastic_panel,nitride,MF_P2,DECLARED_DOMAIN,joint,1,8,0,96,96,96,96,96,96,54,14,14,4,0,0,,0,8,1.0,0,1.0,0.14583333333333334,,0.6354166666666667,3.0,{}
balanced_validation_stochastic_panel,nitride,MF_P2,DECLARED_DOMAIN,joint,2,8,0,96,96,96,96,96,96,53,14,14,4,0,0,,0,8,1.0,0,1.0,0.14583333333333334,,0.6458333333333333,2.625,{}
balanced_validation_stochastic_panel,nitride,MF_P2,DECLARED_DOMAIN,property,0,8,0,96,96,96,96,96,96,69,58,58,0,0,0,,0,8,1.0,0,1.0,0.6041666666666666,,0.15625,11.0,{}
balanced_validation_stochastic_panel,nitride,MF_P2,DECLARED_DOMAIN,property,1,8,0,96,96,96,96,96,96,68,57,57,0,0,0,,0,8,1.0,0,1.0,0.59375,,0.13541666666666666,11.125,{}
balanced_validation_stochastic_panel,nitride,MF_P2,DECLARED_DOMAIN,property,2,8,0,96,96,96,96,96,96,77,58,58,0,0,0,,0,8,1.0,0,1.0,0.6041666666666666,,0.17708333333333331,9.875,{}
balanced_validation_stochastic_panel,nitride,MF_P3,DECLARED_DOMAIN,fixed_real,0,8,8,96,96,96,96,96,96,4,3,3,0,0,0,0.0,0,8,1.0,0,1.0,0.03125,0.0,0.9583333333333333,1.5,{}
balanced_validation_stochastic_panel,nitride,MF_P3,DECLARED_DOMAIN,fixed_real,1,8,8,96,96,96,96,96,96,5,4,4,0,0,0,0.0,0,8,1.0,0,1.0,0.041666666666666664,0.0,0.9479166666666667,1.5,{}
balanced_validation_stochastic_panel,nitride,MF_P3,DECLARED_DOMAIN,fixed_real,2,8,8,96,96,96,96,96,96,6,4,4,0,0,0,0.0,0,8,1.0,0,1.0,0.041666666666666664,0.0,0.9375,1.75,{}
balanced_validation_stochastic_panel,nitride,MF_P3,DECLARED_DOMAIN,joint,0,8,8,96,96,96,96,96,96,37,23,23,4,42,42,0.4375,4,8,1.0,46,1.0,0.23958333333333334,0.5,0.6458333333333333,3.125,{}
balanced_validation_stochastic_panel,nitride,MF_P3,DECLARED_DOMAIN,joint,1,8,8,96,96,96,96,96,96,35,18,19,4,45,45,0.46875,4,8,1.0,55,1.0,0.1875,0.5,0.78125,2.625,{}
balanced_validation_stochastic_panel,nitride,MF_P3,DECLARED_DOMAIN,joint,2,8,8,96,96,96,96,96,96,32,19,19,4,43,43,0.4479166666666667,4,8,1.0,49,1.0,0.19791666666666666,0.5,0.6979166666666666,2.625,{}
balanced_validation_stochastic_panel,nitride,MF_P3,DECLARED_DOMAIN,property,0,8,8,96,96,96,96,96,96,79,93,93,0,0,0,0.0,0,8,1.0,0,1.0,0.96875,0.0,0.09375,11.875,{}
balanced_validation_stochastic_panel,nitride,MF_P3,DECLARED_DOMAIN,property,1,8,8,96,96,96,96,96,96,69,89,89,0,0,0,0.0,0,8,1.0,0,1.0,0.9270833333333334,0.0,0.09375,11.875,{}
balanced_validation_stochastic_panel,nitride,MF_P3,DECLARED_DOMAIN,property,2,8,8,96,96,96,96,96,96,75,93,93,0,0,0,0.0,0,8,1.0,0,1.0,0.96875,0.0,0.08333333333333333,12.0,{}
balanced_validation_stochastic_panel,nitride,MF_P3,LEARNED_ANION,fixed_real,0,8,8,96,96,96,96,96,96,8,3,3,0,0,0,0.0,0,8,1.0,0,1.0,0.03125,0.0,0.9166666666666666,1.75,{}
balanced_validation_stochastic_panel,nitride,MF_P3,LEARNED_ANION,fixed_real,1,8,8,96,96,96,96,96,96,7,3,3,0,0,0,0.0,0,8,1.0,0,1.0,0.03125,0.0,0.9270833333333333,1.625,{}
balanced_validation_stochastic_panel,nitride,MF_P3,LEARNED_ANION,fixed_real,2,8,8,96,96,96,96,96,96,10,4,4,0,0,0,0.0,0,8,1.0,0,1.0,0.041666666666666664,0.0,0.8958333333333334,1.875,{}
balanced_validation_stochastic_panel,nitride,MF_P3,LEARNED_ANION,joint,0,8,8,96,96,96,96,96,96,32,17,17,4,46,46,0.4791666666666667,4,8,1.0,50,1.0,0.17708333333333334,0.5,0.7604166666666667,2.5,{}
balanced_validation_stochastic_panel,nitride,MF_P3,LEARNED_ANION,joint,1,8,8,96,96,96,96,96,96,33,19,19,4,45,45,0.46875,4,8,1.0,53,1.0,0.19791666666666666,0.5,0.75,2.625,{}
balanced_validation_stochastic_panel,nitride,MF_P3,LEARNED_ANION,joint,2,8,8,96,96,96,96,96,96,32,21,21,4,45,45,0.46875,4,8,1.0,54,1.0,0.21875,0.5,0.7708333333333333,2.875,{}
balanced_validation_stochastic_panel,nitride,MF_P3,LEARNED_ANION,property,0,8,8,96,96,96,96,96,96,73,95,95,0,0,0,0.0,0,8,1.0,0,1.0,0.9895833333333334,0.0,0.08333333333333333,12.0,{}
balanced_validation_stochastic_panel,nitride,MF_P3,LEARNED_ANION,property,1,8,8,96,96,96,96,96,96,80,94,94,0,0,0,0.0,0,8,1.0,0,1.0,0.9791666666666666,0.0,0.09375,11.875,{}
balanced_validation_stochastic_panel,nitride,MF_P3,LEARNED_ANION,property,2,8,8,96,96,96,96,96,96,74,93,93,0,0,0,0.0,0,8,1.0,0,1.0,0.96875,0.0,0.08333333333333333,12.0,{}
balanced_validation_stochastic_panel,nitride,MF_P4,DECLARED_DOMAIN,fixed_real,0,8,8,96,96,96,96,96,96,4,4,4,0,0,0,0.0,0,8,1.0,0,1.0,0.041666666666666664,0.0,0.9583333333333333,1.5,{}
balanced_validation_stochastic_panel,nitride,MF_P4,DECLARED_DOMAIN,fixed_real,1,8,8,96,96,96,96,96,96,3,3,3,0,0,0,0.0,0,8,1.0,0,1.0,0.03125,0.0,0.96875,1.375,{}
balanced_validation_stochastic_panel,nitride,MF_P4,DECLARED_DOMAIN,fixed_real,2,8,8,96,96,96,96,96,96,8,4,4,0,0,0,0.0,0,8,1.0,0,1.0,0.041666666666666664,0.0,0.9166666666666666,1.875,{}
balanced_validation_stochastic_panel,nitride,MF_P4,DECLARED_DOMAIN,joint,0,8,8,96,96,96,96,96,96,37,18,18,4,44,44,0.4583333333333333,4,8,1.0,50,1.0,0.1875,0.5,0.7083333333333333,2.5,{}
balanced_validation_stochastic_panel,nitride,MF_P4,DECLARED_DOMAIN,joint,1,8,8,96,96,96,96,96,96,40,19,19,4,42,42,0.4375,4,8,1.0,48,1.0,0.19791666666666666,0.5,0.6875,2.875,{}
balanced_validation_stochastic_panel,nitride,MF_P4,DECLARED_DOMAIN,joint,2,8,8,96,96,96,96,96,96,32,16,16,4,47,47,0.4895833333333333,4,8,1.0,51,1.0,0.16666666666666666,0.5,0.78125,2.25,{}
balanced_validation_stochastic_panel,nitride,MF_P4,DECLARED_DOMAIN,property,0,8,8,96,96,96,96,96,96,78,91,91,0,0,0,0.0,0,8,1.0,0,1.0,0.9479166666666666,0.0,0.10416666666666666,11.75,{}
balanced_validation_stochastic_panel,nitride,MF_P4,DECLARED_DOMAIN,property,1,8,8,96,96,96,96,96,96,75,89,91,0,0,0,0.0,0,8,1.0,0,1.0,0.9270833333333334,0.0,0.08333333333333333,12.0,{}
balanced_validation_stochastic_panel,nitride,MF_P4,DECLARED_DOMAIN,property,2,8,8,96,96,96,96,96,96,74,90,91,0,1,1,0.010416666666666666,1,8,1.0,1,1.0,0.9375,0.125,0.09375,11.875,{}
balanced_validation_stochastic_panel,nitride,MF_P4,LEARNED_ANION,fixed_real,0,8,8,96,96,96,96,96,96,8,3,3,0,0,0,0.0,0,8,1.0,0,1.0,0.03125,0.0,0.9166666666666666,1.75,{}
balanced_validation_stochastic_panel,nitride,MF_P4,LEARNED_ANION,fixed_real,1,8,8,96,96,96,96,96,96,7,3,3,0,0,0,0.0,0,8,1.0,0,1.0,0.03125,0.0,0.9270833333333333,1.625,{}
balanced_validation_stochastic_panel,nitride,MF_P4,LEARNED_ANION,fixed_real,2,8,8,96,96,96,96,96,96,11,5,5,0,0,0,0.0,0,8,1.0,0,1.0,0.052083333333333336,0.0,0.8854166666666667,2.0,{}
balanced_validation_stochastic_panel,nitride,MF_P4,LEARNED_ANION,joint,0,8,8,96,96,96,96,96,96,37,19,19,4,41,41,0.4270833333333333,4,8,1.0,45,1.0,0.19791666666666666,0.5,0.7083333333333333,2.75,{}
balanced_validation_stochastic_panel,nitride,MF_P4,LEARNED_ANION,joint,1,8,8,96,96,96,96,96,96,36,23,23,4,42,42,0.4375,4,8,1.0,50,1.0,0.23958333333333334,0.5,0.71875,3.125,{}
balanced_validation_stochastic_panel,nitride,MF_P4,LEARNED_ANION,joint,2,8,8,96,96,96,96,96,96,34,23,23,4,43,43,0.4479166666666667,4,8,1.0,52,1.0,0.23958333333333334,0.5,0.75,3.125,{}
balanced_validation_stochastic_panel,nitride,MF_P4,LEARNED_ANION,property,0,8,8,96,96,96,96,96,85,65,96,96,0,0,0,0.0,0,8,1.0,0,1.0,1.0,0.0,0.08333333333333333,12.0,{}
balanced_validation_stochastic_panel,nitride,MF_P4,LEARNED_ANION,property,1,8,8,96,96,96,96,96,92,74,95,95,0,0,0,0.0,0,8,1.0,0,1.0,0.9895833333333334,0.0,0.09375,11.875,{}
balanced_validation_stochastic_panel,nitride,MF_P4,LEARNED_ANION,property,2,8,8,96,96,96,96,96,88,71,96,96,0,0,0,0.0,0,8,1.0,0,1.0,1.0,0.0,0.08333333333333333,12.0,{}
balanced_validation_stochastic_panel,other_mixed,MF_P3,LEARNED_ANION,fixed_real,0,8,0,96,96,96,96,96,96,7,3,3,0,0,0,,0,8,1.0,0,1.0,0.03125,,0.9270833333333334,1.5,{}
balanced_validation_stochastic_panel,other_mixed,MF_P3,LEARNED_ANION,fixed_real,1,8,0,96,96,96,96,96,96,5,3,3,0,0,0,,0,8,1.0,0,1.0,0.03125,,0.9479166666666666,1.625,{}
balanced_validation_stochastic_panel,other_mixed,MF_P3,LEARNED_ANION,fixed_real,2,8,0,96,96,96,96,96,96,4,3,3,0,0,0,,0,8,1.0,0,1.0,0.03125,,0.9583333333333333,1.5,{}
balanced_validation_stochastic_panel,other_mixed,MF_P3,LEARNED_ANION,joint,0,8,0,96,96,96,96,96,96,66,20,21,3,0,0,,0,8,1.0,0,1.0,0.20833333333333334,,0.78125,2.625,{}
balanced_validation_stochastic_panel,other_mixed,MF_P3,LEARNED_ANION,joint,1,8,0,96,96,96,96,96,96,61,22,24,3,0,0,,0,8,1.0,0,1.0,0.22916666666666666,,0.75,3.0,{}
balanced_validation_stochastic_panel,other_mixed,MF_P3,LEARNED_ANION,joint,2,8,0,96,96,96,96,96,96,61,21,25,3,0,0,,0,8,1.0,0,1.0,0.21875,,0.71875,3.125,{}
balanced_validation_stochastic_panel,other_mixed,MF_P3,LEARNED_ANION,property,0,8,0,96,96,96,96,96,96,67,82,82,0,0,0,,0,8,1.0,0,1.0,0.8541666666666666,,0.13541666666666666,10.75,{}
balanced_validation_stochastic_panel,other_mixed,MF_P3,LEARNED_ANION,property,1,8,0,96,96,96,96,96,96,68,86,87,0,0,0,,0,8,1.0,0,1.0,0.8958333333333334,,0.125,10.875,{}
balanced_validation_stochastic_panel,other_mixed,MF_P3,LEARNED_ANION,property,2,8,0,96,96,96,96,96,96,79,89,91,0,0,0,,0,8,1.0,0,1.0,0.9270833333333334,,0.125,11.375,{}
balanced_validation_stochastic_panel,other_mixed,MF_P4,LEARNED_ANION,fixed_real,0,8,8,96,96,96,96,96,96,8,4,4,0,0,0,0.0,0,8,1.0,0,1.0,0.041666666666666664,0.0,0.9166666666666667,1.625,{}
balanced_validation_stochastic_panel,other_mixed,MF_P4,LEARNED_ANION,fixed_real,1,8,8,96,96,96,96,96,96,5,3,3,0,0,0,0.0,0,8,1.0,0,1.0,0.03125,0.0,0.9479166666666666,1.625,{}
balanced_validation_stochastic_panel,other_mixed,MF_P4,LEARNED_ANION,fixed_real,2,8,8,96,96,96,96,96,96,4,3,3,0,0,0,0.0,0,8,1.0,0,1.0,0.03125,0.0,0.9583333333333333,1.5,{}
balanced_validation_stochastic_panel,other_mixed,MF_P4,LEARNED_ANION,joint,0,8,8,96,96,96,96,96,96,53,20,21,3,31,31,0.3229166666666667,4,8,1.0,31,1.0,0.20833333333333334,0.5,0.78125,2.625,{}
balanced_validation_stochastic_panel,other_mixed,MF_P4,LEARNED_ANION,joint,1,8,8,96,96,96,96,96,96,60,22,24,3,26,26,0.2708333333333333,4,8,1.0,26,1.0,0.22916666666666666,0.5,0.75,3.0,{}
balanced_validation_stochastic_panel,other_mixed,MF_P4,LEARNED_ANION,joint,2,8,8,96,96,96,96,96,96,57,21,25,3,31,31,0.3229166666666667,5,8,1.0,31,1.0,0.21875,0.625,0.71875,3.125,{}
balanced_validation_stochastic_panel,other_mixed,MF_P4,LEARNED_ANION,property,0,8,8,96,96,96,96,96,87,65,93,93,0,0,0,0.0,0,8,1.0,0,1.0,0.96875,0.0,0.10416666666666666,11.625,{}
balanced_validation_stochastic_panel,other_mixed,MF_P4,LEARNED_ANION,property,1,8,8,96,96,96,96,96,88,66,92,93,0,0,0,0.0,0,8,1.0,0,1.0,0.9583333333333334,0.0,0.09375,11.75,{}
balanced_validation_stochastic_panel,other_mixed,MF_P4,LEARNED_ANION,property,2,8,8,96,96,96,96,96,83,65,94,95,0,0,0,0.0,0,8,1.0,0,1.0,0.9791666666666666,0.0,0.09375,11.875,{}
balanced_validation_stochastic_panel,oxide,MF_P0,DECLARED_DOMAIN,fixed_real,0,10,0,120,120,120,4,4,4,4,1,1,0,0,0,,0,4,0.4,0,0.03333333333333333,0.008333333333333333,,1.0,1.0,"{""tolerance/mu"": 116}"
balanced_validation_stochastic_panel,oxide,MF_P0,DECLARED_DOMAIN,fixed_real,1,10,0,120,120,120,7,7,7,7,2,2,0,0,0,,0,5,0.5,0,0.058333333333333334,0.016666666666666666,,1.0,1.0,"{""tolerance/mu"": 113}"
balanced_validation_stochastic_panel,oxide,MF_P0,DECLARED_DOMAIN,fixed_real,2,10,0,120,120,120,6,6,6,6,2,2,0,0,0,,0,4,0.4,0,0.05,0.016666666666666666,,1.0,1.0,"{""tolerance/mu"": 114}"
balanced_validation_stochastic_panel,oxide,MF_P0,DECLARED_DOMAIN,joint,0,10,0,120,117,117,98,98,98,85,12,12,3,0,0,,0,9,0.9,0,0.8166666666666667,0.1,,0.8412698412698413,1.7777777777777777,"{""charge_compatible_A"": 3, ""tolerance/mu"": 19}"
balanced_validation_stochastic_panel,oxide,MF_P0,DECLARED_DOMAIN,joint,1,10,0,120,119,119,100,100,100,86,11,11,3,0,0,,0,9,0.9,0,0.8333333333333334,0.09166666666666666,,0.8564814814814814,1.7777777777777777,"{""charge_compatible_A"": 1, ""tolerance/mu"": 19}"
balanced_validation_stochastic_panel,oxide,MF_P0,DECLARED_DOMAIN,joint,2,10,0,120,116,116,98,98,98,83,12,12,3,0,0,,0,9,0.9,0,0.8166666666666667,0.1,,0.8148148148148148,1.7777777777777777,"{""charge_compatible_A"": 4, ""tolerance/mu"": 18}"
balanced_validation_stochastic_panel,oxide,MF_P0,DECLARED_DOMAIN,property,0,10,0,120,99,99,82,82,82,77,21,21,0,0,0,,0,10,1.0,0,0.6833333333333333,0.175,,0.3158008658008658,4.9,"{""charge_compatible_A"": 21, ""tolerance/mu"": 17}"
balanced_validation_stochastic_panel,oxide,MF_P0,DECLARED_DOMAIN,property,1,10,0,120,99,99,80,80,80,76,20,20,0,0,0,,0,10,1.0,0,0.6666666666666666,0.16666666666666666,,0.47762987012987007,4.5,"{""charge_compatible_A"": 21, ""tolerance/mu"": 19}"
balanced_validation_stochastic_panel,oxide,MF_P0,DECLARED_DOMAIN,property,2,10,0,120,97,97,79,79,79,75,19,19,0,0,0,,0,10,1.0,0,0.6583333333333333,0.15833333333333333,,0.35848484848484846,5.0,"{""charge_compatible_A"": 23, ""tolerance/mu"": 18}"
balanced_validation_stochastic_panel,oxide,MF_P1,DECLARED_DOMAIN,fixed_real,0,10,0,120,120,120,120,120,120,119,3,3,0,0,0,,0,10,1.0,0,1.0,0.025,,0.9333333333333332,1.7,{}
balanced_validation_stochastic_panel,oxide,MF_P1,DECLARED_DOMAIN,fixed_real,1,10,0,120,120,120,120,120,120,120,2,2,0,0,0,,0,10,1.0,0,1.0,0.016666666666666666,,0.9749999999999999,1.3,{}
balanced_validation_stochastic_panel,oxide,MF_P1,DECLARED_DOMAIN,fixed_real,2,10,0,120,120,120,120,120,120,118,4,4,0,0,0,,0,10,1.0,0,1.0,0.03333333333333333,,0.9333333333333333,1.8,{}
balanced_validation_stochastic_panel,oxide,MF_P1,DECLARED_DOMAIN,joint,0,10,0,120,120,120,120,120,120,97,26,26,3,0,0,,0,10,1.0,0,1.0,0.21666666666666667,,0.7333333333333333,3.0,{}
balanced_validation_stochastic_panel,oxide,MF_P1,DECLARED_DOMAIN,joint,1,10,0,120,120,120,120,120,120,95,20,20,3,0,0,,0,10,1.0,0,1.0,0.16666666666666666,,0.7333333333333334,2.3,{}
balanced_validation_stochastic_panel,oxide,MF_P1,DECLARED_DOMAIN,joint,2,10,0,120,120,120,120,120,120,96,27,27,3,0,0,,0,10,1.0,0,1.0,0.225,,0.6916666666666667,3.1,{}
balanced_validation_stochastic_panel,oxide,MF_P1,DECLARED_DOMAIN,property,0,10,0,120,120,120,120,120,120,101,72,72,0,0,0,,0,10,1.0,0,1.0,0.6,,0.15833333333333335,10.2,{}
balanced_validation_stochastic_panel,oxide,MF_P1,DECLARED_DOMAIN,property,1,10,0,120,120,120,120,120,120,110,76,76,0,0,0,,0,10,1.0,0,1.0,0.6333333333333333,,0.20833333333333334,9.8,{}
balanced_validation_stochastic_panel,oxide,MF_P1,DECLARED_DOMAIN,property,2,10,0,120,120,120,120,120,120,102,78,78,0,0,0,,0,10,1.0,0,1.0,0.65,,0.19166666666666668,9.9,{}
balanced_validation_stochastic_panel,oxide,MF_P2,DECLARED_DOMAIN,fixed_real,0,10,0,120,120,120,120,120,120,119,3,3,0,0,0,,0,10,1.0,0,1.0,0.025,,0.9333333333333332,1.7,{}
balanced_validation_stochastic_panel,oxide,MF_P2,DECLARED_DOMAIN,fixed_real,1,10,0,120,120,120,120,120,120,120,2,2,0,0,0,,0,10,1.0,0,1.0,0.016666666666666666,,0.9749999999999999,1.3,{}
balanced_validation_stochastic_panel,oxide,MF_P2,DECLARED_DOMAIN,fixed_real,2,10,0,120,120,120,120,120,120,118,4,4,0,0,0,,0,10,1.0,0,1.0,0.03333333333333333,,0.9333333333333333,1.8,{}
balanced_validation_stochastic_panel,oxide,MF_P2,DECLARED_DOMAIN,joint,0,10,0,120,120,120,120,120,120,97,26,26,3,0,0,,0,10,1.0,0,1.0,0.21666666666666667,,0.7333333333333333,3.0,{}
balanced_validation_stochastic_panel,oxide,MF_P2,DECLARED_DOMAIN,joint,1,10,0,120,120,120,120,120,120,95,20,20,3,0,0,,0,10,1.0,0,1.0,0.16666666666666666,,0.7333333333333334,2.3,{}
balanced_validation_stochastic_panel,oxide,MF_P2,DECLARED_DOMAIN,joint,2,10,0,120,120,120,120,120,120,96,27,27,3,0,0,,0,10,1.0,0,1.0,0.225,,0.6916666666666667,3.1,{}
balanced_validation_stochastic_panel,oxide,MF_P2,DECLARED_DOMAIN,property,0,10,0,120,120,120,120,120,120,101,72,72,0,0,0,,0,10,1.0,0,1.0,0.6,,0.15833333333333335,10.2,{}
balanced_validation_stochastic_panel,oxide,MF_P2,DECLARED_DOMAIN,property,1,10,0,120,120,120,120,120,120,110,76,76,0,0,0,,0,10,1.0,0,1.0,0.6333333333333333,,0.20833333333333334,9.8,{}
balanced_validation_stochastic_panel,oxide,MF_P2,DECLARED_DOMAIN,property,2,10,0,120,120,120,120,120,120,102,78,78,0,0,0,,0,10,1.0,0,1.0,0.65,,0.19166666666666668,9.9,{}
balanced_validation_stochastic_panel,oxide,MF_P3,DECLARED_DOMAIN,fixed_real,0,10,10,120,120,120,120,120,120,119,4,4,0,0,0,0.0,0,10,1.0,0,1.0,0.03333333333333333,0.0,0.9333333333333332,1.7,{}
balanced_validation_stochastic_panel,oxide,MF_P3,DECLARED_DOMAIN,fixed_real,1,10,10,120,120,120,120,120,120,120,3,3,0,0,0,0.0,0,10,1.0,0,1.0,0.025,0.0,0.9333333333333333,1.6,{}
balanced_validation_stochastic_panel,oxide,MF_P3,DECLARED_DOMAIN,fixed_real,2,10,10,120,120,120,120,120,120,120,4,4,0,0,0,0.0,0,10,1.0,0,1.0,0.03333333333333333,0.0,0.9416666666666667,1.5,{}
balanced_validation_stochastic_panel,oxide,MF_P3,DECLARED_DOMAIN,joint,0,10,10,120,120,120,120,120,120,77,26,28,3,38,38,0.31666666666666665,5,10,1.0,38,1.0,0.21666666666666667,0.5,0.7416666666666667,2.8,{}
balanced_validation_stochastic_panel,oxide,MF_P3,DECLARED_DOMAIN,joint,1,10,10,120,120,120,120,120,120,85,27,28,3,33,33,0.275,5,10,1.0,33,1.0,0.225,0.5,0.725,2.8,{}
balanced_validation_stochastic_panel,oxide,MF_P3,DECLARED_DOMAIN,joint,2,10,10,120,120,120,120,120,120,80,31,31,3,37,37,0.30833333333333335,5,10,1.0,37,1.0,0.25833333333333336,0.5,0.7666666666666666,3.1,{}
balanced_validation_stochastic_panel,oxide,MF_P3,DECLARED_DOMAIN,property,0,10,10,120,120,120,120,120,120,93,103,104,0,2,2,0.016666666666666666,2,10,1.0,2,1.0,0.8583333333333333,0.2,0.15,10.6,{}
balanced_validation_stochastic_panel,oxide,MF_P3,DECLARED_DOMAIN,property,1,10,10,120,120,120,120,120,120,92,106,107,0,3,3,0.025,2,10,1.0,3,1.0,0.8833333333333333,0.2,0.125,11.0,{}
balanced_validation_stochastic_panel,oxide,MF_P3,DECLARED_DOMAIN,property,2,10,10,120,120,120,120,120,120,96,102,105,0,1,1,0.008333333333333333,1,10,1.0,1,1.0,0.85,0.1,0.19166666666666668,10.6,{}
balanced_validation_stochastic_panel,oxide,MF_P3,LEARNED_ANION,fixed_real,0,10,10,120,120,120,120,120,120,6,3,3,0,0,0,0.0,0,10,1.0,0,1.0,0.025,0.0,0.9499999999999998,1.6,{}
balanced_validation_stochastic_panel,oxide,MF_P3,LEARNED_ANION,fixed_real,1,10,10,120,120,120,120,120,120,8,2,2,0,0,0,0.0,0,10,1.0,0,1.0,0.016666666666666666,0.0,0.9333333333333333,1.7,{}
balanced_validation_stochastic_panel,oxide,MF_P3,LEARNED_ANION,fixed_real,2,10,10,120,120,120,120,120,120,5,4,4,0,0,0,0.0,0,10,1.0,0,1.0,0.03333333333333333,0.0,0.9583333333333334,1.5,{}
balanced_validation_stochastic_panel,oxide,MF_P3,LEARNED_ANION,joint,0,10,10,120,120,120,120,120,120,82,30,31,3,35,35,0.2916666666666667,5,10,1.0,35,1.0,0.25,0.5,0.6916666666666667,3.1,{}
balanced_validation_stochastic_panel,oxide,MF_P3,LEARNED_ANION,joint,1,10,10,120,120,120,120,120,120,88,28,29,3,32,32,0.26666666666666666,5,10,1.0,32,1.0,0.23333333333333334,0.5,0.7416666666666667,2.9,{}
balanced_validation_stochastic_panel,oxide,MF_P3,LEARNED_ANION,joint,2,10,10,120,120,120,120,120,120,86,24,25,3,31,31,0.25833333333333336,4,10,1.0,31,1.0,0.2,0.4,0.7666666666666667,2.5,{}
balanced_validation_stochastic_panel,oxide,MF_P3,LEARNED_ANION,property,0,10,10,120,120,120,120,120,120,94,102,102,0,0,0,0.0,0,10,1.0,0,1.0,0.85,0.0,0.16666666666666666,10.5,{}
balanced_validation_stochastic_panel,oxide,MF_P3,LEARNED_ANION,property,1,10,10,120,120,120,120,120,120,99,103,104,0,2,2,0.016666666666666666,1,10,1.0,2,1.0,0.8583333333333333,0.1,0.15,10.7,{}
balanced_validation_stochastic_panel,oxide,MF_P3,LEARNED_ANION,property,2,10,10,120,120,120,120,120,120,105,107,109,0,1,1,0.008333333333333333,1,10,1.0,1,1.0,0.8916666666666667,0.1,0.13333333333333333,11.0,{}
balanced_validation_stochastic_panel,oxide,MF_P4,DECLARED_DOMAIN,fixed_real,0,10,10,120,120,120,120,120,120,120,3,3,0,0,0,0.0,0,10,1.0,0,1.0,0.025,0.0,0.9583333333333334,1.5,{}
balanced_validation_stochastic_panel,oxide,MF_P4,DECLARED_DOMAIN,fixed_real,1,10,10,120,120,120,120,120,120,118,4,4,0,0,0,0.0,0,10,1.0,0,1.0,0.03333333333333333,0.0,0.9249999999999998,1.9,{}
balanced_validation_stochastic_panel,oxide,MF_P4,DECLARED_DOMAIN,fixed_real,2,10,10,120,120,120,120,120,120,119,4,4,0,0,0,0.0,0,10,1.0,0,1.0,0.03333333333333333,0.0,0.9083333333333334,1.7,{}
balanced_validation_stochastic_panel,oxide,MF_P4,DECLARED_DOMAIN,joint,0,10,10,120,120,120,120,120,120,83,27,28,3,35,35,0.2916666666666667,5,10,1.0,35,1.0,0.225,0.5,0.7416666666666666,2.8,{}
balanced_validation_stochastic_panel,oxide,MF_P4,DECLARED_DOMAIN,joint,1,10,10,120,120,120,120,120,120,84,29,30,3,31,31,0.25833333333333336,5,10,1.0,31,1.0,0.24166666666666667,0.5,0.6833333333333333,3.0,{}
balanced_validation_stochastic_panel,oxide,MF_P4,DECLARED_DOMAIN,joint,2,10,10,120,120,120,120,120,120,87,26,27,3,32,32,0.26666666666666666,5,10,1.0,32,1.0,0.21666666666666667,0.5,0.75,2.8,{}
balanced_validation_stochastic_panel,oxide,MF_P4,DECLARED_DOMAIN,property,0,10,10,120,120,120,120,120,120,100,99,102,0,1,1,0.008333333333333333,1,10,1.0,1,1.0,0.825,0.1,0.16666666666666666,10.6,{}
balanced_validation_stochastic_panel,oxide,MF_P4,DECLARED_DOMAIN,property,1,10,10,120,120,120,120,120,120,100,101,107,0,0,0,0.0,0,10,1.0,0,1.0,0.8416666666666667,0.0,0.15,10.9,{}
balanced_validation_stochastic_panel,oxide,MF_P4,DECLARED_DOMAIN,property,2,10,10,120,120,120,120,120,120,105,103,105,0,2,2,0.016666666666666666,1,10,1.0,2,1.0,0.8583333333333333,0.1,0.14166666666666666,10.8,{}
balanced_validation_stochastic_panel,oxide,MF_P4,LEARNED_ANION,fixed_real,0,10,10,120,120,120,120,120,120,6,3,3,0,0,0,0.0,0,10,1.0,0,1.0,0.025,0.0,0.9499999999999998,1.6,{}
balanced_validation_stochastic_panel,oxide,MF_P4,LEARNED_ANION,fixed_real,1,10,10,120,120,120,120,120,120,8,2,2,0,0,0,0.0,0,10,1.0,0,1.0,0.016666666666666666,0.0,0.9333333333333333,1.7,{}
balanced_validation_stochastic_panel,oxide,MF_P4,LEARNED_ANION,fixed_real,2,10,10,120,120,120,120,120,120,6,5,5,0,0,0,0.0,0,10,1.0,0,1.0,0.041666666666666664,0.0,0.95,1.6,{}
balanced_validation_stochastic_panel,oxide,MF_P4,LEARNED_ANION,joint,0,10,10,120,120,120,120,120,120,81,32,33,3,35,35,0.2916666666666667,5,10,1.0,35,1.0,0.26666666666666666,0.5,0.6833333333333333,3.3,{}
balanced_validation_stochastic_panel,oxide,MF_P4,LEARNED_ANION,joint,1,10,10,120,120,120,120,120,120,85,30,31,3,32,32,0.26666666666666666,5,10,1.0,32,1.0,0.25,0.5,0.725,3.1,{}
balanced_validation_stochastic_panel,oxide,MF_P4,LEARNED_ANION,joint,2,10,10,120,120,120,120,120,120,87,25,26,3,31,31,0.25833333333333336,4,10,1.0,31,1.0,0.20833333333333334,0.4,0.7416666666666667,2.6,{}
balanced_validation_stochastic_panel,oxide,MF_P4,LEARNED_ANION,property,0,10,10,120,120,120,120,120,116,95,108,108,0,0,0,0.0,0,10,1.0,0,1.0,0.9,0.0,0.15,10.8,{}
balanced_validation_stochastic_panel,oxide,MF_P4,LEARNED_ANION,property,1,10,10,120,120,120,120,120,115,88,111,111,0,2,2,0.016666666666666666,1,10,1.0,2,1.0,0.925,0.1,0.14166666666666666,11.1,{}
balanced_validation_stochastic_panel,oxide,MF_P4,LEARNED_ANION,property,2,10,10,120,120,120,120,120,114,99,111,112,0,1,1,0.008333333333333333,1,10,1.0,1,1.0,0.925,0.1,0.11666666666666665,11.2,{}
balanced_validation_stochastic_panel,oxychalcogenide,MF_P3,LEARNED_ANION,fixed_real,0,10,0,120,120,120,120,120,120,4,2,2,0,0,0,,0,10,1.0,0,1.0,0.016666666666666666,,0.9666666666666666,1.4,{}
balanced_validation_stochastic_panel,oxychalcogenide,MF_P3,LEARNED_ANION,fixed_real,1,10,0,120,120,120,120,120,120,4,3,3,0,0,0,,0,10,1.0,0,1.0,0.025,,0.9666666666666666,1.3,{}
balanced_validation_stochastic_panel,oxychalcogenide,MF_P3,LEARNED_ANION,fixed_real,2,10,0,120,120,120,120,120,120,4,3,3,0,0,0,,0,10,1.0,0,1.0,0.025,,0.9666666666666666,1.4,{}
balanced_validation_stochastic_panel,oxychalcogenide,MF_P3,LEARNED_ANION,joint,0,10,0,120,120,120,120,120,120,118,25,26,1,0,0,,0,10,1.0,0,1.0,0.20833333333333334,,0.7500000000000001,2.8,{}
balanced_validation_stochastic_panel,oxychalcogenide,MF_P3,LEARNED_ANION,joint,1,10,0,120,120,120,120,120,120,116,24,24,1,0,0,,0,10,1.0,0,1.0,0.2,,0.7583333333333334,2.5,{}
balanced_validation_stochastic_panel,oxychalcogenide,MF_P3,LEARNED_ANION,joint,2,10,0,120,120,120,120,120,120,118,22,23,1,0,0,,0,10,1.0,0,1.0,0.18333333333333332,,0.8,2.4,{}
balanced_validation_stochastic_panel,oxychalcogenide,MF_P3,LEARNED_ANION,property,0,10,0,120,120,120,120,120,120,96,111,111,0,0,0,,0,10,1.0,0,1.0,0.925,,0.10833333333333332,11.6,{}
balanced_validation_stochastic_panel,oxychalcogenide,MF_P3,LEARNED_ANION,property,1,10,0,120,120,120,120,120,120,91,104,104,0,0,0,,0,10,1.0,0,1.0,0.8666666666666667,,0.14999999999999997,11.0,{}
balanced_validation_stochastic_panel,oxychalcogenide,MF_P3,LEARNED_ANION,property,2,10,0,120,120,120,120,120,120,101,112,112,0,0,0,,0,10,1.0,0,1.0,0.9333333333333333,,0.11666666666666667,11.5,{}
balanced_validation_stochastic_panel,oxychalcogenide,MF_P4,LEARNED_ANION,fixed_real,0,10,10,120,120,120,120,120,120,4,2,2,0,0,0,0.0,0,10,1.0,0,1.0,0.016666666666666666,0.0,0.9666666666666666,1.4,{}
balanced_validation_stochastic_panel,oxychalcogenide,MF_P4,LEARNED_ANION,fixed_real,1,10,10,120,120,120,120,120,120,5,4,4,0,0,0,0.0,0,10,1.0,0,1.0,0.03333333333333333,0.0,0.9583333333333333,1.4,{}
balanced_validation_stochastic_panel,oxychalcogenide,MF_P4,LEARNED_ANION,fixed_real,2,10,10,120,120,120,120,120,120,4,3,3,0,0,0,0.0,0,10,1.0,0,1.0,0.025,0.0,0.9666666666666666,1.4,{}
balanced_validation_stochastic_panel,oxychalcogenide,MF_P4,LEARNED_ANION,joint,0,10,10,120,120,120,120,120,120,75,25,26,1,18,18,0.15,3,10,1.0,18,1.0,0.20833333333333334,0.3,0.7500000000000001,2.8,{}
balanced_validation_stochastic_panel,oxychalcogenide,MF_P4,LEARNED_ANION,joint,1,10,10,120,120,120,120,120,120,79,24,24,1,15,15,0.125,2,10,1.0,15,1.0,0.2,0.2,0.7583333333333334,2.5,{}
balanced_validation_stochastic_panel,oxychalcogenide,MF_P4,LEARNED_ANION,joint,2,10,10,120,120,120,120,120,120,81,23,24,1,13,13,0.10833333333333334,3,10,1.0,13,1.0,0.19166666666666668,0.3,0.7916666666666667,2.5,{}
balanced_validation_stochastic_panel,oxychalcogenide,MF_P4,LEARNED_ANION,property,0,10,10,120,120,120,120,120,102,83,117,117,0,0,0,0.0,0,10,1.0,0,1.0,0.975,0.0,0.1,11.8,{}
balanced_validation_stochastic_panel,oxychalcogenide,MF_P4,LEARNED_ANION,property,1,10,10,120,120,120,120,120,104,85,114,114,0,0,0,0.0,0,10,1.0,0,1.0,0.95,0.0,0.10833333333333332,11.6,{}
balanced_validation_stochastic_panel,oxychalcogenide,MF_P4,LEARNED_ANION,property,2,10,10,120,120,120,120,120,103,77,119,119,0,0,0,0.0,0,10,1.0,0,1.0,0.9916666666666667,0.0,0.09166666666666667,11.9,{}
balanced_validation_stochastic_panel,oxyhalide,MF_P3,LEARNED_ANION,fixed_real,0,10,0,120,120,120,120,120,120,6,3,3,0,0,0,,0,10,1.0,0,1.0,0.025,,0.9499999999999998,1.6,{}
balanced_validation_stochastic_panel,oxyhalide,MF_P3,LEARNED_ANION,fixed_real,1,10,0,120,120,120,120,120,120,11,4,4,0,0,0,,0,10,1.0,0,1.0,0.03333333333333333,,0.9083333333333332,1.8,{}
balanced_validation_stochastic_panel,oxyhalide,MF_P3,LEARNED_ANION,fixed_real,2,10,0,120,120,120,120,120,120,11,3,3,0,0,0,,0,10,1.0,0,1.0,0.025,,0.9083333333333332,1.9,{}
balanced_validation_stochastic_panel,oxyhalide,MF_P3,LEARNED_ANION,joint,0,10,0,120,120,120,120,120,120,91,22,22,4,0,0,,0,10,1.0,0,1.0,0.18333333333333332,,0.75,2.3,{}
balanced_validation_stochastic_panel,oxyhalide,MF_P3,LEARNED_ANION,joint,1,10,0,120,120,120,120,120,120,89,26,26,4,0,0,,0,10,1.0,0,1.0,0.21666666666666667,,0.7583333333333333,2.7,{}
balanced_validation_stochastic_panel,oxyhalide,MF_P3,LEARNED_ANION,joint,2,10,0,120,120,120,120,120,120,83,22,22,4,0,0,,0,10,1.0,0,1.0,0.18333333333333332,,0.7833333333333334,2.3,{}
balanced_validation_stochastic_panel,oxyhalide,MF_P3,LEARNED_ANION,property,0,10,0,120,120,120,120,120,120,99,102,103,0,0,0,,0,10,1.0,0,1.0,0.85,,0.15,11.1,{}
balanced_validation_stochastic_panel,oxyhalide,MF_P3,LEARNED_ANION,property,1,10,0,120,120,120,120,120,120,100,109,109,0,0,0,,0,10,1.0,0,1.0,0.9083333333333333,,0.11666666666666667,11.3,{}
balanced_validation_stochastic_panel,oxyhalide,MF_P3,LEARNED_ANION,property,2,10,0,120,120,120,120,120,120,102,107,107,0,0,0,,0,10,1.0,0,1.0,0.8916666666666667,,0.10833333333333332,11.2,{}
balanced_validation_stochastic_panel,oxyhalide,MF_P4,LEARNED_ANION,fixed_real,0,10,10,120,120,120,120,120,120,6,3,3,0,0,0,0.0,0,10,1.0,0,1.0,0.025,0.0,0.9499999999999998,1.6,{}
balanced_validation_stochastic_panel,oxyhalide,MF_P4,LEARNED_ANION,fixed_real,1,10,10,120,120,120,120,120,120,11,4,4,0,0,0,0.0,0,10,1.0,0,1.0,0.03333333333333333,0.0,0.9083333333333332,1.8,{}
balanced_validation_stochastic_panel,oxyhalide,MF_P4,LEARNED_ANION,fixed_real,2,10,10,120,120,120,120,120,120,11,3,3,0,0,0,0.0,0,10,1.0,0,1.0,0.025,0.0,0.9083333333333332,1.9,{}
balanced_validation_stochastic_panel,oxyhalide,MF_P4,LEARNED_ANION,joint,0,10,10,120,120,120,120,120,120,64,22,22,4,47,47,0.39166666666666666,4,10,1.0,49,1.0,0.18333333333333332,0.4,0.75,2.3,{}
balanced_validation_stochastic_panel,oxyhalide,MF_P4,LEARNED_ANION,joint,1,10,10,120,120,120,120,120,120,63,27,27,4,45,45,0.375,4,10,1.0,45,1.0,0.225,0.4,0.75,2.8,{}
balanced_validation_stochastic_panel,oxyhalide,MF_P4,LEARNED_ANION,joint,2,10,10,120,120,120,120,120,120,61,22,22,4,45,45,0.375,4,10,1.0,45,1.0,0.18333333333333332,0.4,0.7833333333333334,2.3,{}
balanced_validation_stochastic_panel,oxyhalide,MF_P4,LEARNED_ANION,property,0,10,10,120,120,120,120,120,112,90,111,111,0,0,0,0.0,0,10,1.0,0,1.0,0.925,0.0,0.11666666666666667,11.5,{}
balanced_validation_stochastic_panel,oxyhalide,MF_P4,LEARNED_ANION,property,1,10,10,120,120,120,120,120,107,90,116,116,0,0,0,0.0,0,10,1.0,0,1.0,0.9666666666666667,0.0,0.1,11.7,{}
balanced_validation_stochastic_panel,oxyhalide,MF_P4,LEARNED_ANION,property,2,10,10,120,120,120,120,120,109,88,117,117,0,0,0,0.0,0,10,1.0,0,1.0,0.975,0.0,0.1,11.7,{}
balanced_validation_stochastic_panel,oxynitride,MF_P3,LEARNED_ANION,fixed_real,0,18,0,216,216,216,216,216,216,18,6,6,0,0,0,,0,18,1.0,0,1.0,0.027777777777777776,,0.9166666666666666,1.9444444444444444,{}
balanced_validation_stochastic_panel,oxynitride,MF_P3,LEARNED_ANION,fixed_real,1,18,0,216,216,216,216,216,216,20,4,4,0,0,0,,0,18,1.0,0,1.0,0.018518518518518517,,0.9074074074074073,1.8333333333333333,{}
balanced_validation_stochastic_panel,oxynitride,MF_P3,LEARNED_ANION,fixed_real,2,18,0,216,216,216,216,216,216,8,3,3,0,0,0,,0,18,1.0,0,1.0,0.013888888888888888,,0.9629629629629629,1.3333333333333333,{}
balanced_validation_stochastic_panel,oxynitride,MF_P3,LEARNED_ANION,joint,0,18,0,216,216,216,216,216,216,157,38,39,5,0,0,,0,18,1.0,0,1.0,0.17592592592592593,,0.8194444444444444,2.2777777777777777,{}
balanced_validation_stochastic_panel,oxynitride,MF_P3,LEARNED_ANION,joint,1,18,0,216,216,216,216,216,216,152,38,39,5,0,0,,0,18,1.0,0,1.0,0.17592592592592593,,0.7962962962962963,2.3333333333333335,{}
balanced_validation_stochastic_panel,oxynitride,MF_P3,LEARNED_ANION,joint,2,18,0,216,216,216,216,216,216,159,32,32,5,0,0,,0,18,1.0,0,1.0,0.14814814814814814,,0.8518518518518517,1.8888888888888888,{}
balanced_validation_stochastic_panel,oxynitride,MF_P3,LEARNED_ANION,property,0,18,0,216,216,216,216,216,216,170,188,189,0,0,0,,0,18,1.0,0,1.0,0.8703703703703703,,0.12499999999999997,11.166666666666666,{}
balanced_validation_stochastic_panel,oxynitride,MF_P3,LEARNED_ANION,property,1,18,0,216,216,216,216,216,216,166,194,196,0,0,0,,0,18,1.0,0,1.0,0.8981481481481481,,0.11574074074074073,11.444444444444445,{}
balanced_validation_stochastic_panel,oxynitride,MF_P3,LEARNED_ANION,property,2,18,0,216,216,216,216,216,216,172,190,194,0,0,0,,0,18,1.0,0,1.0,0.8796296296296297,,0.12037037037037039,11.444444444444445,{}
balanced_validation_stochastic_panel,oxynitride,MF_P4,LEARNED_ANION,fixed_real,0,18,18,216,216,216,216,216,216,18,6,6,0,0,0,0.0,0,18,1.0,0,1.0,0.027777777777777776,0.0,0.9166666666666666,1.9444444444444444,{}
balanced_validation_stochastic_panel,oxynitride,MF_P4,LEARNED_ANION,fixed_real,1,18,18,216,216,216,216,216,216,20,4,4,0,0,0,0.0,0,18,1.0,0,1.0,0.018518518518518517,0.0,0.9074074074074073,1.8333333333333333,{}
balanced_validation_stochastic_panel,oxynitride,MF_P4,LEARNED_ANION,fixed_real,2,18,18,216,216,216,216,216,216,8,3,3,0,0,0,0.0,0,18,1.0,0,1.0,0.013888888888888888,0.0,0.9629629629629629,1.3333333333333333,{}
balanced_validation_stochastic_panel,oxynitride,MF_P4,LEARNED_ANION,joint,0,18,18,216,216,216,216,216,216,126,40,41,5,52,52,0.24074074074074073,8,18,1.0,52,1.0,0.18518518518518517,0.4444444444444444,0.8148148148148148,2.388888888888889,{}
balanced_validation_stochastic_panel,oxynitride,MF_P4,LEARNED_ANION,joint,1,18,18,216,216,216,216,216,216,123,40,41,5,52,52,0.24074074074074073,7,18,1.0,52,1.0,0.18518518518518517,0.3888888888888889,0.787037037037037,2.4444444444444446,{}
balanced_validation_stochastic_panel,oxynitride,MF_P4,LEARNED_ANION,joint,2,18,18,216,216,216,216,216,216,121,34,34,5,50,50,0.23148148148148148,6,18,1.0,50,1.0,0.1574074074074074,0.3333333333333333,0.8518518518518517,2.0,{}
balanced_validation_stochastic_panel,oxynitride,MF_P4,LEARNED_ANION,property,0,18,18,216,216,216,216,216,197,157,208,208,0,0,0,0.0,0,18,1.0,0,1.0,0.9629629629629629,0.0,0.09722222222222221,11.722222222222221,{}
balanced_validation_stochastic_panel,oxynitride,MF_P4,LEARNED_ANION,property,1,18,18,216,216,216,216,216,200,158,204,205,0,0,0,0.0,0,18,1.0,0,1.0,0.9444444444444444,0.0,0.10185185185185183,11.666666666666666,{}
balanced_validation_stochastic_panel,oxynitride,MF_P4,LEARNED_ANION,property,2,18,18,216,216,216,216,216,195,163,209,210,0,0,0,0.0,0,18,1.0,0,1.0,0.9675925925925926,0.0,0.09722222222222221,11.777777777777779,{}
balanced_validation_stochastic_panel,nitride,MF_P0,DECLARED_DOMAIN,fixed_real,ALL,8,0,288,0,0,0,0,0,0,0,0,0,0,0,,0,0,0.0,0,0.0,0.0,,,,"{""charge_compatible_A"": 288}"
balanced_validation_stochastic_panel,nitride,MF_P0,DECLARED_DOMAIN,joint,ALL,8,0,288,30,30,0,0,0,0,0,0,4,0,0,,0,0,0.0,0,0.0,0.0,,,,"{""charge_compatible_A"": 258, ""tolerance/mu"": 30}"
balanced_validation_stochastic_panel,nitride,MF_P0,DECLARED_DOMAIN,property,ALL,8,0,288,51,51,0,0,0,0,0,0,0,0,0,,0,0,0.0,0,0.0,0.0,,,,"{""charge_compatible_A"": 237, ""tolerance/mu"": 51}"
balanced_validation_stochastic_panel,nitride,MF_P1,DECLARED_DOMAIN,fixed_real,ALL,8,0,288,288,288,288,288,288,15,4,4,0,0,0,,0,8,1.0,0,1.0,0.013888888888888888,,0.9479166666666666,2.125,{}
balanced_validation_stochastic_panel,nitride,MF_P1,DECLARED_DOMAIN,joint,ALL,8,0,288,288,288,288,288,288,152,16,16,4,0,0,,0,8,1.0,0,1.0,0.05555555555555555,,0.6666666666666667,3.625,{}
balanced_validation_stochastic_panel,nitride,MF_P1,DECLARED_DOMAIN,property,ALL,8,0,288,288,288,288,288,288,214,89,89,0,0,0,,0,8,1.0,0,1.0,0.3090277777777778,,0.09374999999999999,27.125,{}
balanced_validation_stochastic_panel,nitride,MF_P2,DECLARED_DOMAIN,fixed_real,ALL,8,0,288,288,288,288,288,288,15,4,4,0,0,0,,0,8,1.0,0,1.0,0.013888888888888888,,0.9479166666666666,2.125,{}
balanced_validation_stochastic_panel,nitride,MF_P2,DECLARED_DOMAIN,joint,ALL,8,0,288,288,288,288,288,288,152,16,16,4,0,0,,0,8,1.0,0,1.0,0.05555555555555555,,0.6666666666666667,3.625,{}
balanced_validation_stochastic_panel,nitride,MF_P2,DECLARED_DOMAIN,property,ALL,8,0,288,288,288,288,288,288,214,89,89,0,0,0,,0,8,1.0,0,1.0,0.3090277777777778,,0.09374999999999999,27.125,{}
balanced_validation_stochastic_panel,nitride,MF_P3,DECLARED_DOMAIN,fixed_real,ALL,8,8,288,288,288,288,288,288,15,5,5,0,0,0,0.0,0,8,1.0,0,1.0,0.017361111111111112,0.0,0.9479166666666666,2.5,{}
balanced_validation_stochastic_panel,nitride,MF_P3,DECLARED_DOMAIN,joint,ALL,8,8,288,288,288,288,288,288,104,27,28,4,130,130,0.4513888888888889,4,8,1.0,150,1.0,0.09375,0.5,0.6944444444444444,3.875,{}
balanced_validation_stochastic_panel,nitride,MF_P3,DECLARED_DOMAIN,property,ALL,8,8,288,288,288,288,288,288,223,249,251,0,0,0,0.0,0,8,1.0,0,1.0,0.8645833333333334,0.0,0.05208333333333333,34.375,{}
balanced_validation_stochastic_panel,nitride,MF_P3,LEARNED_ANION,fixed_real,ALL,8,8,288,288,288,288,288,288,25,5,5,0,0,0,0.0,0,8,1.0,0,1.0,0.017361111111111112,0.0,0.9131944444444444,2.5,{}
balanced_validation_stochastic_panel,nitride,MF_P3,LEARNED_ANION,joint,ALL,8,8,288,288,288,288,288,288,97,27,27,4,136,136,0.4722222222222222,4,8,1.0,157,1.0,0.09375,0.5,0.7534722222222222,3.75,{}
balanced_validation_stochastic_panel,nitride,MF_P3,LEARNED_ANION,property,ALL,8,8,288,288,288,288,288,288,227,270,271,0,0,0,0.0,0,8,1.0,0,1.0,0.9375,0.0,0.041666666666666664,35.125,{}
balanced_validation_stochastic_panel,nitride,MF_P4,DECLARED_DOMAIN,fixed_real,ALL,8,8,288,288,288,288,288,288,15,5,5,0,0,0,0.0,0,8,1.0,0,1.0,0.017361111111111112,0.0,0.9479166666666666,2.25,{}
balanced_validation_stochastic_panel,nitride,MF_P4,DECLARED_DOMAIN,joint,ALL,8,8,288,288,288,288,288,288,109,21,22,4,133,133,0.4618055555555556,4,8,1.0,149,1.0,0.07291666666666667,0.5,0.7118055555555556,3.25,{}
balanced_validation_stochastic_panel,nitride,MF_P4,DECLARED_DOMAIN,property,ALL,8,8,288,288,288,288,288,288,227,245,250,0,1,1,0.003472222222222222,1,8,1.0,1,1.0,0.8506944444444444,0.125,0.05555555555555555,34.625,{}
balanced_validation_stochastic_panel,nitride,MF_P4,LEARNED_ANION,fixed_real,ALL,8,8,288,288,288,288,288,288,26,6,6,0,0,0,0.0,0,8,1.0,0,1.0,0.020833333333333332,0.0,0.9097222222222223,2.625,{}
balanced_validation_stochastic_panel,nitride,MF_P4,LEARNED_ANION,joint,ALL,8,8,288,288,288,288,288,288,107,31,31,4,126,126,0.4375,4,8,1.0,147,1.0,0.1076388888888889,0.5,0.71875,4.25,{}
balanced_validation_stochastic_panel,nitride,MF_P4,LEARNED_ANION,property,ALL,8,8,288,288,288,288,288,265,210,281,282,0,0,0,0.0,0,8,1.0,0,1.0,0.9756944444444444,0.0,0.03819444444444445,35.625,{}
balanced_validation_stochastic_panel,other_mixed,MF_P3,LEARNED_ANION,fixed_real,ALL,8,0,288,288,288,288,288,288,16,4,4,0,0,0,,0,8,1.0,0,1.0,0.013888888888888888,,0.9444444444444444,2.25,{}
balanced_validation_stochastic_panel,other_mixed,MF_P3,LEARNED_ANION,joint,ALL,8,0,288,288,288,288,288,288,188,32,37,3,0,0,,0,8,1.0,0,1.0,0.1111111111111111,,0.7430555555555556,4.625,{}
balanced_validation_stochastic_panel,other_mixed,MF_P3,LEARNED_ANION,property,ALL,8,0,288,288,288,288,288,288,214,226,232,0,0,0,,0,8,1.0,0,1.0,0.7847222222222222,,0.0798611111111111,30.5,{}
balanced_validation_stochastic_panel,other_mixed,MF_P4,LEARNED_ANION,fixed_real,ALL,8,8,288,288,288,288,288,288,17,5,5,0,0,0,0.0,0,8,1.0,0,1.0,0.017361111111111112,0.0,0.9409722222222222,2.375,{}
balanced_validation_stochastic_panel,other_mixed,MF_P4,LEARNED_ANION,joint,ALL,8,8,288,288,288,288,288,288,170,32,37,3,88,88,0.3055555555555556,6,8,1.0,88,1.0,0.1111111111111111,0.75,0.7430555555555556,4.625,{}
balanced_validation_stochastic_panel,other_mixed,MF_P4,LEARNED_ANION,property,ALL,8,8,288,288,288,288,288,258,196,260,262,0,0,0,0.0,0,8,1.0,0,1.0,0.9027777777777778,0.0,0.05208333333333333,33.625,{}
balanced_validation_stochastic_panel,oxide,MF_P0,DECLARED_DOMAIN,fixed_real,ALL,10,0,360,360,360,17,17,17,17,2,2,0,0,0,,0,8,0.8,0,0.04722222222222222,0.005555555555555556,,0.96875,1.125,"{""tolerance/mu"": 343}"
balanced_validation_stochastic_panel,oxide,MF_P0,DECLARED_DOMAIN,joint,ALL,10,0,360,352,352,296,296,296,254,13,13,3,0,0,,0,9,0.9,0,0.8222222222222222,0.03611111111111111,,0.8344068706387547,2.0,"{""charge_compatible_A"": 8, ""tolerance/mu"": 56}"
balanced_validation_stochastic_panel,oxide,MF_P0,DECLARED_DOMAIN,property,ALL,10,0,360,295,295,241,241,241,228,26,26,0,0,0,,0,10,1.0,0,0.6694444444444444,0.07222222222222222,,0.3109904401154401,8.3,"{""charge_compatible_A"": 65, ""tolerance/mu"": 54}"
balanced_validation_stochastic_panel,oxide,MF_P1,DECLARED_DOMAIN,fixed_real,ALL,10,0,360,360,360,360,360,360,357,4,4,0,0,0,,0,10,1.0,0,1.0,0.011111111111111112,,0.9472222222222222,2.5,{}
balanced_validation_stochastic_panel,oxide,MF_P1,DECLARED_DOMAIN,joint,ALL,10,0,360,360,360,360,360,360,288,32,32,3,0,0,,0,10,1.0,0,1.0,0.08888888888888889,,0.7083333333333333,3.7,{}
balanced_validation_stochastic_panel,oxide,MF_P1,DECLARED_DOMAIN,property,ALL,10,0,360,360,360,360,360,360,313,135,135,0,0,0,,0,10,1.0,0,1.0,0.375,,0.13055555555555554,23.6,{}
balanced_validation_stochastic_panel,oxide,MF_P2,DECLARED_DOMAIN,fixed_real,ALL,10,0,360,360,360,360,360,360,357,4,4,0,0,0,,0,10,1.0,0,1.0,0.011111111111111112,,0.9472222222222222,2.5,{}
balanced_validation_stochastic_panel,oxide,MF_P2,DECLARED_DOMAIN,joint,ALL,10,0,360,360,360,360,360,360,288,32,32,3,0,0,,0,10,1.0,0,1.0,0.08888888888888889,,0.7083333333333333,3.7,{}
balanced_validation_stochastic_panel,oxide,MF_P2,DECLARED_DOMAIN,property,ALL,10,0,360,360,360,360,360,360,313,135,135,0,0,0,,0,10,1.0,0,1.0,0.375,,0.13055555555555554,23.6,{}
balanced_validation_stochastic_panel,oxide,MF_P3,DECLARED_DOMAIN,fixed_real,ALL,10,10,360,360,360,360,360,360,359,5,5,0,0,0,0.0,0,10,1.0,0,1.0,0.013888888888888888,0.0,0.9361111111111111,2.3,{}
balanced_validation_stochastic_panel,oxide,MF_P3,DECLARED_DOMAIN,joint,ALL,10,10,360,360,360,360,360,360,242,37,39,3,108,108,0.3,5,10,1.0,108,1.0,0.10277777777777777,0.5,0.7388888888888889,3.9,{}
balanced_validation_stochastic_panel,oxide,MF_P3,DECLARED_DOMAIN,property,ALL,10,10,360,360,360,360,360,360,281,261,271,0,6,6,0.016666666666666666,3,10,1.0,6,1.0,0.725,0.3,0.10277777777777777,29.2,{}
balanced_validation_stochastic_panel,oxide,MF_P3,LEARNED_ANION,fixed_real,ALL,10,10,360,360,360,360,360,360,19,5,5,0,0,0,0.0,0,10,1.0,0,1.0,0.013888888888888888,0.0,0.9472222222222222,2.3,{}
balanced_validation_stochastic_panel,oxide,MF_P3,LEARNED_ANION,joint,ALL,10,10,360,360,360,360,360,360,256,39,40,3,98,98,0.2722222222222222,5,10,1.0,98,1.0,0.10833333333333334,0.5,0.7305555555555555,4.0,{}
balanced_validation_stochastic_panel,oxide,MF_P3,LEARNED_ANION,property,ALL,10,10,360,360,360,360,360,360,298,266,275,0,3,3,0.008333333333333333,2,10,1.0,3,1.0,0.7388888888888889,0.2,0.09722222222222224,29.0,{}
balanced_validation_stochastic_panel,oxide,MF_P4,DECLARED_DOMAIN,fixed_real,ALL,10,10,360,360,360,360,360,360,357,5,5,0,0,0,0.0,0,10,1.0,0,1.0,0.013888888888888888,0.0,0.9305555555555556,2.6,{}
balanced_validation_stochastic_panel,oxide,MF_P4,DECLARED_DOMAIN,joint,ALL,10,10,360,360,360,360,360,360,254,38,40,3,98,98,0.2722222222222222,5,10,1.0,98,1.0,0.10555555555555556,0.5,0.7166666666666668,4.1,{}
balanced_validation_stochastic_panel,oxide,MF_P4,DECLARED_DOMAIN,property,ALL,10,10,360,360,360,360,360,360,305,249,265,0,3,3,0.008333333333333333,1,10,1.0,3,1.0,0.6916666666666667,0.1,0.1,29.0,{}
balanced_validation_stochastic_panel,oxide,MF_P4,LEARNED_ANION,fixed_real,ALL,10,10,360,360,360,360,360,360,20,6,6,0,0,0,0.0,0,10,1.0,0,1.0,0.016666666666666666,0.0,0.9444444444444443,2.4,{}
balanced_validation_stochastic_panel,oxide,MF_P4,LEARNED_ANION,joint,ALL,10,10,360,360,360,360,360,360,253,42,43,3,98,98,0.2722222222222222,5,10,1.0,98,1.0,0.11666666666666667,0.5,0.711111111111111,4.3,{}
balanced_validation_stochastic_panel,oxide,MF_P4,LEARNED_ANION,property,ALL,10,10,360,360,360,360,360,345,282,301,305,0,3,3,0.008333333333333333,2,10,1.0,3,1.0,0.8361111111111111,0.2,0.08333333333333333,31.1,{}
balanced_validation_stochastic_panel,oxychalcogenide,MF_P3,LEARNED_ANION,fixed_real,ALL,10,0,360,360,360,360,360,360,12,3,3,0,0,0,,0,10,1.0,0,1.0,0.008333333333333333,,0.9666666666666668,1.8,{}
balanced_validation_stochastic_panel,oxychalcogenide,MF_P3,LEARNED_ANION,joint,ALL,10,0,360,360,360,360,360,360,352,34,35,1,0,0,,0,10,1.0,0,1.0,0.09444444444444444,,0.7638888888888888,3.8,{}
balanced_validation_stochastic_panel,oxychalcogenide,MF_P3,LEARNED_ANION,property,ALL,10,0,360,360,360,360,360,360,288,285,289,0,0,0,,0,10,1.0,0,1.0,0.7916666666666666,,0.08055555555555556,31.0,{}
balanced_validation_stochastic_panel,oxychalcogenide,MF_P4,LEARNED_ANION,fixed_real,ALL,10,10,360,360,360,360,360,360,13,4,4,0,0,0,0.0,0,10,1.0,0,1.0,0.011111111111111112,0.0,0.9638888888888889,1.9,{}
balanced_validation_stochastic_panel,oxychalcogenide,MF_P4,LEARNED_ANION,joint,ALL,10,10,360,360,360,360,360,360,235,35,36,1,46,46,0.12777777777777777,4,10,1.0,46,1.0,0.09722222222222222,0.4,0.7611111111111111,3.9,{}
balanced_validation_stochastic_panel,oxychalcogenide,MF_P4,LEARNED_ANION,property,ALL,10,10,360,360,360,360,360,309,245,329,330,0,0,0,0.0,0,10,1.0,0,1.0,0.9138888888888889,0.0,0.05277777777777778,33.9,{}
balanced_validation_stochastic_panel,oxyhalide,MF_P3,LEARNED_ANION,fixed_real,ALL,10,0,360,360,360,360,360,360,28,5,5,0,0,0,,0,10,1.0,0,1.0,0.013888888888888888,,0.9222222222222222,2.6,{}
balanced_validation_stochastic_panel,oxyhalide,MF_P3,LEARNED_ANION,joint,ALL,10,0,360,360,360,360,360,360,263,30,31,4,0,0,,0,10,1.0,0,1.0,0.08333333333333333,,0.7583333333333334,3.3,{}
balanced_validation_stochastic_panel,oxyhalide,MF_P3,LEARNED_ANION,property,ALL,10,0,360,360,360,360,360,360,301,278,281,0,0,0,,0,10,1.0,0,1.0,0.7722222222222223,,0.075,30.9,{}
balanced_validation_stochastic_panel,oxyhalide,MF_P4,LEARNED_ANION,fixed_real,ALL,10,10,360,360,360,360,360,360,28,5,5,0,0,0,0.0,0,10,1.0,0,1.0,0.013888888888888888,0.0,0.9222222222222222,2.6,{}
balanced_validation_stochastic_panel,oxyhalide,MF_P4,LEARNED_ANION,joint,ALL,10,10,360,360,360,360,360,360,188,31,32,4,137,137,0.38055555555555554,4,10,1.0,139,1.0,0.08611111111111111,0.4,0.7555555555555556,3.4,{}
balanced_validation_stochastic_panel,oxyhalide,MF_P4,LEARNED_ANION,property,ALL,10,10,360,360,360,360,360,328,268,322,323,0,0,0,0.0,0,10,1.0,0,1.0,0.8944444444444445,0.0,0.05277777777777778,33.1,{}
balanced_validation_stochastic_panel,oxynitride,MF_P3,LEARNED_ANION,fixed_real,ALL,18,0,648,648,648,648,648,648,46,7,7,0,0,0,,0,18,1.0,0,1.0,0.010802469135802469,,0.9290123456790123,2.5555555555555554,{}
balanced_validation_stochastic_panel,oxynitride,MF_P3,LEARNED_ANION,joint,ALL,18,0,648,648,648,648,648,648,468,48,50,5,0,0,,0,18,1.0,0,1.0,0.07407407407407407,,0.816358024691358,2.9444444444444446,{}
balanced_validation_stochastic_panel,oxynitride,MF_P3,LEARNED_ANION,property,ALL,18,0,648,648,648,648,648,648,508,491,510,0,0,0,,0,18,1.0,0,1.0,0.7577160493827161,,0.06944444444444445,32.05555555555556,{}
balanced_validation_stochastic_panel,oxynitride,MF_P4,LEARNED_ANION,fixed_real,ALL,18,18,648,648,648,648,648,648,46,7,7,0,0,0,0.0,0,18,1.0,0,1.0,0.010802469135802469,0.0,0.9290123456790123,2.5555555555555554,{}
balanced_validation_stochastic_panel,oxynitride,MF_P4,LEARNED_ANION,joint,ALL,18,18,648,648,648,648,648,648,370,53,55,5,154,154,0.23765432098765432,8,18,1.0,154,1.0,0.08179012345679013,0.4444444444444444,0.8132716049382716,3.2222222222222223,{}
balanced_validation_stochastic_panel,oxynitride,MF_P4,LEARNED_ANION,property,ALL,18,18,648,648,648,648,648,592,478,577,586,0,0,0,0.0,0,18,1.0,0,1.0,0.8904320987654321,0.0,0.05709876543209876,33.666666666666664,{}
