split,configuration,source,family,population,target_dir_gap_eV,gap_window_low_eV,gap_window_high_eV,target_heat_eV_per_atom,heat_window_low_eV_per_atom,heat_window_high_eV_per_atom,population_rows,gap_window_rows,gap_window_composition_groups,heat_window_rows,heat_window_composition_groups,window_rows,window_fraction,window_composition_groups
train,demo_halide,demo.py,halide,all_chemistry,2.0,1.75,2.25,-0.1,-0.15000000000000002,-0.05,15143,73,73,21,21,0,0.0,0
train,demo_halide,demo.py,halide,matching_source_family,2.0,1.75,2.25,-0.1,-0.15000000000000002,-0.05,0,0,0,0,0,0,,0
train,demo_halide,demo.py,halide,generation_scope_matching_family,2.0,1.75,2.25,-0.1,-0.15000000000000002,-0.05,0,0,0,0,0,0,,0
train,demo_oxide,demo.py,oxide,all_chemistry,2.5,2.25,2.75,-0.2,-0.25,-0.15000000000000002,15143,72,70,9,9,0,0.0,0
train,demo_oxide,demo.py,oxide,matching_source_family,2.5,2.25,2.75,-0.2,-0.25,-0.15000000000000002,2177,14,14,9,9,0,0.0,0
train,demo_oxide,demo.py,oxide,generation_scope_matching_family,2.5,2.25,2.75,-0.2,-0.25,-0.15000000000000002,151,2,2,9,9,0,0.0,0
train,demo_chalcogenide,demo.py,chalcogenide,all_chemistry,1.5,1.25,1.75,-0.15,-0.2,-0.09999999999999999,15143,89,88,18,18,1,6.603711285742587e-05,1
train,demo_chalcogenide,demo.py,chalcogenide,matching_source_family,1.5,1.25,1.75,-0.15,-0.2,-0.09999999999999999,0,0,0,0,0,0,,0
train,demo_chalcogenide,demo.py,chalcogenide,generation_scope_matching_family,1.5,1.25,1.75,-0.15,-0.2,-0.09999999999999999,0,0,0,0,0,0,,0
train,demo_nitride,demo.py,nitride,all_chemistry,2.0,1.75,2.25,-0.15,-0.2,-0.09999999999999999,15143,73,73,18,18,0,0.0,0
train,demo_nitride,demo.py,nitride,matching_source_family,2.0,1.75,2.25,-0.15,-0.2,-0.09999999999999999,2103,0,0,1,1,0,0.0,0
train,demo_nitride,demo.py,nitride,generation_scope_matching_family,2.0,1.75,2.25,-0.15,-0.2,-0.09999999999999999,73,0,0,1,1,0,0.0,0
train,batch_halide_1.5,scripts/generate_candidates.py,halide,all_chemistry,1.5,1.25,1.75,-0.1,-0.15000000000000002,-0.05,15143,89,88,21,21,2,0.00013207422571485174,2
train,batch_halide_1.5,scripts/generate_candidates.py,halide,matching_source_family,1.5,1.25,1.75,-0.1,-0.15000000000000002,-0.05,0,0,0,0,0,0,,0
train,batch_halide_1.5,scripts/generate_candidates.py,halide,generation_scope_matching_family,1.5,1.25,1.75,-0.1,-0.15000000000000002,-0.05,0,0,0,0,0,0,,0
train,batch_halide_2.5,scripts/generate_candidates.py,halide,all_chemistry,2.5,2.25,2.75,-0.1,-0.15000000000000002,-0.05,15143,72,70,21,21,1,6.603711285742587e-05,1
train,batch_halide_2.5,scripts/generate_candidates.py,halide,matching_source_family,2.5,2.25,2.75,-0.1,-0.15000000000000002,-0.05,0,0,0,0,0,0,,0
train,batch_halide_2.5,scripts/generate_candidates.py,halide,generation_scope_matching_family,2.5,2.25,2.75,-0.1,-0.15000000000000002,-0.05,0,0,0,0,0,0,,0
train,batch_halide_3.5,scripts/generate_candidates.py,halide,all_chemistry,3.5,3.25,3.75,-0.1,-0.15000000000000002,-0.05,15143,49,49,21,21,0,0.0,0
train,batch_halide_3.5,scripts/generate_candidates.py,halide,matching_source_family,3.5,3.25,3.75,-0.1,-0.15000000000000002,-0.05,0,0,0,0,0,0,,0
train,batch_halide_3.5,scripts/generate_candidates.py,halide,generation_scope_matching_family,3.5,3.25,3.75,-0.1,-0.15000000000000002,-0.05,0,0,0,0,0,0,,0
train,batch_oxide_2.0,scripts/generate_candidates.py,oxide,all_chemistry,2.0,1.75,2.25,-0.2,-0.25,-0.15000000000000002,15143,73,73,9,9,0,0.0,0
train,batch_oxide_2.0,scripts/generate_candidates.py,oxide,matching_source_family,2.0,1.75,2.25,-0.2,-0.25,-0.15000000000000002,2177,16,16,9,9,0,0.0,0
train,batch_oxide_2.0,scripts/generate_candidates.py,oxide,generation_scope_matching_family,2.0,1.75,2.25,-0.2,-0.25,-0.15000000000000002,151,0,0,9,9,0,0.0,0
train,batch_oxide_3.5,scripts/generate_candidates.py,oxide,all_chemistry,3.5,3.25,3.75,-0.2,-0.25,-0.15000000000000002,15143,49,49,9,9,0,0.0,0
train,batch_oxide_3.5,scripts/generate_candidates.py,oxide,matching_source_family,3.5,3.25,3.75,-0.2,-0.25,-0.15000000000000002,2177,16,16,9,9,0,0.0,0
train,batch_oxide_3.5,scripts/generate_candidates.py,oxide,generation_scope_matching_family,3.5,3.25,3.75,-0.2,-0.25,-0.15000000000000002,151,3,3,9,9,0,0.0,0
train,batch_chalcogenide_1.0,scripts/generate_candidates.py,chalcogenide,all_chemistry,1.0,0.75,1.25,-0.15,-0.2,-0.09999999999999999,15143,80,80,18,18,0,0.0,0
train,batch_chalcogenide_1.0,scripts/generate_candidates.py,chalcogenide,matching_source_family,1.0,0.75,1.25,-0.15,-0.2,-0.09999999999999999,0,0,0,0,0,0,,0
train,batch_chalcogenide_1.0,scripts/generate_candidates.py,chalcogenide,generation_scope_matching_family,1.0,0.75,1.25,-0.15,-0.2,-0.09999999999999999,0,0,0,0,0,0,,0
train,batch_chalcogenide_2.0,scripts/generate_candidates.py,chalcogenide,all_chemistry,2.0,1.75,2.25,-0.15,-0.2,-0.09999999999999999,15143,73,73,18,18,0,0.0,0
train,batch_chalcogenide_2.0,scripts/generate_candidates.py,chalcogenide,matching_source_family,2.0,1.75,2.25,-0.15,-0.2,-0.09999999999999999,0,0,0,0,0,0,,0
train,batch_chalcogenide_2.0,scripts/generate_candidates.py,chalcogenide,generation_scope_matching_family,2.0,1.75,2.25,-0.15,-0.2,-0.09999999999999999,0,0,0,0,0,0,,0
val,demo_halide,demo.py,halide,all_chemistry,2.0,1.75,2.25,-0.1,-0.15000000000000002,-0.05,1893,9,9,2,2,0,0.0,0
val,demo_halide,demo.py,halide,matching_source_family,2.0,1.75,2.25,-0.1,-0.15000000000000002,-0.05,0,0,0,0,0,0,,0
val,demo_halide,demo.py,halide,generation_scope_matching_family,2.0,1.75,2.25,-0.1,-0.15000000000000002,-0.05,0,0,0,0,0,0,,0
val,demo_oxide,demo.py,oxide,all_chemistry,2.5,2.25,2.75,-0.2,-0.25,-0.15000000000000002,1893,3,3,1,1,0,0.0,0
val,demo_oxide,demo.py,oxide,matching_source_family,2.5,2.25,2.75,-0.2,-0.25,-0.15000000000000002,273,0,0,1,1,0,0.0,0
val,demo_oxide,demo.py,oxide,generation_scope_matching_family,2.5,2.25,2.75,-0.2,-0.25,-0.15000000000000002,20,0,0,0,0,0,0.0,0
val,demo_chalcogenide,demo.py,chalcogenide,all_chemistry,1.5,1.25,1.75,-0.15,-0.2,-0.09999999999999999,1893,15,15,2,2,0,0.0,0
val,demo_chalcogenide,demo.py,chalcogenide,matching_source_family,1.5,1.25,1.75,-0.15,-0.2,-0.09999999999999999,0,0,0,0,0,0,,0
val,demo_chalcogenide,demo.py,chalcogenide,generation_scope_matching_family,1.5,1.25,1.75,-0.15,-0.2,-0.09999999999999999,0,0,0,0,0,0,,0
val,demo_nitride,demo.py,nitride,all_chemistry,2.0,1.75,2.25,-0.15,-0.2,-0.09999999999999999,1893,9,9,2,2,0,0.0,0
val,demo_nitride,demo.py,nitride,matching_source_family,2.0,1.75,2.25,-0.15,-0.2,-0.09999999999999999,350,0,0,0,0,0,0.0,0
val,demo_nitride,demo.py,nitride,generation_scope_matching_family,2.0,1.75,2.25,-0.15,-0.2,-0.09999999999999999,12,0,0,0,0,0,0.0,0
val,batch_halide_1.5,scripts/generate_candidates.py,halide,all_chemistry,1.5,1.25,1.75,-0.1,-0.15000000000000002,-0.05,1893,15,15,2,2,0,0.0,0
val,batch_halide_1.5,scripts/generate_candidates.py,halide,matching_source_family,1.5,1.25,1.75,-0.1,-0.15000000000000002,-0.05,0,0,0,0,0,0,,0
val,batch_halide_1.5,scripts/generate_candidates.py,halide,generation_scope_matching_family,1.5,1.25,1.75,-0.1,-0.15000000000000002,-0.05,0,0,0,0,0,0,,0
val,batch_halide_2.5,scripts/generate_candidates.py,halide,all_chemistry,2.5,2.25,2.75,-0.1,-0.15000000000000002,-0.05,1893,3,3,2,2,0,0.0,0
val,batch_halide_2.5,scripts/generate_candidates.py,halide,matching_source_family,2.5,2.25,2.75,-0.1,-0.15000000000000002,-0.05,0,0,0,0,0,0,,0
val,batch_halide_2.5,scripts/generate_candidates.py,halide,generation_scope_matching_family,2.5,2.25,2.75,-0.1,-0.15000000000000002,-0.05,0,0,0,0,0,0,,0
val,batch_halide_3.5,scripts/generate_candidates.py,halide,all_chemistry,3.5,3.25,3.75,-0.1,-0.15000000000000002,-0.05,1893,3,3,2,2,0,0.0,0
val,batch_halide_3.5,scripts/generate_candidates.py,halide,matching_source_family,3.5,3.25,3.75,-0.1,-0.15000000000000002,-0.05,0,0,0,0,0,0,,0
val,batch_halide_3.5,scripts/generate_candidates.py,halide,generation_scope_matching_family,3.5,3.25,3.75,-0.1,-0.15000000000000002,-0.05,0,0,0,0,0,0,,0
val,batch_oxide_2.0,scripts/generate_candidates.py,oxide,all_chemistry,2.0,1.75,2.25,-0.2,-0.25,-0.15000000000000002,1893,9,9,1,1,0,0.0,0
val,batch_oxide_2.0,scripts/generate_candidates.py,oxide,matching_source_family,2.0,1.75,2.25,-0.2,-0.25,-0.15000000000000002,273,1,1,1,1,0,0.0,0
val,batch_oxide_2.0,scripts/generate_candidates.py,oxide,generation_scope_matching_family,2.0,1.75,2.25,-0.2,-0.25,-0.15000000000000002,20,0,0,0,0,0,0.0,0
val,batch_oxide_3.5,scripts/generate_candidates.py,oxide,all_chemistry,3.5,3.25,3.75,-0.2,-0.25,-0.15000000000000002,1893,3,3,1,1,0,0.0,0
val,batch_oxide_3.5,scripts/generate_candidates.py,oxide,matching_source_family,3.5,3.25,3.75,-0.2,-0.25,-0.15000000000000002,273,1,1,1,1,0,0.0,0
val,batch_oxide_3.5,scripts/generate_candidates.py,oxide,generation_scope_matching_family,3.5,3.25,3.75,-0.2,-0.25,-0.15000000000000002,20,0,0,0,0,0,0.0,0
val,batch_chalcogenide_1.0,scripts/generate_candidates.py,chalcogenide,all_chemistry,1.0,0.75,1.25,-0.15,-0.2,-0.09999999999999999,1893,12,12,2,2,1,0.0005282620179609086,1
val,batch_chalcogenide_1.0,scripts/generate_candidates.py,chalcogenide,matching_source_family,1.0,0.75,1.25,-0.15,-0.2,-0.09999999999999999,0,0,0,0,0,0,,0
val,batch_chalcogenide_1.0,scripts/generate_candidates.py,chalcogenide,generation_scope_matching_family,1.0,0.75,1.25,-0.15,-0.2,-0.09999999999999999,0,0,0,0,0,0,,0
val,batch_chalcogenide_2.0,scripts/generate_candidates.py,chalcogenide,all_chemistry,2.0,1.75,2.25,-0.15,-0.2,-0.09999999999999999,1893,9,9,2,2,0,0.0,0
val,batch_chalcogenide_2.0,scripts/generate_candidates.py,chalcogenide,matching_source_family,2.0,1.75,2.25,-0.15,-0.2,-0.09999999999999999,0,0,0,0,0,0,,0
val,batch_chalcogenide_2.0,scripts/generate_candidates.py,chalcogenide,generation_scope_matching_family,2.0,1.75,2.25,-0.15,-0.2,-0.09999999999999999,0,0,0,0,0,0,,0
test,demo_halide,demo.py,halide,all_chemistry,2.0,1.75,2.25,-0.1,-0.15000000000000002,-0.05,1892,11,11,1,1,0,0.0,0
test,demo_halide,demo.py,halide,matching_source_family,2.0,1.75,2.25,-0.1,-0.15000000000000002,-0.05,0,0,0,0,0,0,,0
test,demo_halide,demo.py,halide,generation_scope_matching_family,2.0,1.75,2.25,-0.1,-0.15000000000000002,-0.05,0,0,0,0,0,0,,0
test,demo_oxide,demo.py,oxide,all_chemistry,2.5,2.25,2.75,-0.2,-0.25,-0.15000000000000002,1892,7,7,1,1,0,0.0,0
test,demo_oxide,demo.py,oxide,matching_source_family,2.5,2.25,2.75,-0.2,-0.25,-0.15000000000000002,254,0,0,1,1,0,0.0,0
test,demo_oxide,demo.py,oxide,generation_scope_matching_family,2.5,2.25,2.75,-0.2,-0.25,-0.15000000000000002,13,0,0,1,1,0,0.0,0
test,demo_chalcogenide,demo.py,chalcogenide,all_chemistry,1.5,1.25,1.75,-0.15,-0.2,-0.09999999999999999,1892,13,13,2,2,0,0.0,0
test,demo_chalcogenide,demo.py,chalcogenide,matching_source_family,1.5,1.25,1.75,-0.15,-0.2,-0.09999999999999999,0,0,0,0,0,0,,0
test,demo_chalcogenide,demo.py,chalcogenide,generation_scope_matching_family,1.5,1.25,1.75,-0.15,-0.2,-0.09999999999999999,0,0,0,0,0,0,,0
test,demo_nitride,demo.py,nitride,all_chemistry,2.0,1.75,2.25,-0.15,-0.2,-0.09999999999999999,1892,11,11,2,2,0,0.0,0
test,demo_nitride,demo.py,nitride,matching_source_family,2.0,1.75,2.25,-0.15,-0.2,-0.09999999999999999,251,0,0,0,0,0,0.0,0
test,demo_nitride,demo.py,nitride,generation_scope_matching_family,2.0,1.75,2.25,-0.15,-0.2,-0.09999999999999999,11,0,0,0,0,0,0.0,0
test,batch_halide_1.5,scripts/generate_candidates.py,halide,all_chemistry,1.5,1.25,1.75,-0.1,-0.15000000000000002,-0.05,1892,13,13,1,1,0,0.0,0
test,batch_halide_1.5,scripts/generate_candidates.py,halide,matching_source_family,1.5,1.25,1.75,-0.1,-0.15000000000000002,-0.05,0,0,0,0,0,0,,0
test,batch_halide_1.5,scripts/generate_candidates.py,halide,generation_scope_matching_family,1.5,1.25,1.75,-0.1,-0.15000000000000002,-0.05,0,0,0,0,0,0,,0
test,batch_halide_2.5,scripts/generate_candidates.py,halide,all_chemistry,2.5,2.25,2.75,-0.1,-0.15000000000000002,-0.05,1892,7,7,1,1,0,0.0,0
test,batch_halide_2.5,scripts/generate_candidates.py,halide,matching_source_family,2.5,2.25,2.75,-0.1,-0.15000000000000002,-0.05,0,0,0,0,0,0,,0
test,batch_halide_2.5,scripts/generate_candidates.py,halide,generation_scope_matching_family,2.5,2.25,2.75,-0.1,-0.15000000000000002,-0.05,0,0,0,0,0,0,,0
test,batch_halide_3.5,scripts/generate_candidates.py,halide,all_chemistry,3.5,3.25,3.75,-0.1,-0.15000000000000002,-0.05,1892,9,9,1,1,0,0.0,0
test,batch_halide_3.5,scripts/generate_candidates.py,halide,matching_source_family,3.5,3.25,3.75,-0.1,-0.15000000000000002,-0.05,0,0,0,0,0,0,,0
test,batch_halide_3.5,scripts/generate_candidates.py,halide,generation_scope_matching_family,3.5,3.25,3.75,-0.1,-0.15000000000000002,-0.05,0,0,0,0,0,0,,0
test,batch_oxide_2.0,scripts/generate_candidates.py,oxide,all_chemistry,2.0,1.75,2.25,-0.2,-0.25,-0.15000000000000002,1892,11,11,1,1,0,0.0,0
test,batch_oxide_2.0,scripts/generate_candidates.py,oxide,matching_source_family,2.0,1.75,2.25,-0.2,-0.25,-0.15000000000000002,254,2,2,1,1,0,0.0,0
test,batch_oxide_2.0,scripts/generate_candidates.py,oxide,generation_scope_matching_family,2.0,1.75,2.25,-0.2,-0.25,-0.15000000000000002,13,0,0,1,1,0,0.0,0
test,batch_oxide_3.5,scripts/generate_candidates.py,oxide,all_chemistry,3.5,3.25,3.75,-0.2,-0.25,-0.15000000000000002,1892,9,9,1,1,0,0.0,0
test,batch_oxide_3.5,scripts/generate_candidates.py,oxide,matching_source_family,3.5,3.25,3.75,-0.2,-0.25,-0.15000000000000002,254,5,5,1,1,0,0.0,0
test,batch_oxide_3.5,scripts/generate_candidates.py,oxide,generation_scope_matching_family,3.5,3.25,3.75,-0.2,-0.25,-0.15000000000000002,13,0,0,1,1,0,0.0,0
test,batch_chalcogenide_1.0,scripts/generate_candidates.py,chalcogenide,all_chemistry,1.0,0.75,1.25,-0.15,-0.2,-0.09999999999999999,1892,14,14,2,2,0,0.0,0
test,batch_chalcogenide_1.0,scripts/generate_candidates.py,chalcogenide,matching_source_family,1.0,0.75,1.25,-0.15,-0.2,-0.09999999999999999,0,0,0,0,0,0,,0
test,batch_chalcogenide_1.0,scripts/generate_candidates.py,chalcogenide,generation_scope_matching_family,1.0,0.75,1.25,-0.15,-0.2,-0.09999999999999999,0,0,0,0,0,0,,0
test,batch_chalcogenide_2.0,scripts/generate_candidates.py,chalcogenide,all_chemistry,2.0,1.75,2.25,-0.15,-0.2,-0.09999999999999999,1892,11,11,2,2,0,0.0,0
test,batch_chalcogenide_2.0,scripts/generate_candidates.py,chalcogenide,matching_source_family,2.0,1.75,2.25,-0.15,-0.2,-0.09999999999999999,0,0,0,0,0,0,,0
test,batch_chalcogenide_2.0,scripts/generate_candidates.py,chalcogenide,generation_scope_matching_family,2.0,1.75,2.25,-0.15,-0.2,-0.09999999999999999,0,0,0,0,0,0,,0
all,demo_halide,demo.py,halide,all_chemistry,2.0,1.75,2.25,-0.1,-0.15000000000000002,-0.05,18928,93,93,24,24,0,0.0,0
all,demo_halide,demo.py,halide,matching_source_family,2.0,1.75,2.25,-0.1,-0.15000000000000002,-0.05,0,0,0,0,0,0,,0
all,demo_halide,demo.py,halide,generation_scope_matching_family,2.0,1.75,2.25,-0.1,-0.15000000000000002,-0.05,0,0,0,0,0,0,,0
all,demo_oxide,demo.py,oxide,all_chemistry,2.5,2.25,2.75,-0.2,-0.25,-0.15000000000000002,18928,82,80,11,11,0,0.0,0
all,demo_oxide,demo.py,oxide,matching_source_family,2.5,2.25,2.75,-0.2,-0.25,-0.15000000000000002,2704,14,14,11,11,0,0.0,0
all,demo_oxide,demo.py,oxide,generation_scope_matching_family,2.5,2.25,2.75,-0.2,-0.25,-0.15000000000000002,184,2,2,10,10,0,0.0,0
all,demo_chalcogenide,demo.py,chalcogenide,all_chemistry,1.5,1.25,1.75,-0.15,-0.2,-0.09999999999999999,18928,117,116,22,22,1,5.283178360101437e-05,1
all,demo_chalcogenide,demo.py,chalcogenide,matching_source_family,1.5,1.25,1.75,-0.15,-0.2,-0.09999999999999999,0,0,0,0,0,0,,0
all,demo_chalcogenide,demo.py,chalcogenide,generation_scope_matching_family,1.5,1.25,1.75,-0.15,-0.2,-0.09999999999999999,0,0,0,0,0,0,,0
all,demo_nitride,demo.py,nitride,all_chemistry,2.0,1.75,2.25,-0.15,-0.2,-0.09999999999999999,18928,93,93,22,22,0,0.0,0
all,demo_nitride,demo.py,nitride,matching_source_family,2.0,1.75,2.25,-0.15,-0.2,-0.09999999999999999,2704,0,0,1,1,0,0.0,0
all,demo_nitride,demo.py,nitride,generation_scope_matching_family,2.0,1.75,2.25,-0.15,-0.2,-0.09999999999999999,96,0,0,1,1,0,0.0,0
all,batch_halide_1.5,scripts/generate_candidates.py,halide,all_chemistry,1.5,1.25,1.75,-0.1,-0.15000000000000002,-0.05,18928,117,116,24,24,2,0.00010566356720202873,2
all,batch_halide_1.5,scripts/generate_candidates.py,halide,matching_source_family,1.5,1.25,1.75,-0.1,-0.15000000000000002,-0.05,0,0,0,0,0,0,,0
all,batch_halide_1.5,scripts/generate_candidates.py,halide,generation_scope_matching_family,1.5,1.25,1.75,-0.1,-0.15000000000000002,-0.05,0,0,0,0,0,0,,0
all,batch_halide_2.5,scripts/generate_candidates.py,halide,all_chemistry,2.5,2.25,2.75,-0.1,-0.15000000000000002,-0.05,18928,82,80,24,24,1,5.283178360101437e-05,1
all,batch_halide_2.5,scripts/generate_candidates.py,halide,matching_source_family,2.5,2.25,2.75,-0.1,-0.15000000000000002,-0.05,0,0,0,0,0,0,,0
all,batch_halide_2.5,scripts/generate_candidates.py,halide,generation_scope_matching_family,2.5,2.25,2.75,-0.1,-0.15000000000000002,-0.05,0,0,0,0,0,0,,0
all,batch_halide_3.5,scripts/generate_candidates.py,halide,all_chemistry,3.5,3.25,3.75,-0.1,-0.15000000000000002,-0.05,18928,61,61,24,24,0,0.0,0
all,batch_halide_3.5,scripts/generate_candidates.py,halide,matching_source_family,3.5,3.25,3.75,-0.1,-0.15000000000000002,-0.05,0,0,0,0,0,0,,0
all,batch_halide_3.5,scripts/generate_candidates.py,halide,generation_scope_matching_family,3.5,3.25,3.75,-0.1,-0.15000000000000002,-0.05,0,0,0,0,0,0,,0
all,batch_oxide_2.0,scripts/generate_candidates.py,oxide,all_chemistry,2.0,1.75,2.25,-0.2,-0.25,-0.15000000000000002,18928,93,93,11,11,0,0.0,0
all,batch_oxide_2.0,scripts/generate_candidates.py,oxide,matching_source_family,2.0,1.75,2.25,-0.2,-0.25,-0.15000000000000002,2704,19,19,11,11,0,0.0,0
all,batch_oxide_2.0,scripts/generate_candidates.py,oxide,generation_scope_matching_family,2.0,1.75,2.25,-0.2,-0.25,-0.15000000000000002,184,0,0,10,10,0,0.0,0
all,batch_oxide_3.5,scripts/generate_candidates.py,oxide,all_chemistry,3.5,3.25,3.75,-0.2,-0.25,-0.15000000000000002,18928,61,61,11,11,0,0.0,0
all,batch_oxide_3.5,scripts/generate_candidates.py,oxide,matching_source_family,3.5,3.25,3.75,-0.2,-0.25,-0.15000000000000002,2704,22,22,11,11,0,0.0,0
all,batch_oxide_3.5,scripts/generate_candidates.py,oxide,generation_scope_matching_family,3.5,3.25,3.75,-0.2,-0.25,-0.15000000000000002,184,3,3,10,10,0,0.0,0
all,batch_chalcogenide_1.0,scripts/generate_candidates.py,chalcogenide,all_chemistry,1.0,0.75,1.25,-0.15,-0.2,-0.09999999999999999,18928,106,106,22,22,1,5.283178360101437e-05,1
all,batch_chalcogenide_1.0,scripts/generate_candidates.py,chalcogenide,matching_source_family,1.0,0.75,1.25,-0.15,-0.2,-0.09999999999999999,0,0,0,0,0,0,,0
all,batch_chalcogenide_1.0,scripts/generate_candidates.py,chalcogenide,generation_scope_matching_family,1.0,0.75,1.25,-0.15,-0.2,-0.09999999999999999,0,0,0,0,0,0,,0
all,batch_chalcogenide_2.0,scripts/generate_candidates.py,chalcogenide,all_chemistry,2.0,1.75,2.25,-0.15,-0.2,-0.09999999999999999,18928,93,93,22,22,0,0.0,0
all,batch_chalcogenide_2.0,scripts/generate_candidates.py,chalcogenide,matching_source_family,2.0,1.75,2.25,-0.15,-0.2,-0.09999999999999999,0,0,0,0,0,0,,0
all,batch_chalcogenide_2.0,scripts/generate_candidates.py,chalcogenide,generation_scope_matching_family,2.0,1.75,2.25,-0.15,-0.2,-0.09999999999999999,0,0,0,0,0,0,,0
