scope,split,sign,rows,fraction,composition_groups
all,train,negative,53,0.003499966981443571,53
all,train,zero,6,0.0003962226771445552,6
all,train,positive,15084,0.9961038103414118,7714
generation_scope,train,negative,37,0.16517857142857142,37
generation_scope,train,zero,2,0.008928571428571428,2
generation_scope,train,positive,185,0.8258928571428571,185
all,val,negative,8,0.004226096143687269,8
all,val,zero,0,0.0,0
all,val,positive,1885,0.9957739038563127,968
generation_scope,val,negative,4,0.125,4
generation_scope,val,zero,0,0.0,0
generation_scope,val,positive,28,0.875,28
all,test,negative,7,0.0036997885835095136,7
all,test,zero,2,0.0010570824524312897,2
all,test,positive,1883,0.9952431289640592,963
generation_scope,test,negative,4,0.16666666666666666,4
generation_scope,test,zero,0,0.0,0
generation_scope,test,positive,20,0.8333333333333334,20
all,all,negative,68,0.003592561284868977,68
all,all,zero,8,0.00042265426880811494,8
all,all,positive,18852,0.9959847844463229,9645
generation_scope,all,negative,45,0.16071428571428573,45
generation_scope,all,zero,2,0.007142857142857143,2
generation_scope,all,positive,233,0.8321428571428572,233
