scope,split,quantile,heat_all_eV_per_atom
all,train,0.0,-0.64
all,train,0.01,0.18
all,train,0.05,0.48
all,train,0.25,0.98
all,train,0.5,1.38
all,train,0.75,1.86
all,train,0.95,2.88
all,train,0.99,3.82
all,train,1.0,4.98
generation_scope,train,0.0,-0.64
generation_scope,train,0.01,-0.3754
generation_scope,train,0.05,-0.24
generation_scope,train,0.25,0.16
generation_scope,train,0.5,0.54
generation_scope,train,0.75,1.125
generation_scope,train,0.95,1.857
generation_scope,train,0.99,2.237000000000001
generation_scope,train,1.0,2.34
all,val,0.0,-0.32
all,val,0.01,0.15840000000000004
all,val,0.05,0.49200000000000016
all,val,0.25,1.0
all,val,0.5,1.4
all,val,0.75,1.86
all,val,0.95,3.0159999999999947
all,val,0.99,3.94
all,val,1.0,4.78
generation_scope,val,0.0,-0.32
generation_scope,val,0.01,-0.3138
generation_scope,val,0.05,-0.19
generation_scope,val,0.25,0.40499999999999997
generation_scope,val,0.5,0.86
generation_scope,val,0.75,1.36
generation_scope,val,0.95,1.9569999999999999
generation_scope,val,0.99,2.1966000000000006
generation_scope,val,1.0,2.24
all,test,0.0,-0.58
all,test,0.01,0.1782
all,test,0.05,0.5
all,test,0.25,1.0
all,test,0.5,1.38
all,test,0.75,1.88
all,test,0.95,2.9489999999999963
all,test,0.99,3.583599999999997
all,test,1.0,5.16
generation_scope,test,0.0,-0.58
generation_scope,test,0.01,-0.5431999999999999
generation_scope,test,0.05,-0.38099999999999995
generation_scope,test,0.25,0.28500000000000003
generation_scope,test,0.5,0.65
generation_scope,test,0.75,1.3849999999999998
generation_scope,test,0.95,1.7369999999999999
generation_scope,test,0.99,2.3097999999999996
generation_scope,test,1.0,2.48
all,all,0.0,-0.64
all,all,0.01,0.1654000000000002
all,all,0.05,0.48
all,all,0.25,0.98
all,all,0.5,1.38
all,all,0.75,1.86
all,all,0.95,2.9
all,all,0.99,3.82
all,all,1.0,5.16
generation_scope,all,0.0,-0.64
generation_scope,all,0.01,-0.4536
generation_scope,all,0.05,-0.26
generation_scope,all,0.25,0.16
generation_scope,all,0.5,0.6
generation_scope,all,0.75,1.185
generation_scope,all,0.95,1.8620000000000005
generation_scope,all,0.99,2.2725999999999984
generation_scope,all,1.0,2.48
