scope,split,category,rows,fraction,composition_groups
all,train,single_anion,4280,0.28263884302978276,2182
all,train,mixed_anion,10863,0.7173611569702173,5533
all,train,generation_scope_compatible,224,0.014792313280063396,224
generation_scope,train,single_anion,224,1.0,224
generation_scope,train,mixed_anion,0,0.0,0
generation_scope,train,generation_scope_compatible,224,1.0,224
all,val,single_anion,623,0.3291072371896461,317
all,val,mixed_anion,1270,0.6708927628103539,651
all,val,generation_scope_compatible,32,0.016904384574749076,32
generation_scope,val,single_anion,32,1.0,32
generation_scope,val,mixed_anion,0,0.0,0
generation_scope,val,generation_scope_compatible,32,1.0,32
all,test,single_anion,505,0.26691331923890066,257
all,test,mixed_anion,1387,0.7330866807610994,706
all,test,generation_scope_compatible,24,0.012684989429175475,24
generation_scope,test,single_anion,24,1.0,24
generation_scope,test,mixed_anion,0,0.0,0
generation_scope,test,generation_scope_compatible,24,1.0,24
all,all,single_anion,5408,0.2857142857142857,2756
all,all,mixed_anion,13520,0.7142857142857143,6890
all,all,generation_scope_compatible,280,0.014792899408284023,280
generation_scope,all,single_anion,280,1.0,280
generation_scope,all,mixed_anion,0,0.0,0
generation_scope,all,generation_scope_compatible,280,1.0,280
