scope,split,gap_bin,heat_bin,rows,fraction,composition_groups
all,train,zero,<=-0.50,0,0.0,0
all,train,zero,"(-0.50,-0.25]",3,0.0001981113385722776,3
all,train,zero,"(-0.25,0)",28,0.0018490391600079245,28
all,train,zero,zero,4,0.0002641484514297035,4
all,train,zero,"(0,0.50]",613,0.04048075018160206,603
all,train,zero,"(0.50,1]",3028,0.19996037773228553,2688
all,train,zero,"(1,2]",7987,0.5274384203922604,5858
all,train,zero,>2,2903,0.1917057386251073,2539
all,train,"(0,1]",<=-0.50,0,0.0,0
all,train,"(0,1]","(-0.50,-0.25]",0,0.0,0
all,train,"(0,1]","(-0.25,0)",1,6.603711285742587e-05,1
all,train,"(0,1]",zero,1,6.603711285742587e-05,1
all,train,"(0,1]","(0,0.50]",15,0.0009905566928613881,15
all,train,"(0,1]","(0.50,1]",51,0.0033678927557287196,51
all,train,"(0,1]","(1,2]",46,0.00303770719144159,46
all,train,"(0,1]",>2,5,0.0003301855642871294,5
all,train,"(1,2]",<=-0.50,0,0.0,0
all,train,"(1,2]","(-0.50,-0.25]",0,0.0,0
all,train,"(1,2]","(-0.25,0)",3,0.0001981113385722776,3
all,train,"(1,2]",zero,0,0.0,0
all,train,"(1,2]","(0,0.50]",46,0.00303770719144159,46
all,train,"(1,2]","(0.50,1]",85,0.005613154592881199,85
all,train,"(1,2]","(1,2]",40,0.002641484514297035,40
all,train,"(1,2]",>2,2,0.00013207422571485174,2
all,train,"(2,3]",<=-0.50,0,0.0,0
all,train,"(2,3]","(-0.50,-0.25]",0,0.0,0
all,train,"(2,3]","(-0.25,0)",2,0.00013207422571485174,2
all,train,"(2,3]",zero,0,0.0,0
all,train,"(2,3]","(0,0.50]",50,0.0033018556428712938,50
all,train,"(2,3]","(0.50,1]",53,0.003499966981443571,53
all,train,"(2,3]","(1,2]",18,0.0011886680314336657,17
all,train,"(2,3]",>2,0,0.0,0
all,train,>3,<=-0.50,2,0.00013207422571485174,2
all,train,>3,"(-0.50,-0.25]",7,0.0004622597900019811,7
all,train,>3,"(-0.25,0)",7,0.0004622597900019811,7
all,train,>3,zero,1,6.603711285742587e-05,1
all,train,>3,"(0,0.50]",78,0.0051508948028792184,78
all,train,>3,"(0.50,1]",51,0.0033678927557287196,50
all,train,>3,"(1,2]",13,0.0008584824671465363,13
all,train,>3,>2,0,0.0,0
generation_scope,train,zero,<=-0.50,0,0.0,0
generation_scope,train,zero,"(-0.50,-0.25]",3,0.013392857142857142,3
generation_scope,train,zero,"(-0.25,0)",19,0.08482142857142858,19
generation_scope,train,zero,zero,1,0.004464285714285714,1
generation_scope,train,zero,"(0,0.50]",59,0.26339285714285715,59
generation_scope,train,zero,"(0.50,1]",55,0.24553571428571427,55
generation_scope,train,zero,"(1,2]",53,0.23660714285714285,53
generation_scope,train,zero,>2,7,0.03125,7
generation_scope,train,"(0,1]",<=-0.50,0,0.0,0
generation_scope,train,"(0,1]","(-0.50,-0.25]",0,0.0,0
generation_scope,train,"(0,1]","(-0.25,0)",0,0.0,0
generation_scope,train,"(0,1]",zero,0,0.0,0
generation_scope,train,"(0,1]","(0,0.50]",1,0.004464285714285714,1
generation_scope,train,"(0,1]","(0.50,1]",0,0.0,0
generation_scope,train,"(0,1]","(1,2]",0,0.0,0
generation_scope,train,"(0,1]",>2,1,0.004464285714285714,1
generation_scope,train,"(1,2]",<=-0.50,0,0.0,0
generation_scope,train,"(1,2]","(-0.50,-0.25]",0,0.0,0
generation_scope,train,"(1,2]","(-0.25,0)",0,0.0,0
generation_scope,train,"(1,2]",zero,0,0.0,0
generation_scope,train,"(1,2]","(0,0.50]",1,0.004464285714285714,1
generation_scope,train,"(1,2]","(0.50,1]",0,0.0,0
generation_scope,train,"(1,2]","(1,2]",0,0.0,0
generation_scope,train,"(1,2]",>2,0,0.0,0
generation_scope,train,"(2,3]",<=-0.50,0,0.0,0
generation_scope,train,"(2,3]","(-0.50,-0.25]",0,0.0,0
generation_scope,train,"(2,3]","(-0.25,0)",1,0.004464285714285714,1
generation_scope,train,"(2,3]",zero,0,0.0,0
generation_scope,train,"(2,3]","(0,0.50]",2,0.008928571428571428,2
generation_scope,train,"(2,3]","(0.50,1]",0,0.0,0
generation_scope,train,"(2,3]","(1,2]",0,0.0,0
generation_scope,train,"(2,3]",>2,0,0.0,0
generation_scope,train,>3,<=-0.50,2,0.008928571428571428,2
generation_scope,train,>3,"(-0.50,-0.25]",6,0.026785714285714284,6
generation_scope,train,>3,"(-0.25,0)",6,0.026785714285714284,6
generation_scope,train,>3,zero,1,0.004464285714285714,1
generation_scope,train,>3,"(0,0.50]",6,0.026785714285714284,6
generation_scope,train,>3,"(0.50,1]",0,0.0,0
generation_scope,train,>3,"(1,2]",0,0.0,0
generation_scope,train,>3,>2,0,0.0,0
all,val,zero,<=-0.50,0,0.0,0
all,val,zero,"(-0.50,-0.25]",2,0.0010565240359218173,2
all,val,zero,"(-0.25,0)",3,0.001584786053882726,3
all,val,zero,zero,0,0.0,0
all,val,zero,"(0,0.50]",71,0.03750660327522451,71
all,val,zero,"(0.50,1]",356,0.18806127839408346,324
all,val,zero,"(1,2]",1001,0.5287902799788695,735
all,val,zero,>2,388,0.20496566296883253,326
all,val,"(0,1]",<=-0.50,0,0.0,0
all,val,"(0,1]","(-0.50,-0.25]",0,0.0,0
all,val,"(0,1]","(-0.25,0)",1,0.0005282620179609086,1
all,val,"(0,1]",zero,0,0.0,0
all,val,"(0,1]","(0,0.50]",3,0.001584786053882726,3
all,val,"(0,1]","(0.50,1]",8,0.004226096143687269,8
all,val,"(0,1]","(1,2]",8,0.004226096143687269,8
all,val,"(0,1]",>2,2,0.0010565240359218173,2
all,val,"(1,2]",<=-0.50,0,0.0,0
all,val,"(1,2]","(-0.50,-0.25]",0,0.0,0
all,val,"(1,2]","(-0.25,0)",0,0.0,0
all,val,"(1,2]",zero,0,0.0,0
all,val,"(1,2]","(0,0.50]",8,0.004226096143687269,8
all,val,"(1,2]","(0.50,1]",13,0.006867406233491812,13
all,val,"(1,2]","(1,2]",3,0.001584786053882726,3
all,val,"(1,2]",>2,1,0.0005282620179609086,1
all,val,"(2,3]",<=-0.50,0,0.0,0
all,val,"(2,3]","(-0.50,-0.25]",0,0.0,0
all,val,"(2,3]","(-0.25,0)",1,0.0005282620179609086,1
all,val,"(2,3]",zero,0,0.0,0
all,val,"(2,3]","(0,0.50]",2,0.0010565240359218173,2
all,val,"(2,3]","(0.50,1]",3,0.001584786053882726,3
all,val,"(2,3]","(1,2]",3,0.001584786053882726,3
all,val,"(2,3]",>2,0,0.0,0
all,val,>3,<=-0.50,0,0.0,0
all,val,>3,"(-0.50,-0.25]",0,0.0,0
all,val,>3,"(-0.25,0)",1,0.0005282620179609086,1
all,val,>3,zero,0,0.0,0
all,val,>3,"(0,0.50]",11,0.005810882197569995,11
all,val,>3,"(0.50,1]",3,0.001584786053882726,3
all,val,>3,"(1,2]",1,0.0005282620179609086,1
all,val,>3,>2,0,0.0,0
generation_scope,val,zero,<=-0.50,0,0.0,0
generation_scope,val,zero,"(-0.50,-0.25]",2,0.0625,2
generation_scope,val,zero,"(-0.25,0)",2,0.0625,2
generation_scope,val,zero,zero,0,0.0,0
generation_scope,val,zero,"(0,0.50]",6,0.1875,6
generation_scope,val,zero,"(0.50,1]",9,0.28125,9
generation_scope,val,zero,"(1,2]",10,0.3125,10
generation_scope,val,zero,>2,2,0.0625,2
generation_scope,val,"(0,1]",<=-0.50,0,0.0,0
generation_scope,val,"(0,1]","(-0.50,-0.25]",0,0.0,0
generation_scope,val,"(0,1]","(-0.25,0)",0,0.0,0
generation_scope,val,"(0,1]",zero,0,0.0,0
generation_scope,val,"(0,1]","(0,0.50]",0,0.0,0
generation_scope,val,"(0,1]","(0.50,1]",0,0.0,0
generation_scope,val,"(0,1]","(1,2]",0,0.0,0
generation_scope,val,"(0,1]",>2,0,0.0,0
generation_scope,val,"(1,2]",<=-0.50,0,0.0,0
generation_scope,val,"(1,2]","(-0.50,-0.25]",0,0.0,0
generation_scope,val,"(1,2]","(-0.25,0)",0,0.0,0
generation_scope,val,"(1,2]",zero,0,0.0,0
generation_scope,val,"(1,2]","(0,0.50]",1,0.03125,1
generation_scope,val,"(1,2]","(0.50,1]",0,0.0,0
generation_scope,val,"(1,2]","(1,2]",0,0.0,0
generation_scope,val,"(1,2]",>2,0,0.0,0
generation_scope,val,"(2,3]",<=-0.50,0,0.0,0
generation_scope,val,"(2,3]","(-0.50,-0.25]",0,0.0,0
generation_scope,val,"(2,3]","(-0.25,0)",0,0.0,0
generation_scope,val,"(2,3]",zero,0,0.0,0
generation_scope,val,"(2,3]","(0,0.50]",0,0.0,0
generation_scope,val,"(2,3]","(0.50,1]",0,0.0,0
generation_scope,val,"(2,3]","(1,2]",0,0.0,0
generation_scope,val,"(2,3]",>2,0,0.0,0
generation_scope,val,>3,<=-0.50,0,0.0,0
generation_scope,val,>3,"(-0.50,-0.25]",0,0.0,0
generation_scope,val,>3,"(-0.25,0)",0,0.0,0
generation_scope,val,>3,zero,0,0.0,0
generation_scope,val,>3,"(0,0.50]",0,0.0,0
generation_scope,val,>3,"(0.50,1]",0,0.0,0
generation_scope,val,>3,"(1,2]",0,0.0,0
generation_scope,val,>3,>2,0,0.0,0
all,test,zero,<=-0.50,0,0.0,0
all,test,zero,"(-0.50,-0.25]",0,0.0,0
all,test,zero,"(-0.25,0)",4,0.0021141649048625794,4
all,test,zero,zero,0,0.0,0
all,test,zero,"(0,0.50]",67,0.0354122621564482,66
all,test,zero,"(0.50,1]",358,0.18921775898520085,327
all,test,zero,"(1,2]",991,0.523784355179704,732
all,test,zero,>2,386,0.2040169133192389,347
all,test,"(0,1]",<=-0.50,0,0.0,0
all,test,"(0,1]","(-0.50,-0.25]",0,0.0,0
all,test,"(0,1]","(-0.25,0)",0,0.0,0
all,test,"(0,1]",zero,0,0.0,0
all,test,"(0,1]","(0,0.50]",0,0.0,0
all,test,"(0,1]","(0.50,1]",10,0.005285412262156448,10
all,test,"(0,1]","(1,2]",9,0.0047568710359408035,9
all,test,"(0,1]",>2,1,0.0005285412262156448,1
all,test,"(1,2]",<=-0.50,0,0.0,0
all,test,"(1,2]","(-0.50,-0.25]",0,0.0,0
all,test,"(1,2]","(-0.25,0)",0,0.0,0
all,test,"(1,2]",zero,1,0.0005285412262156448,1
all,test,"(1,2]","(0,0.50]",7,0.0036997885835095136,7
all,test,"(1,2]","(0.50,1]",12,0.006342494714587738,12
all,test,"(1,2]","(1,2]",6,0.003171247357293869,6
all,test,"(1,2]",>2,1,0.0005285412262156448,1
all,test,"(2,3]",<=-0.50,0,0.0,0
all,test,"(2,3]","(-0.50,-0.25]",0,0.0,0
all,test,"(2,3]","(-0.25,0)",0,0.0,0
all,test,"(2,3]",zero,1,0.0005285412262156448,1
all,test,"(2,3]","(0,0.50]",4,0.0021141649048625794,4
all,test,"(2,3]","(0.50,1]",3,0.0015856236786469344,3
all,test,"(2,3]","(1,2]",7,0.0036997885835095136,7
all,test,"(2,3]",>2,0,0.0,0
all,test,>3,<=-0.50,1,0.0005285412262156448,1
all,test,>3,"(-0.50,-0.25]",1,0.0005285412262156448,1
all,test,>3,"(-0.25,0)",1,0.0005285412262156448,1
all,test,>3,zero,0,0.0,0
all,test,>3,"(0,0.50]",10,0.005285412262156448,10
all,test,>3,"(0.50,1]",8,0.004228329809725159,8
all,test,>3,"(1,2]",3,0.0015856236786469344,3
all,test,>3,>2,0,0.0,0
generation_scope,test,zero,<=-0.50,0,0.0,0
generation_scope,test,zero,"(-0.50,-0.25]",0,0.0,0
generation_scope,test,zero,"(-0.25,0)",2,0.08333333333333333,2
generation_scope,test,zero,zero,0,0.0,0
generation_scope,test,zero,"(0,0.50]",4,0.16666666666666666,4
generation_scope,test,zero,"(0.50,1]",8,0.3333333333333333,8
generation_scope,test,zero,"(1,2]",7,0.2916666666666667,7
generation_scope,test,zero,>2,1,0.041666666666666664,1
generation_scope,test,"(0,1]",<=-0.50,0,0.0,0
generation_scope,test,"(0,1]","(-0.50,-0.25]",0,0.0,0
generation_scope,test,"(0,1]","(-0.25,0)",0,0.0,0
generation_scope,test,"(0,1]",zero,0,0.0,0
generation_scope,test,"(0,1]","(0,0.50]",0,0.0,0
generation_scope,test,"(0,1]","(0.50,1]",0,0.0,0
generation_scope,test,"(0,1]","(1,2]",0,0.0,0
generation_scope,test,"(0,1]",>2,0,0.0,0
generation_scope,test,"(1,2]",<=-0.50,0,0.0,0
generation_scope,test,"(1,2]","(-0.50,-0.25]",0,0.0,0
generation_scope,test,"(1,2]","(-0.25,0)",0,0.0,0
generation_scope,test,"(1,2]",zero,0,0.0,0
generation_scope,test,"(1,2]","(0,0.50]",0,0.0,0
generation_scope,test,"(1,2]","(0.50,1]",0,0.0,0
generation_scope,test,"(1,2]","(1,2]",0,0.0,0
generation_scope,test,"(1,2]",>2,0,0.0,0
generation_scope,test,"(2,3]",<=-0.50,0,0.0,0
generation_scope,test,"(2,3]","(-0.50,-0.25]",0,0.0,0
generation_scope,test,"(2,3]","(-0.25,0)",0,0.0,0
generation_scope,test,"(2,3]",zero,0,0.0,0
generation_scope,test,"(2,3]","(0,0.50]",0,0.0,0
generation_scope,test,"(2,3]","(0.50,1]",0,0.0,0
generation_scope,test,"(2,3]","(1,2]",0,0.0,0
generation_scope,test,"(2,3]",>2,0,0.0,0
generation_scope,test,>3,<=-0.50,1,0.041666666666666664,1
generation_scope,test,>3,"(-0.50,-0.25]",1,0.041666666666666664,1
generation_scope,test,>3,"(-0.25,0)",0,0.0,0
generation_scope,test,>3,zero,0,0.0,0
generation_scope,test,>3,"(0,0.50]",0,0.0,0
generation_scope,test,>3,"(0.50,1]",0,0.0,0
generation_scope,test,>3,"(1,2]",0,0.0,0
generation_scope,test,>3,>2,0,0.0,0
all,all,zero,<=-0.50,0,0.0,0
all,all,zero,"(-0.50,-0.25]",5,0.0002641589180050719,5
all,all,zero,"(-0.25,0)",35,0.0018491124260355029,35
all,all,zero,zero,4,0.00021132713440405747,4
all,all,zero,"(0,0.50]",751,0.03967666948436179,740
all,all,zero,"(0.50,1]",3742,0.19769653423499578,3339
all,all,zero,"(1,2]",9979,0.5272083685545224,7325
all,all,zero,>2,3677,0.19426246830092983,3212
all,all,"(0,1]",<=-0.50,0,0.0,0
all,all,"(0,1]","(-0.50,-0.25]",0,0.0,0
all,all,"(0,1]","(-0.25,0)",2,0.00010566356720202873,2
all,all,"(0,1]",zero,1,5.283178360101437e-05,1
all,all,"(0,1]","(0,0.50]",18,0.0009509721048182587,18
all,all,"(0,1]","(0.50,1]",69,0.0036453930684699916,69
all,all,"(0,1]","(1,2]",63,0.0033284023668639054,63
all,all,"(0,1]",>2,8,0.00042265426880811494,8
all,all,"(1,2]",<=-0.50,0,0.0,0
all,all,"(1,2]","(-0.50,-0.25]",0,0.0,0
all,all,"(1,2]","(-0.25,0)",3,0.00015849535080304311,3
all,all,"(1,2]",zero,1,5.283178360101437e-05,1
all,all,"(1,2]","(0,0.50]",61,0.0032227387996618764,61
all,all,"(1,2]","(0.50,1]",110,0.00581149619611158,110
all,all,"(1,2]","(1,2]",49,0.0025887573964497044,49
all,all,"(1,2]",>2,4,0.00021132713440405747,4
all,all,"(2,3]",<=-0.50,0,0.0,0
all,all,"(2,3]","(-0.50,-0.25]",0,0.0,0
all,all,"(2,3]","(-0.25,0)",3,0.00015849535080304311,3
all,all,"(2,3]",zero,1,5.283178360101437e-05,1
all,all,"(2,3]","(0,0.50]",56,0.0029585798816568047,56
all,all,"(2,3]","(0.50,1]",59,0.0031170752324598478,59
all,all,"(2,3]","(1,2]",28,0.0014792899408284023,27
all,all,"(2,3]",>2,0,0.0,0
all,all,>3,<=-0.50,3,0.00015849535080304311,3
all,all,>3,"(-0.50,-0.25]",8,0.00042265426880811494,8
all,all,>3,"(-0.25,0)",9,0.00047548605240912934,9
all,all,>3,zero,1,5.283178360101437e-05,1
all,all,>3,"(0,0.50]",99,0.005230346576500422,99
all,all,>3,"(0.50,1]",62,0.003275570583262891,61
all,all,>3,"(1,2]",17,0.0008981403212172443,17
all,all,>3,>2,0,0.0,0
generation_scope,all,zero,<=-0.50,0,0.0,0
generation_scope,all,zero,"(-0.50,-0.25]",5,0.017857142857142856,5
generation_scope,all,zero,"(-0.25,0)",23,0.08214285714285714,23
generation_scope,all,zero,zero,1,0.0035714285714285713,1
generation_scope,all,zero,"(0,0.50]",69,0.24642857142857144,69
generation_scope,all,zero,"(0.50,1]",72,0.2571428571428571,72
generation_scope,all,zero,"(1,2]",70,0.25,70
generation_scope,all,zero,>2,10,0.03571428571428571,10
generation_scope,all,"(0,1]",<=-0.50,0,0.0,0
generation_scope,all,"(0,1]","(-0.50,-0.25]",0,0.0,0
generation_scope,all,"(0,1]","(-0.25,0)",0,0.0,0
generation_scope,all,"(0,1]",zero,0,0.0,0
generation_scope,all,"(0,1]","(0,0.50]",1,0.0035714285714285713,1
generation_scope,all,"(0,1]","(0.50,1]",0,0.0,0
generation_scope,all,"(0,1]","(1,2]",0,0.0,0
generation_scope,all,"(0,1]",>2,1,0.0035714285714285713,1
generation_scope,all,"(1,2]",<=-0.50,0,0.0,0
generation_scope,all,"(1,2]","(-0.50,-0.25]",0,0.0,0
generation_scope,all,"(1,2]","(-0.25,0)",0,0.0,0
generation_scope,all,"(1,2]",zero,0,0.0,0
generation_scope,all,"(1,2]","(0,0.50]",2,0.007142857142857143,2
generation_scope,all,"(1,2]","(0.50,1]",0,0.0,0
generation_scope,all,"(1,2]","(1,2]",0,0.0,0
generation_scope,all,"(1,2]",>2,0,0.0,0
generation_scope,all,"(2,3]",<=-0.50,0,0.0,0
generation_scope,all,"(2,3]","(-0.50,-0.25]",0,0.0,0
generation_scope,all,"(2,3]","(-0.25,0)",1,0.0035714285714285713,1
generation_scope,all,"(2,3]",zero,0,0.0,0
generation_scope,all,"(2,3]","(0,0.50]",2,0.007142857142857143,2
generation_scope,all,"(2,3]","(0.50,1]",0,0.0,0
generation_scope,all,"(2,3]","(1,2]",0,0.0,0
generation_scope,all,"(2,3]",>2,0,0.0,0
generation_scope,all,>3,<=-0.50,3,0.010714285714285714,3
generation_scope,all,>3,"(-0.50,-0.25]",7,0.025,7
generation_scope,all,>3,"(-0.25,0)",6,0.02142857142857143,6
generation_scope,all,>3,zero,1,0.0035714285714285713,1
generation_scope,all,>3,"(0,0.50]",6,0.02142857142857143,6
generation_scope,all,>3,"(0.50,1]",0,0.0,0
generation_scope,all,>3,"(1,2]",0,0.0,0
generation_scope,all,>3,>2,0,0.0,0
