scope,split,site,species,rows,composition_groups
all,train,A,Ag,296,296
all,train,A,Al,295,295
all,train,A,As,294,294
all,train,A,Au,287,287
all,train,A,B,289,289
all,train,A,Ba,289,289
all,train,A,Be,293,293
all,train,A,Bi,273,273
all,train,A,Ca,299,299
all,train,A,Cd,295,295
all,train,A,Co,289,289
all,train,A,Cr,293,293
all,train,A,Cs,292,292
all,train,A,Cu,283,283
all,train,A,Fe,293,293
all,train,A,Ga,276,276
all,train,A,Ge,286,286
all,train,A,Hf,284,284
all,train,A,Hg,298,298
all,train,A,In,306,306
all,train,A,Ir,290,290
all,train,A,K,288,288
all,train,A,La,286,286
all,train,A,Li,293,293
all,train,A,Mg,287,287
all,train,A,Mn,297,297
all,train,A,Mo,295,295
all,train,A,Na,289,289
all,train,A,Nb,293,293
all,train,A,Ni,296,296
all,train,A,Os,279,279
all,train,A,Pb,294,294
all,train,A,Pd,289,289
all,train,A,Pt,291,291
all,train,A,Rb,297,297
all,train,A,Re,287,287
all,train,A,Rh,284,284
all,train,A,Ru,292,292
all,train,A,Sb,306,306
all,train,A,Sc,292,292
all,train,A,Si,283,283
all,train,A,Sn,288,288
all,train,A,Sr,288,288
all,train,A,Ta,282,282
all,train,A,Te,279,279
all,train,A,Ti,309,309
all,train,A,Tl,298,298
all,train,A,V,300,300
all,train,A,W,288,288
all,train,A,Y,295,295
all,train,A,Zn,297,297
all,train,A,Zr,301,301
all,train,B,Ag,296,296
all,train,B,Al,295,295
all,train,B,As,294,294
all,train,B,Au,287,287
all,train,B,B,289,289
all,train,B,Ba,289,289
all,train,B,Be,293,293
all,train,B,Bi,273,273
all,train,B,Ca,299,299
all,train,B,Cd,295,295
all,train,B,Co,289,289
all,train,B,Cr,293,293
all,train,B,Cs,292,292
all,train,B,Cu,283,283
all,train,B,Fe,293,293
all,train,B,Ga,276,276
all,train,B,Ge,286,286
all,train,B,Hf,284,284
all,train,B,Hg,298,298
all,train,B,In,306,306
all,train,B,Ir,290,290
all,train,B,K,288,288
all,train,B,La,286,286
all,train,B,Li,293,293
all,train,B,Mg,287,287
all,train,B,Mn,297,297
all,train,B,Mo,295,295
all,train,B,Na,289,289
all,train,B,Nb,293,293
all,train,B,Ni,296,296
all,train,B,Os,279,279
all,train,B,Pb,294,294
all,train,B,Pd,289,289
all,train,B,Pt,291,291
all,train,B,Rb,297,297
all,train,B,Re,287,287
all,train,B,Rh,284,284
all,train,B,Ru,292,292
all,train,B,Sb,306,306
all,train,B,Sc,292,292
all,train,B,Si,283,283
all,train,B,Sn,288,288
all,train,B,Sr,288,288
all,train,B,Ta,282,282
all,train,B,Te,279,279
all,train,B,Ti,309,309
all,train,B,Tl,298,298
all,train,B,V,300,300
all,train,B,W,288,288
all,train,B,Y,295,295
all,train,B,Zn,297,297
all,train,B,Zr,301,301
generation_scope,train,A,Ba,28,28
generation_scope,train,A,Ca,30,30
generation_scope,train,A,Cs,28,28
generation_scope,train,A,K,26,26
generation_scope,train,A,La,30,30
generation_scope,train,A,Na,20,20
generation_scope,train,A,Rb,31,31
generation_scope,train,A,Sr,31,31
generation_scope,train,B,Al,7,7
generation_scope,train,B,Co,13,13
generation_scope,train,B,Cr,13,13
generation_scope,train,B,Cu,7,7
generation_scope,train,B,Fe,12,12
generation_scope,train,B,Ga,8,8
generation_scope,train,B,Ge,6,6
generation_scope,train,B,Hf,14,14
generation_scope,train,B,In,5,5
generation_scope,train,B,Mn,13,13
generation_scope,train,B,Mo,12,12
generation_scope,train,B,Nb,13,13
generation_scope,train,B,Ni,10,10
generation_scope,train,B,Pb,6,6
generation_scope,train,B,Sc,6,6
generation_scope,train,B,Sn,7,7
generation_scope,train,B,Ta,13,13
generation_scope,train,B,Ti,14,14
generation_scope,train,B,V,5,5
generation_scope,train,B,W,12,12
generation_scope,train,B,Y,7,7
generation_scope,train,B,Zn,7,7
generation_scope,train,B,Zr,14,14
all,val,A,Ag,30,30
all,val,A,Al,30,30
all,val,A,As,41,41
all,val,A,Au,36,36
all,val,A,B,31,31
all,val,A,Ba,34,34
all,val,A,Be,31,31
all,val,A,Bi,41,41
all,val,A,Ca,40,40
all,val,A,Cd,35,35
all,val,A,Co,39,39
all,val,A,Cr,35,35
all,val,A,Cs,34,34
all,val,A,Cu,40,40
all,val,A,Fe,32,32
all,val,A,Ga,48,48
all,val,A,Ge,43,43
all,val,A,Hf,42,42
all,val,A,Hg,26,26
all,val,A,In,30,30
all,val,A,Ir,35,35
all,val,A,K,39,39
all,val,A,La,43,43
all,val,A,Li,34,34
all,val,A,Mg,34,34
all,val,A,Mn,41,41
all,val,A,Mo,34,34
all,val,A,Na,38,38
all,val,A,Nb,27,27
all,val,A,Ni,37,37
all,val,A,Os,40,40
all,val,A,Pb,41,41
all,val,A,Pd,37,37
all,val,A,Pt,34,34
all,val,A,Rb,32,32
all,val,A,Re,41,41
all,val,A,Rh,46,46
all,val,A,Ru,35,35
all,val,A,Sb,26,26
all,val,A,Sc,35,35
all,val,A,Si,37,37
all,val,A,Sn,39,39
all,val,A,Sr,42,42
all,val,A,Ta,40,40
all,val,A,Te,37,37
all,val,A,Ti,31,31
all,val,A,Tl,44,44
all,val,A,V,34,34
all,val,A,W,38,38
all,val,A,Y,40,40
all,val,A,Zn,30,30
all,val,A,Zr,34,34
all,val,B,Ag,30,30
all,val,B,Al,30,30
all,val,B,As,41,41
all,val,B,Au,36,36
all,val,B,B,31,31
all,val,B,Ba,34,34
all,val,B,Be,31,31
all,val,B,Bi,41,41
all,val,B,Ca,40,40
all,val,B,Cd,35,35
all,val,B,Co,39,39
all,val,B,Cr,35,35
all,val,B,Cs,34,34
all,val,B,Cu,40,40
all,val,B,Fe,32,32
all,val,B,Ga,48,48
all,val,B,Ge,43,43
all,val,B,Hf,42,42
all,val,B,Hg,26,26
all,val,B,In,30,30
all,val,B,Ir,35,35
all,val,B,K,39,39
all,val,B,La,43,43
all,val,B,Li,34,34
all,val,B,Mg,34,34
all,val,B,Mn,41,41
all,val,B,Mo,34,34
all,val,B,Na,38,38
all,val,B,Nb,27,27
all,val,B,Ni,37,37
all,val,B,Os,40,40
all,val,B,Pb,41,41
all,val,B,Pd,37,37
all,val,B,Pt,34,34
all,val,B,Rb,32,32
all,val,B,Re,41,41
all,val,B,Rh,46,46
all,val,B,Ru,35,35
all,val,B,Sb,26,26
all,val,B,Sc,35,35
all,val,B,Si,37,37
all,val,B,Sn,39,39
all,val,B,Sr,42,42
all,val,B,Ta,40,40
all,val,B,Te,37,37
all,val,B,Ti,31,31
all,val,B,Tl,44,44
all,val,B,V,34,34
all,val,B,W,38,38
all,val,B,Y,40,40
all,val,B,Zn,30,30
all,val,B,Zr,34,34
generation_scope,val,A,Ba,3,3
generation_scope,val,A,Ca,5,5
generation_scope,val,A,Cs,5,5
generation_scope,val,A,K,3,3
generation_scope,val,A,La,3,3
generation_scope,val,A,Na,8,8
generation_scope,val,A,Rb,2,2
generation_scope,val,A,Sr,3,3
generation_scope,val,B,Co,2,2
generation_scope,val,B,Cr,2,2
generation_scope,val,B,Fe,3,3
generation_scope,val,B,Ge,1,1
generation_scope,val,B,Hf,1,1
generation_scope,val,B,In,2,2
generation_scope,val,B,Mn,1,1
generation_scope,val,B,Mo,2,2
generation_scope,val,B,Ni,5,5
generation_scope,val,B,Pb,2,2
generation_scope,val,B,Ta,1,1
generation_scope,val,B,Ti,1,1
generation_scope,val,B,V,3,3
generation_scope,val,B,W,3,3
generation_scope,val,B,Y,1,1
generation_scope,val,B,Zn,1,1
generation_scope,val,B,Zr,1,1
all,test,A,Ag,38,38
all,test,A,Al,39,39
all,test,A,As,29,29
all,test,A,Au,41,41
all,test,A,B,44,44
all,test,A,Ba,41,41
all,test,A,Be,40,40
all,test,A,Bi,50,50
all,test,A,Ca,25,25
all,test,A,Cd,34,34
all,test,A,Co,36,36
all,test,A,Cr,36,36
all,test,A,Cs,38,38
all,test,A,Cu,41,41
all,test,A,Fe,39,39
all,test,A,Ga,40,40
all,test,A,Ge,35,35
all,test,A,Hf,38,38
all,test,A,Hg,40,40
all,test,A,In,28,28
all,test,A,Ir,39,39
all,test,A,K,37,37
all,test,A,La,35,35
all,test,A,Li,37,37
all,test,A,Mg,43,43
all,test,A,Mn,26,26
all,test,A,Mo,35,35
all,test,A,Na,37,37
all,test,A,Nb,44,44
all,test,A,Ni,31,31
all,test,A,Os,45,45
all,test,A,Pb,29,29
all,test,A,Pd,38,38
all,test,A,Pt,39,39
all,test,A,Rb,35,35
all,test,A,Re,36,36
all,test,A,Rh,34,34
all,test,A,Ru,37,37
all,test,A,Sb,32,32
all,test,A,Sc,37,37
all,test,A,Si,44,44
all,test,A,Sn,37,37
all,test,A,Sr,34,34
all,test,A,Ta,42,42
all,test,A,Te,48,48
all,test,A,Ti,24,24
all,test,A,Tl,22,22
all,test,A,V,30,30
all,test,A,W,38,38
all,test,A,Y,29,29
all,test,A,Zn,37,37
all,test,A,Zr,29,29
all,test,B,Ag,38,38
all,test,B,Al,39,39
all,test,B,As,29,29
all,test,B,Au,41,41
all,test,B,B,44,44
all,test,B,Ba,41,41
all,test,B,Be,40,40
all,test,B,Bi,50,50
all,test,B,Ca,25,25
all,test,B,Cd,34,34
all,test,B,Co,36,36
all,test,B,Cr,36,36
all,test,B,Cs,38,38
all,test,B,Cu,41,41
all,test,B,Fe,39,39
all,test,B,Ga,40,40
all,test,B,Ge,35,35
all,test,B,Hf,38,38
all,test,B,Hg,40,40
all,test,B,In,28,28
all,test,B,Ir,39,39
all,test,B,K,37,37
all,test,B,La,35,35
all,test,B,Li,37,37
all,test,B,Mg,43,43
all,test,B,Mn,26,26
all,test,B,Mo,35,35
all,test,B,Na,37,37
all,test,B,Nb,44,44
all,test,B,Ni,31,31
all,test,B,Os,45,45
all,test,B,Pb,29,29
all,test,B,Pd,38,38
all,test,B,Pt,39,39
all,test,B,Rb,35,35
all,test,B,Re,36,36
all,test,B,Rh,34,34
all,test,B,Ru,37,37
all,test,B,Sb,32,32
all,test,B,Sc,37,37
all,test,B,Si,44,44
all,test,B,Sn,37,37
all,test,B,Sr,34,34
all,test,B,Ta,42,42
all,test,B,Te,48,48
all,test,B,Ti,24,24
all,test,B,Tl,22,22
all,test,B,V,30,30
all,test,B,W,38,38
all,test,B,Y,29,29
all,test,B,Zn,37,37
all,test,B,Zr,29,29
generation_scope,test,A,Ba,4,4
generation_scope,test,A,Cs,2,2
generation_scope,test,A,K,6,6
generation_scope,test,A,La,2,2
generation_scope,test,A,Na,7,7
generation_scope,test,A,Rb,2,2
generation_scope,test,A,Sr,1,1
generation_scope,test,B,Al,1,1
generation_scope,test,B,Co,1,1
generation_scope,test,B,Cr,1,1
generation_scope,test,B,Cu,1,1
generation_scope,test,B,Fe,1,1
generation_scope,test,B,Ge,1,1
generation_scope,test,B,Hf,1,1
generation_scope,test,B,In,1,1
generation_scope,test,B,Mn,2,2
generation_scope,test,B,Mo,2,2
generation_scope,test,B,Nb,3,3
generation_scope,test,B,Ni,1,1
generation_scope,test,B,Sc,2,2
generation_scope,test,B,Sn,1,1
generation_scope,test,B,Ta,2,2
generation_scope,test,B,Ti,1,1
generation_scope,test,B,W,1,1
generation_scope,test,B,Zr,1,1
all,all,A,Ag,364,364
all,all,A,Al,364,364
all,all,A,As,364,364
all,all,A,Au,364,364
all,all,A,B,364,364
all,all,A,Ba,364,364
all,all,A,Be,364,364
all,all,A,Bi,364,364
all,all,A,Ca,364,364
all,all,A,Cd,364,364
all,all,A,Co,364,364
all,all,A,Cr,364,364
all,all,A,Cs,364,364
all,all,A,Cu,364,364
all,all,A,Fe,364,364
all,all,A,Ga,364,364
all,all,A,Ge,364,364
all,all,A,Hf,364,364
all,all,A,Hg,364,364
all,all,A,In,364,364
all,all,A,Ir,364,364
all,all,A,K,364,364
all,all,A,La,364,364
all,all,A,Li,364,364
all,all,A,Mg,364,364
all,all,A,Mn,364,364
all,all,A,Mo,364,364
all,all,A,Na,364,364
all,all,A,Nb,364,364
all,all,A,Ni,364,364
all,all,A,Os,364,364
all,all,A,Pb,364,364
all,all,A,Pd,364,364
all,all,A,Pt,364,364
all,all,A,Rb,364,364
all,all,A,Re,364,364
all,all,A,Rh,364,364
all,all,A,Ru,364,364
all,all,A,Sb,364,364
all,all,A,Sc,364,364
all,all,A,Si,364,364
all,all,A,Sn,364,364
all,all,A,Sr,364,364
all,all,A,Ta,364,364
all,all,A,Te,364,364
all,all,A,Ti,364,364
all,all,A,Tl,364,364
all,all,A,V,364,364
all,all,A,W,364,364
all,all,A,Y,364,364
all,all,A,Zn,364,364
all,all,A,Zr,364,364
all,all,B,Ag,364,364
all,all,B,Al,364,364
all,all,B,As,364,364
all,all,B,Au,364,364
all,all,B,B,364,364
all,all,B,Ba,364,364
all,all,B,Be,364,364
all,all,B,Bi,364,364
all,all,B,Ca,364,364
all,all,B,Cd,364,364
all,all,B,Co,364,364
all,all,B,Cr,364,364
all,all,B,Cs,364,364
all,all,B,Cu,364,364
all,all,B,Fe,364,364
all,all,B,Ga,364,364
all,all,B,Ge,364,364
all,all,B,Hf,364,364
all,all,B,Hg,364,364
all,all,B,In,364,364
all,all,B,Ir,364,364
all,all,B,K,364,364
all,all,B,La,364,364
all,all,B,Li,364,364
all,all,B,Mg,364,364
all,all,B,Mn,364,364
all,all,B,Mo,364,364
all,all,B,Na,364,364
all,all,B,Nb,364,364
all,all,B,Ni,364,364
all,all,B,Os,364,364
all,all,B,Pb,364,364
all,all,B,Pd,364,364
all,all,B,Pt,364,364
all,all,B,Rb,364,364
all,all,B,Re,364,364
all,all,B,Rh,364,364
all,all,B,Ru,364,364
all,all,B,Sb,364,364
all,all,B,Sc,364,364
all,all,B,Si,364,364
all,all,B,Sn,364,364
all,all,B,Sr,364,364
all,all,B,Ta,364,364
all,all,B,Te,364,364
all,all,B,Ti,364,364
all,all,B,Tl,364,364
all,all,B,V,364,364
all,all,B,W,364,364
all,all,B,Y,364,364
all,all,B,Zn,364,364
all,all,B,Zr,364,364
generation_scope,all,A,Ba,35,35
generation_scope,all,A,Ca,35,35
generation_scope,all,A,Cs,35,35
generation_scope,all,A,K,35,35
generation_scope,all,A,La,35,35
generation_scope,all,A,Na,35,35
generation_scope,all,A,Rb,35,35
generation_scope,all,A,Sr,35,35
generation_scope,all,B,Al,8,8
generation_scope,all,B,Co,16,16
generation_scope,all,B,Cr,16,16
generation_scope,all,B,Cu,8,8
generation_scope,all,B,Fe,16,16
generation_scope,all,B,Ga,8,8
generation_scope,all,B,Ge,8,8
generation_scope,all,B,Hf,16,16
generation_scope,all,B,In,8,8
generation_scope,all,B,Mn,16,16
generation_scope,all,B,Mo,16,16
generation_scope,all,B,Nb,16,16
generation_scope,all,B,Ni,16,16
generation_scope,all,B,Pb,8,8
generation_scope,all,B,Sc,8,8
generation_scope,all,B,Sn,8,8
generation_scope,all,B,Ta,16,16
generation_scope,all,B,Ti,16,16
generation_scope,all,B,V,8,8
generation_scope,all,B,W,16,16
generation_scope,all,B,Y,8,8
generation_scope,all,B,Zn,8,8
generation_scope,all,B,Zr,16,16
