scope,split,source_combination,source_anion,rows,fraction,composition_groups
all,train,ABN3,N3,2103,0.1388760483391666,1073
all,train,ABO2F,O2F,2167,0.14310242356204186,1102
all,train,ABO2N,O2N,2195,0.14495146272204978,1118
all,train,ABO2S,O2S,2196,0.14501749983490722,1120
all,train,ABO3,O3,2177,0.14376279469061612,1109
all,train,ABOFN,OFN,2126,0.1403949019348874,1083
all,train,ABON2,ON2,2179,0.14389486891633096,1110
generation_scope,train,ABN3,N3,73,0.32589285714285715,73
generation_scope,train,ABO3,O3,151,0.6741071428571429,151
all,val,ABN3,N3,350,0.184891706286318,178
all,val,ABO2F,O2F,258,0.13629160063391443,133
all,val,ABO2N,O2N,221,0.1167459059693608,114
all,val,ABO2S,O2S,245,0.1294241944004226,126
all,val,ABO3,O3,273,0.14421553090332806,139
all,val,ABOFN,OFN,280,0.14791336502905442,144
all,val,ABON2,ON2,266,0.1405176967776017,134
generation_scope,val,ABN3,N3,12,0.375,12
generation_scope,val,ABO3,O3,20,0.625,20
all,test,ABN3,N3,251,0.13266384778012685,127
all,test,ABO2F,O2F,279,0.1474630021141649,143
all,test,ABO2N,O2N,288,0.1522198731501057,146
all,test,ABO2S,O2S,263,0.13900634249471458,132
all,test,ABO3,O3,254,0.13424947145877378,130
all,test,ABOFN,OFN,298,0.15750528541226216,151
all,test,ABON2,ON2,259,0.136892177589852,134
generation_scope,test,ABN3,N3,11,0.4583333333333333,11
generation_scope,test,ABO3,O3,13,0.5416666666666666,13
all,all,ABN3,N3,2704,0.14285714285714285,1378
all,all,ABO2F,O2F,2704,0.14285714285714285,1378
all,all,ABO2N,O2N,2704,0.14285714285714285,1378
all,all,ABO2S,O2S,2704,0.14285714285714285,1378
all,all,ABO3,O3,2704,0.14285714285714285,1378
all,all,ABOFN,OFN,2704,0.14285714285714285,1378
all,all,ABON2,ON2,2704,0.14285714285714285,1378
generation_scope,all,ABN3,N3,96,0.34285714285714286,96
generation_scope,all,ABO3,O3,184,0.6571428571428571,184
