scope,split,bin,rows,fraction,composition_groups
all,train,<=-0.50,2,0.00013207422571485174,2
all,train,"(-0.50,-0.25]",10,0.0006603711285742588,10
all,train,"(-0.25,0)",41,0.002707521627154461,41
all,train,zero,6,0.0003962226771445552,6
all,train,"(0,0.50]",802,0.05296176451165555,790
all,train,"(0.50,1]",3268,0.21580928481806774,2881
all,train,"(1,2]",8104,0.5351647625965793,5929
all,train,>2,2910,0.1921679984151093,2541
generation_scope,train,<=-0.50,2,0.008928571428571428,2
generation_scope,train,"(-0.50,-0.25]",9,0.04017857142857143,9
generation_scope,train,"(-0.25,0)",26,0.11607142857142858,26
generation_scope,train,zero,2,0.008928571428571428,2
generation_scope,train,"(0,0.50]",69,0.3080357142857143,69
generation_scope,train,"(0.50,1]",55,0.24553571428571427,55
generation_scope,train,"(1,2]",53,0.23660714285714285,53
generation_scope,train,>2,8,0.03571428571428571,8
all,val,<=-0.50,0,0.0,0
all,val,"(-0.50,-0.25]",2,0.0010565240359218173,2
all,val,"(-0.25,0)",6,0.003169572107765452,6
all,val,zero,0,0.0,0
all,val,"(0,0.50]",95,0.050184891706286316,95
all,val,"(0.50,1]",383,0.202324352879028,345
all,val,"(1,2]",1016,0.5367142102482831,740
all,val,>2,391,0.20655044902271527,329
generation_scope,val,<=-0.50,0,0.0,0
generation_scope,val,"(-0.50,-0.25]",2,0.0625,2
generation_scope,val,"(-0.25,0)",2,0.0625,2
generation_scope,val,zero,0,0.0,0
generation_scope,val,"(0,0.50]",7,0.21875,7
generation_scope,val,"(0.50,1]",9,0.28125,9
generation_scope,val,"(1,2]",10,0.3125,10
generation_scope,val,>2,2,0.0625,2
all,test,<=-0.50,1,0.0005285412262156448,1
all,test,"(-0.50,-0.25]",1,0.0005285412262156448,1
all,test,"(-0.25,0)",5,0.002642706131078224,5
all,test,zero,2,0.0010570824524312897,2
all,test,"(0,0.50]",88,0.046511627906976744,86
all,test,"(0.50,1]",391,0.20665961945031713,355
all,test,"(1,2]",1016,0.5369978858350951,745
all,test,>2,388,0.20507399577167018,349
generation_scope,test,<=-0.50,1,0.041666666666666664,1
generation_scope,test,"(-0.50,-0.25]",1,0.041666666666666664,1
generation_scope,test,"(-0.25,0)",2,0.08333333333333333,2
generation_scope,test,zero,0,0.0,0
generation_scope,test,"(0,0.50]",4,0.16666666666666666,4
generation_scope,test,"(0.50,1]",8,0.3333333333333333,8
generation_scope,test,"(1,2]",7,0.2916666666666667,7
generation_scope,test,>2,1,0.041666666666666664,1
all,all,<=-0.50,3,0.00015849535080304311,3
all,all,"(-0.50,-0.25]",13,0.0006868131868131869,13
all,all,"(-0.25,0)",52,0.0027472527472527475,52
all,all,zero,8,0.00042265426880811494,8
all,all,"(0,0.50]",985,0.05203930684699915,971
all,all,"(0.50,1]",4042,0.2135460693153001,3581
all,all,"(1,2]",10136,0.5355029585798816,7414
all,all,>2,3689,0.19489644970414202,3219
generation_scope,all,<=-0.50,3,0.010714285714285714,3
generation_scope,all,"(-0.50,-0.25]",12,0.04285714285714286,12
generation_scope,all,"(-0.25,0)",30,0.10714285714285714,30
generation_scope,all,zero,2,0.007142857142857143,2
generation_scope,all,"(0,0.50]",80,0.2857142857142857,80
generation_scope,all,"(0.50,1]",72,0.2571428571428571,72
generation_scope,all,"(1,2]",70,0.25,70
generation_scope,all,>2,11,0.039285714285714285,11
