scope,split,source_combination,gap_bin,rows,composition_groups,sparse_under_5_groups
all,train,ABN3,zero,2087,1073,False
all,train,ABN3,"(0,1]",12,12,False
all,train,ABN3,"(1,2]",4,4,True
all,train,ABN3,"(2,3]",0,0,True
all,train,ABN3,>3,0,0,True
all,train,ABO2F,zero,2058,1091,False
all,train,ABO2F,"(0,1]",14,14,False
all,train,ABO2F,"(1,2]",21,21,False
all,train,ABO2F,"(2,3]",17,17,False
all,train,ABO2F,>3,57,56,False
all,train,ABO2N,zero,2126,1117,False
all,train,ABO2N,"(0,1]",18,18,False
all,train,ABO2N,"(1,2]",28,28,False
all,train,ABO2N,"(2,3]",16,16,False
all,train,ABO2N,>3,7,7,False
all,train,ABO2S,zero,2058,1099,False
all,train,ABO2S,"(0,1]",39,38,False
all,train,ABO2S,"(1,2]",41,40,False
all,train,ABO2S,"(2,3]",38,37,False
all,train,ABO2S,>3,20,20,False
all,train,ABO3,zero,2042,1090,False
all,train,ABO3,"(0,1]",14,13,False
all,train,ABO3,"(1,2]",27,27,False
all,train,ABO3,"(2,3]",25,25,False
all,train,ABO3,>3,69,67,False
all,train,ABOFN,zero,2059,1081,False
all,train,ABOFN,"(0,1]",13,13,False
all,train,ABOFN,"(1,2]",34,34,False
all,train,ABOFN,"(2,3]",15,15,False
all,train,ABOFN,>3,5,5,False
all,train,ABON2,zero,2136,1101,False
all,train,ABON2,"(0,1]",9,9,False
all,train,ABON2,"(1,2]",21,21,False
all,train,ABON2,"(2,3]",12,11,False
all,train,ABON2,>3,1,1,True
generation_scope,train,ABN3,zero,72,72,False
generation_scope,train,ABN3,"(0,1]",1,1,True
generation_scope,train,ABN3,"(1,2]",0,0,True
generation_scope,train,ABN3,"(2,3]",0,0,True
generation_scope,train,ABN3,>3,0,0,True
generation_scope,train,ABO3,zero,125,125,False
generation_scope,train,ABO3,"(0,1]",1,1,True
generation_scope,train,ABO3,"(1,2]",1,1,True
generation_scope,train,ABO3,"(2,3]",3,3,True
generation_scope,train,ABO3,>3,21,21,False
all,val,ABN3,zero,347,178,False
all,val,ABN3,"(0,1]",3,3,True
all,val,ABN3,"(1,2]",0,0,True
all,val,ABN3,"(2,3]",0,0,True
all,val,ABN3,>3,0,0,True
all,val,ABO2F,zero,244,132,False
all,val,ABO2F,"(0,1]",3,3,True
all,val,ABO2F,"(1,2]",3,3,True
all,val,ABO2F,"(2,3]",2,2,True
all,val,ABO2F,>3,6,6,False
all,val,ABO2N,zero,212,114,False
all,val,ABO2N,"(0,1]",2,2,True
all,val,ABO2N,"(1,2]",3,3,True
all,val,ABO2N,"(2,3]",2,2,True
all,val,ABO2N,>3,2,2,True
all,val,ABO2S,zero,230,125,False
all,val,ABO2S,"(0,1]",8,8,False
all,val,ABO2S,"(1,2]",5,5,False
all,val,ABO2S,"(2,3]",2,2,True
all,val,ABO2S,>3,0,0,True
all,val,ABO3,zero,261,139,False
all,val,ABO3,"(0,1]",1,1,True
all,val,ABO3,"(1,2]",3,3,True
all,val,ABO3,"(2,3]",1,1,True
all,val,ABO3,>3,7,7,False
all,val,ABOFN,zero,265,142,False
all,val,ABOFN,"(0,1]",3,3,True
all,val,ABOFN,"(1,2]",9,9,False
all,val,ABOFN,"(2,3]",2,2,True
all,val,ABOFN,>3,1,1,True
all,val,ABON2,zero,262,134,False
all,val,ABON2,"(0,1]",2,2,True
all,val,ABON2,"(1,2]",2,2,True
all,val,ABON2,"(2,3]",0,0,True
all,val,ABON2,>3,0,0,True
generation_scope,val,ABN3,zero,12,12,False
generation_scope,val,ABN3,"(0,1]",0,0,True
generation_scope,val,ABN3,"(1,2]",0,0,True
generation_scope,val,ABN3,"(2,3]",0,0,True
generation_scope,val,ABN3,>3,0,0,True
generation_scope,val,ABO3,zero,19,19,False
generation_scope,val,ABO3,"(0,1]",0,0,True
generation_scope,val,ABO3,"(1,2]",1,1,True
generation_scope,val,ABO3,"(2,3]",0,0,True
generation_scope,val,ABO3,>3,0,0,True
all,test,ABN3,zero,247,127,False
all,test,ABN3,"(0,1]",3,3,True
all,test,ABN3,"(1,2]",1,1,True
all,test,ABN3,"(2,3]",0,0,True
all,test,ABN3,>3,0,0,True
all,test,ABO2F,zero,265,142,False
all,test,ABO2F,"(0,1]",1,1,True
all,test,ABO2F,"(1,2]",2,2,True
all,test,ABO2F,"(2,3]",4,4,True
all,test,ABO2F,>3,7,7,False
all,test,ABO2N,zero,272,144,False
all,test,ABO2N,"(0,1]",2,2,True
all,test,ABO2N,"(1,2]",7,7,False
all,test,ABO2N,"(2,3]",5,5,False
all,test,ABO2N,>3,2,2,True
all,test,ABO2S,zero,250,131,False
all,test,ABO2S,"(0,1]",3,3,True
all,test,ABO2S,"(1,2]",5,5,False
all,test,ABO2S,"(2,3]",3,3,True
all,test,ABO2S,>3,2,2,True
all,test,ABO3,zero,232,124,False
all,test,ABO3,"(0,1]",4,4,True
all,test,ABO3,"(1,2]",3,3,True
all,test,ABO3,"(2,3]",3,3,True
all,test,ABO3,>3,12,12,False
all,test,ABOFN,zero,290,151,False
all,test,ABOFN,"(0,1]",4,4,True
all,test,ABOFN,"(1,2]",4,4,True
all,test,ABOFN,"(2,3]",0,0,True
all,test,ABOFN,>3,0,0,True
all,test,ABON2,zero,250,134,False
all,test,ABON2,"(0,1]",3,3,True
all,test,ABON2,"(1,2]",5,5,False
all,test,ABON2,"(2,3]",0,0,True
all,test,ABON2,>3,1,1,True
generation_scope,test,ABN3,zero,11,11,False
generation_scope,test,ABN3,"(0,1]",0,0,True
generation_scope,test,ABN3,"(1,2]",0,0,True
generation_scope,test,ABN3,"(2,3]",0,0,True
generation_scope,test,ABN3,>3,0,0,True
generation_scope,test,ABO3,zero,11,11,False
generation_scope,test,ABO3,"(0,1]",0,0,True
generation_scope,test,ABO3,"(1,2]",0,0,True
generation_scope,test,ABO3,"(2,3]",0,0,True
generation_scope,test,ABO3,>3,2,2,True
all,all,ABN3,zero,2681,1378,False
all,all,ABN3,"(0,1]",18,18,False
all,all,ABN3,"(1,2]",5,5,False
all,all,ABN3,"(2,3]",0,0,True
all,all,ABN3,>3,0,0,True
all,all,ABO2F,zero,2567,1365,False
all,all,ABO2F,"(0,1]",18,18,False
all,all,ABO2F,"(1,2]",26,26,False
all,all,ABO2F,"(2,3]",23,23,False
all,all,ABO2F,>3,70,69,False
all,all,ABO2N,zero,2610,1375,False
all,all,ABO2N,"(0,1]",22,22,False
all,all,ABO2N,"(1,2]",38,38,False
all,all,ABO2N,"(2,3]",23,23,False
all,all,ABO2N,>3,11,11,False
all,all,ABO2S,zero,2538,1355,False
all,all,ABO2S,"(0,1]",50,49,False
all,all,ABO2S,"(1,2]",51,50,False
all,all,ABO2S,"(2,3]",43,42,False
all,all,ABO2S,>3,22,22,False
all,all,ABO3,zero,2535,1353,False
all,all,ABO3,"(0,1]",19,18,False
all,all,ABO3,"(1,2]",33,33,False
all,all,ABO3,"(2,3]",29,29,False
all,all,ABO3,>3,88,86,False
all,all,ABOFN,zero,2614,1374,False
all,all,ABOFN,"(0,1]",20,20,False
all,all,ABOFN,"(1,2]",47,47,False
all,all,ABOFN,"(2,3]",17,17,False
all,all,ABOFN,>3,6,6,False
all,all,ABON2,zero,2648,1369,False
all,all,ABON2,"(0,1]",14,14,False
all,all,ABON2,"(1,2]",28,28,False
all,all,ABON2,"(2,3]",12,11,False
all,all,ABON2,>3,2,2,True
generation_scope,all,ABN3,zero,95,95,False
generation_scope,all,ABN3,"(0,1]",1,1,True
generation_scope,all,ABN3,"(1,2]",0,0,True
generation_scope,all,ABN3,"(2,3]",0,0,True
generation_scope,all,ABN3,>3,0,0,True
generation_scope,all,ABO3,zero,155,155,False
generation_scope,all,ABO3,"(0,1]",1,1,True
generation_scope,all,ABO3,"(1,2]",2,2,True
generation_scope,all,ABO3,"(2,3]",3,3,True
generation_scope,all,ABO3,>3,23,23,False
