latent_path,grouping,condition,decode_calls,N_attempt,N_constructed,N_pass,N_unique_composition,N_unique_accepted_AB,N_unique_structure_signature,N_unique_structure_matcher_scale_false,acceptance_yield,unique_accepted_yield,unique_accepted_AB_yield,conditional_uniqueness,conditional_AB_uniqueness,dominant_accepted_composition_fraction,dominant_accepted_AB_fraction,accepted_AB_counts,attempt_source_AB_recovery_count,attempt_source_AB_recovery_rate,passed_source_AB_recovery_count,passed_source_AB_recovery_rate,attempt_source_exact_composition_recovery_count,attempt_source_exact_composition_recovery_rate,rejection_stage_counts,source_A_recoveries,source_B_recoveries,source_AB_recoveries,source_exact_composition_recoveries,all_endpoints_match_baseline
joint,pooled,all,60,370,34,33,10,10,10,10,0.0891891891891892,0.02702702702702703,0.02702702702702703,0.30303030303030304,0.30303030303030304,0.36363636363636365,0.36363636363636365,"{""Ba|Ge"": 1, ""Ba|Mn"": 4, ""Ba|Ti"": 2, ""Ba|V"": 12, ""Ba|Zr"": 2, ""La|Co"": 1, ""La|Fe"": 4, ""Na|Nb"": 3, ""Rb|Nb"": 3, ""Sr|Ti"": 1}",0,0.0,0,0.0,0,0.0,"{""charge_compatible_A"": 336, ""tolerance/mu"": 1}",4,3,0,0,True
joint,family,nitride,27,324,0,0,0,0,0,0,0.0,0.0,0.0,,,,,{},0,0.0,0,0.0,0,0.0,"{""charge_compatible_A"": 324}",0,0,0,0,True
joint,family,oxide,33,46,34,33,10,10,10,10,0.717391304347826,0.21739130434782608,0.21739130434782608,0.30303030303030304,0.30303030303030304,0.36363636363636365,0.36363636363636365,"{""Ba|Ge"": 1, ""Ba|Mn"": 4, ""Ba|Ti"": 2, ""Ba|V"": 12, ""Ba|Zr"": 2, ""La|Co"": 1, ""La|Fe"": 4, ""Na|Nb"": 3, ""Rb|Nb"": 3, ""Sr|Ti"": 1}",0,0.0,0,0.0,0,0.0,"{""charge_compatible_A"": 12, ""tolerance/mu"": 1}",4,3,0,0,True
joint,material_id,cmr_11dacddcba738021fcb7a8ad9b578f91,3,36,0,0,0,0,0,0,0.0,0.0,0.0,,,,,{},0,0.0,0,0.0,0,0.0,"{""charge_compatible_A"": 36}",0,0,0,0,True
joint,material_id,cmr_1ec1f206bf87de79380756d894cc7bc2,3,3,3,3,1,1,1,1,1.0,0.3333333333333333,0.3333333333333333,0.3333333333333333,0.3333333333333333,1.0,1.0,"{""Ba|V"": 3}",0,0.0,0,0.0,0,0.0,{},0,0,0,0,True
joint,material_id,cmr_20c9853b450e146b0e608362fc2f56d9,3,5,3,3,1,1,1,1,0.6,0.2,0.2,0.3333333333333333,0.3333333333333333,1.0,1.0,"{""Ba|V"": 3}",0,0.0,0,0.0,0,0.0,"{""charge_compatible_A"": 2}",3,0,0,0,True
joint,material_id,cmr_46250f00f7e8fa01346da84ec7156cba,3,3,3,3,3,3,3,3,1.0,1.0,1.0,1.0,1.0,0.3333333333333333,0.3333333333333333,"{""Ba|Ge"": 1, ""Ba|Mn"": 1, ""La|Co"": 1}",0,0.0,0,0.0,0,0.0,{},0,0,0,0,True
joint,material_id,cmr_48e3dd02e3ba06e1f0ac4ae4a0ccb197,3,5,3,3,1,1,1,1,0.6,0.2,0.2,0.3333333333333333,0.3333333333333333,1.0,1.0,"{""Na|Nb"": 3}",0,0.0,0,0.0,0,0.0,"{""charge_compatible_A"": 2}",0,0,0,0,True
joint,material_id,cmr_4a1084fcbabc2f7e867be309d49cbe2b,3,4,4,3,1,1,1,1,0.75,0.25,0.25,0.3333333333333333,0.3333333333333333,1.0,1.0,"{""Ba|V"": 3}",0,0.0,0,0.0,0,0.0,"{""tolerance/mu"": 1}",0,3,0,0,True
joint,material_id,cmr_5a86c2636813d6b401520d96410cc7c7,3,36,0,0,0,0,0,0,0.0,0.0,0.0,,,,,{},0,0.0,0,0.0,0,0.0,"{""charge_compatible_A"": 36}",0,0,0,0,True
joint,material_id,cmr_64d9953c18e416a7e01500249a2bbe8d,3,11,3,3,1,1,1,1,0.2727272727272727,0.09090909090909091,0.09090909090909091,0.3333333333333333,0.3333333333333333,1.0,1.0,"{""Rb|Nb"": 3}",0,0.0,0,0.0,0,0.0,"{""charge_compatible_A"": 8}",0,0,0,0,True
joint,material_id,cmr_682785369aa2b3971943559ce4e3b0ca,3,3,3,3,2,2,2,2,1.0,0.6666666666666666,0.6666666666666666,0.6666666666666666,0.6666666666666666,0.6666666666666666,0.6666666666666666,"{""Ba|Zr"": 2, ""La|Fe"": 1}",0,0.0,0,0.0,0,0.0,{},1,0,0,0,True
joint,material_id,cmr_78c26d513a55ceb0d9345ce3cdf39c24,3,3,3,3,1,1,1,1,1.0,0.3333333333333333,0.3333333333333333,0.3333333333333333,0.3333333333333333,1.0,1.0,"{""La|Fe"": 3}",0,0.0,0,0.0,0,0.0,{},0,0,0,0,True
joint,material_id,cmr_898ee445e8ccfce566bb0883e7821189,3,36,0,0,0,0,0,0,0.0,0.0,0.0,,,,,{},0,0.0,0,0.0,0,0.0,"{""charge_compatible_A"": 36}",0,0,0,0,True
joint,material_id,cmr_92838ea148c813c166057e99bfae3d39,3,36,0,0,0,0,0,0,0.0,0.0,0.0,,,,,{},0,0.0,0,0.0,0,0.0,"{""charge_compatible_A"": 36}",0,0,0,0,True
joint,material_id,cmr_9747df17e8f2ed98427d905413929dd6,3,36,0,0,0,0,0,0,0.0,0.0,0.0,,,,,{},0,0.0,0,0.0,0,0.0,"{""charge_compatible_A"": 36}",0,0,0,0,True
joint,material_id,cmr_98f26503186c693384501157616036cb,3,36,0,0,0,0,0,0,0.0,0.0,0.0,,,,,{},0,0.0,0,0.0,0,0.0,"{""charge_compatible_A"": 36}",0,0,0,0,True
joint,material_id,cmr_a36c62d0c7f3713321685a5cb6488f21,3,3,3,3,1,1,1,1,1.0,0.3333333333333333,0.3333333333333333,0.3333333333333333,0.3333333333333333,1.0,1.0,"{""Ba|Mn"": 3}",0,0.0,0,0.0,0,0.0,{},0,0,0,0,True
joint,material_id,cmr_bd8c8bb480ad1e9422f4b5cd79215eba,3,3,3,3,1,1,1,1,1.0,0.3333333333333333,0.3333333333333333,0.3333333333333333,0.3333333333333333,1.0,1.0,"{""Ba|V"": 3}",0,0.0,0,0.0,0,0.0,{},0,0,0,0,True
joint,material_id,cmr_bf604be7ac3009a8fed955cf6716a2df,3,36,0,0,0,0,0,0,0.0,0.0,0.0,,,,,{},0,0.0,0,0.0,0,0.0,"{""charge_compatible_A"": 36}",0,0,0,0,True
joint,material_id,cmr_dbcef27061099822569740c11818d051,3,3,3,3,2,2,2,2,1.0,0.6666666666666666,0.6666666666666666,0.6666666666666666,0.6666666666666666,0.6666666666666666,0.6666666666666666,"{""Ba|Ti"": 2, ""Sr|Ti"": 1}",0,0.0,0,0.0,0,0.0,{},0,0,0,0,True
joint,material_id,cmr_e8bb6f6ece3b11691f6fbdf699fa676a,3,36,0,0,0,0,0,0,0.0,0.0,0.0,,,,,{},0,0.0,0,0.0,0,0.0,"{""charge_compatible_A"": 36}",0,0,0,0,True
joint,material_id,cmr_fa3beecfda0e2ee6c4c5dd7cb9227cca,3,36,0,0,0,0,0,0,0.0,0.0,0.0,,,,,{},0,0.0,0,0.0,0,0.0,"{""charge_compatible_A"": 36}",0,0,0,0,True
fixed_real,pooled,all,60,357,33,33,1,1,1,1,0.09243697478991597,0.0028011204481792717,0.0028011204481792717,0.030303030303030304,0.030303030303030304,1.0,1.0,"{""Ca|Ti"": 33}",0,0.0,0,0.0,0,0.0,"{""charge_compatible_A"": 324}",3,0,0,0,True
fixed_real,family,nitride,27,324,0,0,0,0,0,0,0.0,0.0,0.0,,,,,{},0,0.0,0,0.0,0,0.0,"{""charge_compatible_A"": 324}",0,0,0,0,True
fixed_real,family,oxide,33,33,33,33,1,1,1,1,1.0,0.030303030303030304,0.030303030303030304,0.030303030303030304,0.030303030303030304,1.0,1.0,"{""Ca|Ti"": 33}",0,0.0,0,0.0,0,0.0,{},3,0,0,0,True
fixed_real,material_id,cmr_11dacddcba738021fcb7a8ad9b578f91,3,36,0,0,0,0,0,0,0.0,0.0,0.0,,,,,{},0,0.0,0,0.0,0,0.0,"{""charge_compatible_A"": 36}",0,0,0,0,True
fixed_real,material_id,cmr_1ec1f206bf87de79380756d894cc7bc2,3,3,3,3,1,1,1,1,1.0,0.3333333333333333,0.3333333333333333,0.3333333333333333,0.3333333333333333,1.0,1.0,"{""Ca|Ti"": 3}",0,0.0,0,0.0,0,0.0,{},0,0,0,0,True
fixed_real,material_id,cmr_20c9853b450e146b0e608362fc2f56d9,3,3,3,3,1,1,1,1,1.0,0.3333333333333333,0.3333333333333333,0.3333333333333333,0.3333333333333333,1.0,1.0,"{""Ca|Ti"": 3}",0,0.0,0,0.0,0,0.0,{},0,0,0,0,True
fixed_real,material_id,cmr_46250f00f7e8fa01346da84ec7156cba,3,3,3,3,1,1,1,1,1.0,0.3333333333333333,0.3333333333333333,0.3333333333333333,0.3333333333333333,1.0,1.0,"{""Ca|Ti"": 3}",0,0.0,0,0.0,0,0.0,{},0,0,0,0,True
fixed_real,material_id,cmr_48e3dd02e3ba06e1f0ac4ae4a0ccb197,3,3,3,3,1,1,1,1,1.0,0.3333333333333333,0.3333333333333333,0.3333333333333333,0.3333333333333333,1.0,1.0,"{""Ca|Ti"": 3}",0,0.0,0,0.0,0,0.0,{},0,0,0,0,True
fixed_real,material_id,cmr_4a1084fcbabc2f7e867be309d49cbe2b,3,3,3,3,1,1,1,1,1.0,0.3333333333333333,0.3333333333333333,0.3333333333333333,0.3333333333333333,1.0,1.0,"{""Ca|Ti"": 3}",0,0.0,0,0.0,0,0.0,{},0,0,0,0,True
fixed_real,material_id,cmr_5a86c2636813d6b401520d96410cc7c7,3,36,0,0,0,0,0,0,0.0,0.0,0.0,,,,,{},0,0.0,0,0.0,0,0.0,"{""charge_compatible_A"": 36}",0,0,0,0,True
fixed_real,material_id,cmr_64d9953c18e416a7e01500249a2bbe8d,3,3,3,3,1,1,1,1,1.0,0.3333333333333333,0.3333333333333333,0.3333333333333333,0.3333333333333333,1.0,1.0,"{""Ca|Ti"": 3}",0,0.0,0,0.0,0,0.0,{},3,0,0,0,True
fixed_real,material_id,cmr_682785369aa2b3971943559ce4e3b0ca,3,3,3,3,1,1,1,1,1.0,0.3333333333333333,0.3333333333333333,0.3333333333333333,0.3333333333333333,1.0,1.0,"{""Ca|Ti"": 3}",0,0.0,0,0.0,0,0.0,{},0,0,0,0,True
fixed_real,material_id,cmr_78c26d513a55ceb0d9345ce3cdf39c24,3,3,3,3,1,1,1,1,1.0,0.3333333333333333,0.3333333333333333,0.3333333333333333,0.3333333333333333,1.0,1.0,"{""Ca|Ti"": 3}",0,0.0,0,0.0,0,0.0,{},0,0,0,0,True
fixed_real,material_id,cmr_898ee445e8ccfce566bb0883e7821189,3,36,0,0,0,0,0,0,0.0,0.0,0.0,,,,,{},0,0.0,0,0.0,0,0.0,"{""charge_compatible_A"": 36}",0,0,0,0,True
fixed_real,material_id,cmr_92838ea148c813c166057e99bfae3d39,3,36,0,0,0,0,0,0,0.0,0.0,0.0,,,,,{},0,0.0,0,0.0,0,0.0,"{""charge_compatible_A"": 36}",0,0,0,0,True
fixed_real,material_id,cmr_9747df17e8f2ed98427d905413929dd6,3,36,0,0,0,0,0,0,0.0,0.0,0.0,,,,,{},0,0.0,0,0.0,0,0.0,"{""charge_compatible_A"": 36}",0,0,0,0,True
fixed_real,material_id,cmr_98f26503186c693384501157616036cb,3,36,0,0,0,0,0,0,0.0,0.0,0.0,,,,,{},0,0.0,0,0.0,0,0.0,"{""charge_compatible_A"": 36}",0,0,0,0,True
fixed_real,material_id,cmr_a36c62d0c7f3713321685a5cb6488f21,3,3,3,3,1,1,1,1,1.0,0.3333333333333333,0.3333333333333333,0.3333333333333333,0.3333333333333333,1.0,1.0,"{""Ca|Ti"": 3}",0,0.0,0,0.0,0,0.0,{},0,0,0,0,True
fixed_real,material_id,cmr_bd8c8bb480ad1e9422f4b5cd79215eba,3,3,3,3,1,1,1,1,1.0,0.3333333333333333,0.3333333333333333,0.3333333333333333,0.3333333333333333,1.0,1.0,"{""Ca|Ti"": 3}",0,0.0,0,0.0,0,0.0,{},0,0,0,0,True
fixed_real,material_id,cmr_bf604be7ac3009a8fed955cf6716a2df,3,36,0,0,0,0,0,0,0.0,0.0,0.0,,,,,{},0,0.0,0,0.0,0,0.0,"{""charge_compatible_A"": 36}",0,0,0,0,True
fixed_real,material_id,cmr_dbcef27061099822569740c11818d051,3,3,3,3,1,1,1,1,1.0,0.3333333333333333,0.3333333333333333,0.3333333333333333,0.3333333333333333,1.0,1.0,"{""Ca|Ti"": 3}",0,0.0,0,0.0,0,0.0,{},0,0,0,0,True
fixed_real,material_id,cmr_e8bb6f6ece3b11691f6fbdf699fa676a,3,36,0,0,0,0,0,0,0.0,0.0,0.0,,,,,{},0,0.0,0,0.0,0,0.0,"{""charge_compatible_A"": 36}",0,0,0,0,True
fixed_real,material_id,cmr_fa3beecfda0e2ee6c4c5dd7cb9227cca,3,36,0,0,0,0,0,0,0.0,0.0,0.0,,,,,{},0,0.0,0,0.0,0,0.0,"{""charge_compatible_A"": 36}",0,0,0,0,True
property,pooled,all,60,358,33,33,4,4,4,4,0.09217877094972067,0.0111731843575419,0.0111731843575419,0.12121212121212122,0.12121212121212122,0.696969696969697,0.696969696969697,"{""Ba|Ge"": 8, ""Ba|Ti"": 23, ""Ba|Zr"": 1, ""Cs|Nb"": 1}",0,0.0,0,0.0,0,0.0,"{""charge_compatible_A"": 325}",4,0,0,0,True
property,family,nitride,27,324,0,0,0,0,0,0,0.0,0.0,0.0,,,,,{},0,0.0,0,0.0,0,0.0,"{""charge_compatible_A"": 324}",0,0,0,0,True
property,family,oxide,33,34,33,33,4,4,4,4,0.9705882352941176,0.11764705882352941,0.11764705882352941,0.12121212121212122,0.12121212121212122,0.696969696969697,0.696969696969697,"{""Ba|Ge"": 8, ""Ba|Ti"": 23, ""Ba|Zr"": 1, ""Cs|Nb"": 1}",0,0.0,0,0.0,0,0.0,"{""charge_compatible_A"": 1}",4,0,0,0,True
property,material_id,cmr_11dacddcba738021fcb7a8ad9b578f91,3,36,0,0,0,0,0,0,0.0,0.0,0.0,,,,,{},0,0.0,0,0.0,0,0.0,"{""charge_compatible_A"": 36}",0,0,0,0,True
property,material_id,cmr_1ec1f206bf87de79380756d894cc7bc2,3,3,3,3,1,1,1,1,1.0,0.3333333333333333,0.3333333333333333,0.3333333333333333,0.3333333333333333,1.0,1.0,"{""Ba|Ge"": 3}",0,0.0,0,0.0,0,0.0,{},0,0,0,0,True
property,material_id,cmr_20c9853b450e146b0e608362fc2f56d9,3,3,3,3,2,2,2,2,1.0,0.6666666666666666,0.6666666666666666,0.6666666666666666,0.6666666666666666,0.6666666666666666,0.6666666666666666,"{""Ba|Ti"": 2, ""Ba|Zr"": 1}",0,0.0,0,0.0,0,0.0,{},3,0,0,0,True
property,material_id,cmr_46250f00f7e8fa01346da84ec7156cba,3,3,3,3,1,1,1,1,1.0,0.3333333333333333,0.3333333333333333,0.3333333333333333,0.3333333333333333,1.0,1.0,"{""Ba|Ti"": 3}",0,0.0,0,0.0,0,0.0,{},0,0,0,0,True
property,material_id,cmr_48e3dd02e3ba06e1f0ac4ae4a0ccb197,3,3,3,3,1,1,1,1,1.0,0.3333333333333333,0.3333333333333333,0.3333333333333333,0.3333333333333333,1.0,1.0,"{""Ba|Ti"": 3}",0,0.0,0,0.0,0,0.0,{},0,0,0,0,True
property,material_id,cmr_4a1084fcbabc2f7e867be309d49cbe2b,3,4,3,3,1,1,1,1,0.75,0.25,0.25,0.3333333333333333,0.3333333333333333,1.0,1.0,"{""Ba|Ge"": 3}",0,0.0,0,0.0,0,0.0,"{""charge_compatible_A"": 1}",0,0,0,0,True
property,material_id,cmr_5a86c2636813d6b401520d96410cc7c7,3,36,0,0,0,0,0,0,0.0,0.0,0.0,,,,,{},0,0.0,0,0.0,0,0.0,"{""charge_compatible_A"": 36}",0,0,0,0,True
property,material_id,cmr_64d9953c18e416a7e01500249a2bbe8d,3,3,3,3,1,1,1,1,1.0,0.3333333333333333,0.3333333333333333,0.3333333333333333,0.3333333333333333,1.0,1.0,"{""Ba|Ti"": 3}",0,0.0,0,0.0,0,0.0,{},0,0,0,0,True
property,material_id,cmr_682785369aa2b3971943559ce4e3b0ca,3,3,3,3,1,1,1,1,1.0,0.3333333333333333,0.3333333333333333,0.3333333333333333,0.3333333333333333,1.0,1.0,"{""Ba|Ti"": 3}",0,0.0,0,0.0,0,0.0,{},0,0,0,0,True
property,material_id,cmr_78c26d513a55ceb0d9345ce3cdf39c24,3,3,3,3,1,1,1,1,1.0,0.3333333333333333,0.3333333333333333,0.3333333333333333,0.3333333333333333,1.0,1.0,"{""Ba|Ti"": 3}",0,0.0,0,0.0,0,0.0,{},0,0,0,0,True
property,material_id,cmr_898ee445e8ccfce566bb0883e7821189,3,36,0,0,0,0,0,0,0.0,0.0,0.0,,,,,{},0,0.0,0,0.0,0,0.0,"{""charge_compatible_A"": 36}",0,0,0,0,True
property,material_id,cmr_92838ea148c813c166057e99bfae3d39,3,36,0,0,0,0,0,0,0.0,0.0,0.0,,,,,{},0,0.0,0,0.0,0,0.0,"{""charge_compatible_A"": 36}",0,0,0,0,True
property,material_id,cmr_9747df17e8f2ed98427d905413929dd6,3,36,0,0,0,0,0,0,0.0,0.0,0.0,,,,,{},0,0.0,0,0.0,0,0.0,"{""charge_compatible_A"": 36}",0,0,0,0,True
property,material_id,cmr_98f26503186c693384501157616036cb,3,36,0,0,0,0,0,0,0.0,0.0,0.0,,,,,{},0,0.0,0,0.0,0,0.0,"{""charge_compatible_A"": 36}",0,0,0,0,True
property,material_id,cmr_a36c62d0c7f3713321685a5cb6488f21,3,3,3,3,1,1,1,1,1.0,0.3333333333333333,0.3333333333333333,0.3333333333333333,0.3333333333333333,1.0,1.0,"{""Ba|Ti"": 3}",0,0.0,0,0.0,0,0.0,{},0,0,0,0,True
property,material_id,cmr_bd8c8bb480ad1e9422f4b5cd79215eba,3,3,3,3,2,2,2,2,1.0,0.6666666666666666,0.6666666666666666,0.6666666666666666,0.6666666666666666,0.6666666666666666,0.6666666666666666,"{""Ba|Ge"": 2, ""Cs|Nb"": 1}",0,0.0,0,0.0,0,0.0,{},1,0,0,0,True
property,material_id,cmr_bf604be7ac3009a8fed955cf6716a2df,3,36,0,0,0,0,0,0,0.0,0.0,0.0,,,,,{},0,0.0,0,0.0,0,0.0,"{""charge_compatible_A"": 36}",0,0,0,0,True
property,material_id,cmr_dbcef27061099822569740c11818d051,3,3,3,3,1,1,1,1,1.0,0.3333333333333333,0.3333333333333333,0.3333333333333333,0.3333333333333333,1.0,1.0,"{""Ba|Ti"": 3}",0,0.0,0,0.0,0,0.0,{},0,0,0,0,True
property,material_id,cmr_e8bb6f6ece3b11691f6fbdf699fa676a,3,36,0,0,0,0,0,0,0.0,0.0,0.0,,,,,{},0,0.0,0,0.0,0,0.0,"{""charge_compatible_A"": 36}",0,0,0,0,True
property,material_id,cmr_fa3beecfda0e2ee6c4c5dd7cb9227cca,3,36,0,0,0,0,0,0,0.0,0.0,0.0,,,,,{},0,0.0,0,0.0,0,0.0,"{""charge_compatible_A"": 36}",0,0,0,0,True
crystal,pooled,all,60,502,269,23,7,7,7,7,0.045816733067729085,0.013944223107569721,0.013944223107569721,0.30434782608695654,0.30434782608695654,0.2608695652173913,0.2608695652173913,"{""Ba|Pb"": 3, ""Ba|Ti"": 5, ""Ba|V"": 4, ""La|Al"": 3, ""Na|Nb"": 6, ""Na|V"": 1, ""Sr|Ti"": 1}",0,0.0,0,0.0,0,0.0,"{""charge_compatible_A"": 233, ""tolerance/mu"": 246}",1,2,0,0,True
crystal,family,nitride,27,324,91,0,0,0,0,0,0.0,0.0,0.0,,,,,{},0,0.0,0,0.0,0,0.0,"{""charge_compatible_A"": 233, ""tolerance/mu"": 91}",0,0,0,0,True
crystal,family,oxide,33,178,178,23,7,7,7,7,0.12921348314606743,0.03932584269662921,0.03932584269662921,0.30434782608695654,0.30434782608695654,0.2608695652173913,0.2608695652173913,"{""Ba|Pb"": 3, ""Ba|Ti"": 5, ""Ba|V"": 4, ""La|Al"": 3, ""Na|Nb"": 6, ""Na|V"": 1, ""Sr|Ti"": 1}",0,0.0,0,0.0,0,0.0,"{""tolerance/mu"": 155}",1,2,0,0,True
crystal,material_id,cmr_11dacddcba738021fcb7a8ad9b578f91,3,36,0,0,0,0,0,0,0.0,0.0,0.0,,,,,{},0,0.0,0,0.0,0,0.0,"{""charge_compatible_A"": 36}",0,0,0,0,True
crystal,material_id,cmr_1ec1f206bf87de79380756d894cc7bc2,3,11,11,3,2,2,2,2,0.2727272727272727,0.18181818181818182,0.18181818181818182,0.6666666666666666,0.6666666666666666,0.6666666666666666,0.6666666666666666,"{""Ba|V"": 2, ""Na|V"": 1}",0,0.0,0,0.0,0,0.0,"{""tolerance/mu"": 8}",0,0,0,0,True
crystal,material_id,cmr_20c9853b450e146b0e608362fc2f56d9,3,3,3,3,1,1,1,1,1.0,0.3333333333333333,0.3333333333333333,0.3333333333333333,0.3333333333333333,1.0,1.0,"{""Na|Nb"": 3}",0,0.0,0,0.0,0,0.0,{},0,0,0,0,True
crystal,material_id,cmr_46250f00f7e8fa01346da84ec7156cba,3,4,4,3,2,2,2,2,0.75,0.5,0.5,0.6666666666666666,0.6666666666666666,0.6666666666666666,0.6666666666666666,"{""Ba|Ti"": 2, ""Sr|Ti"": 1}",0,0.0,0,0.0,0,0.0,"{""tolerance/mu"": 1}",1,0,0,0,True
crystal,material_id,cmr_48e3dd02e3ba06e1f0ac4ae4a0ccb197,3,36,36,0,0,0,0,0,0.0,0.0,0.0,,,,,{},0,0.0,0,0.0,0,0.0,"{""tolerance/mu"": 36}",0,0,0,0,True
crystal,material_id,cmr_4a1084fcbabc2f7e867be309d49cbe2b,3,24,24,2,1,1,1,1,0.08333333333333333,0.041666666666666664,0.041666666666666664,0.5,0.5,1.0,1.0,"{""Ba|V"": 2}",0,0.0,0,0.0,0,0.0,"{""tolerance/mu"": 22}",0,2,0,0,True
crystal,material_id,cmr_5a86c2636813d6b401520d96410cc7c7,3,36,0,0,0,0,0,0,0.0,0.0,0.0,,,,,{},0,0.0,0,0.0,0,0.0,"{""charge_compatible_A"": 36}",0,0,0,0,True
crystal,material_id,cmr_64d9953c18e416a7e01500249a2bbe8d,3,5,5,3,1,1,1,1,0.6,0.2,0.2,0.3333333333333333,0.3333333333333333,1.0,1.0,"{""Na|Nb"": 3}",0,0.0,0,0.0,0,0.0,"{""tolerance/mu"": 2}",0,0,0,0,True
crystal,material_id,cmr_682785369aa2b3971943559ce4e3b0ca,3,13,13,3,1,1,1,1,0.23076923076923078,0.07692307692307693,0.07692307692307693,0.3333333333333333,0.3333333333333333,1.0,1.0,"{""Ba|Pb"": 3}",0,0.0,0,0.0,0,0.0,"{""tolerance/mu"": 10}",0,0,0,0,True
crystal,material_id,cmr_78c26d513a55ceb0d9345ce3cdf39c24,3,3,3,3,1,1,1,1,1.0,0.3333333333333333,0.3333333333333333,0.3333333333333333,0.3333333333333333,1.0,1.0,"{""Ba|Ti"": 3}",0,0.0,0,0.0,0,0.0,{},0,0,0,0,True
crystal,material_id,cmr_898ee445e8ccfce566bb0883e7821189,3,36,36,0,0,0,0,0,0.0,0.0,0.0,,,,,{},0,0.0,0,0.0,0,0.0,"{""tolerance/mu"": 36}",0,0,0,0,True
crystal,material_id,cmr_92838ea148c813c166057e99bfae3d39,3,36,0,0,0,0,0,0,0.0,0.0,0.0,,,,,{},0,0.0,0,0.0,0,0.0,"{""charge_compatible_A"": 36}",0,0,0,0,True
crystal,material_id,cmr_9747df17e8f2ed98427d905413929dd6,3,36,0,0,0,0,0,0,0.0,0.0,0.0,,,,,{},0,0.0,0,0.0,0,0.0,"{""charge_compatible_A"": 36}",0,0,0,0,True
crystal,material_id,cmr_98f26503186c693384501157616036cb,3,36,31,0,0,0,0,0,0.0,0.0,0.0,,,,,{},0,0.0,0,0.0,0,0.0,"{""charge_compatible_A"": 5, ""tolerance/mu"": 31}",0,0,0,0,True
crystal,material_id,cmr_a36c62d0c7f3713321685a5cb6488f21,3,36,36,0,0,0,0,0,0.0,0.0,0.0,,,,,{},0,0.0,0,0.0,0,0.0,"{""tolerance/mu"": 36}",0,0,0,0,True
crystal,material_id,cmr_bd8c8bb480ad1e9422f4b5cd79215eba,3,36,36,0,0,0,0,0,0.0,0.0,0.0,,,,,{},0,0.0,0,0.0,0,0.0,"{""tolerance/mu"": 36}",0,0,0,0,True
crystal,material_id,cmr_bf604be7ac3009a8fed955cf6716a2df,3,36,24,0,0,0,0,0,0.0,0.0,0.0,,,,,{},0,0.0,0,0.0,0,0.0,"{""charge_compatible_A"": 12, ""tolerance/mu"": 24}",0,0,0,0,True
crystal,material_id,cmr_dbcef27061099822569740c11818d051,3,7,7,3,1,1,1,1,0.42857142857142855,0.14285714285714285,0.14285714285714285,0.3333333333333333,0.3333333333333333,1.0,1.0,"{""La|Al"": 3}",0,0.0,0,0.0,0,0.0,"{""tolerance/mu"": 4}",0,0,0,0,True
crystal,material_id,cmr_e8bb6f6ece3b11691f6fbdf699fa676a,3,36,0,0,0,0,0,0,0.0,0.0,0.0,,,,,{},0,0.0,0,0.0,0,0.0,"{""charge_compatible_A"": 36}",0,0,0,0,True
crystal,material_id,cmr_fa3beecfda0e2ee6c4c5dd7cb9227cca,3,36,0,0,0,0,0,0,0.0,0.0,0.0,,,,,{},0,0.0,0,0.0,0,0.0,"{""charge_compatible_A"": 36}",0,0,0,0,True
joint_perturb_0p01,pooled,all,60,377,32,32,9,9,9,9,0.08488063660477453,0.023872679045092837,0.023872679045092837,0.28125,0.28125,0.34375,0.34375,"{""Ba|Ge"": 1, ""Ba|Mn"": 4, ""Ba|Ti"": 5, ""Ba|V"": 11, ""Ba|Zr"": 2, ""La|Co"": 1, ""La|Fe"": 3, ""Na|Nb"": 3, ""Rb|Nb"": 2}",0,0.0,0,0.0,0,0.0,"{""charge_compatible_A"": 345}",3,2,0,0,True
joint_perturb_0p01,family,nitride,27,324,0,0,0,0,0,0,0.0,0.0,0.0,,,,,{},0,0.0,0,0.0,0,0.0,"{""charge_compatible_A"": 324}",0,0,0,0,True
joint_perturb_0p01,family,oxide,33,53,32,32,9,9,9,9,0.6037735849056604,0.16981132075471697,0.16981132075471697,0.28125,0.28125,0.34375,0.34375,"{""Ba|Ge"": 1, ""Ba|Mn"": 4, ""Ba|Ti"": 5, ""Ba|V"": 11, ""Ba|Zr"": 2, ""La|Co"": 1, ""La|Fe"": 3, ""Na|Nb"": 3, ""Rb|Nb"": 2}",0,0.0,0,0.0,0,0.0,"{""charge_compatible_A"": 21}",3,2,0,0,True
joint_perturb_0p01,material_id,cmr_11dacddcba738021fcb7a8ad9b578f91,3,36,0,0,0,0,0,0,0.0,0.0,0.0,,,,,{},0,0.0,0,0.0,0,0.0,"{""charge_compatible_A"": 36}",0,0,0,0,True
joint_perturb_0p01,material_id,cmr_1ec1f206bf87de79380756d894cc7bc2,3,3,3,3,1,1,1,1,1.0,0.3333333333333333,0.3333333333333333,0.3333333333333333,0.3333333333333333,1.0,1.0,"{""Ba|V"": 3}",0,0.0,0,0.0,0,0.0,{},0,0,0,0,True
joint_perturb_0p01,material_id,cmr_20c9853b450e146b0e608362fc2f56d9,3,5,3,3,1,1,1,1,0.6,0.2,0.2,0.3333333333333333,0.3333333333333333,1.0,1.0,"{""Ba|V"": 3}",0,0.0,0,0.0,0,0.0,"{""charge_compatible_A"": 2}",3,0,0,0,True
joint_perturb_0p01,material_id,cmr_46250f00f7e8fa01346da84ec7156cba,3,3,3,3,3,3,3,3,1.0,1.0,1.0,1.0,1.0,0.3333333333333333,0.3333333333333333,"{""Ba|Ge"": 1, ""Ba|Mn"": 1, ""La|Co"": 1}",0,0.0,0,0.0,0,0.0,{},0,0,0,0,True
joint_perturb_0p01,material_id,cmr_48e3dd02e3ba06e1f0ac4ae4a0ccb197,3,5,3,3,1,1,1,1,0.6,0.2,0.2,0.3333333333333333,0.3333333333333333,1.0,1.0,"{""Na|Nb"": 3}",0,0.0,0,0.0,0,0.0,"{""charge_compatible_A"": 2}",0,0,0,0,True
joint_perturb_0p01,material_id,cmr_4a1084fcbabc2f7e867be309d49cbe2b,3,3,3,3,2,2,2,2,1.0,0.6666666666666666,0.6666666666666666,0.6666666666666666,0.6666666666666666,0.6666666666666666,0.6666666666666666,"{""Ba|Ti"": 1, ""Ba|V"": 2}",0,0.0,0,0.0,0,0.0,{},0,2,0,0,True
joint_perturb_0p01,material_id,cmr_5a86c2636813d6b401520d96410cc7c7,3,36,0,0,0,0,0,0,0.0,0.0,0.0,,,,,{},0,0.0,0,0.0,0,0.0,"{""charge_compatible_A"": 36}",0,0,0,0,True
joint_perturb_0p01,material_id,cmr_64d9953c18e416a7e01500249a2bbe8d,3,17,2,2,1,1,1,1,0.11764705882352941,0.058823529411764705,0.058823529411764705,0.5,0.5,1.0,1.0,"{""Rb|Nb"": 2}",0,0.0,0,0.0,0,0.0,"{""charge_compatible_A"": 15}",0,0,0,0,True
joint_perturb_0p01,material_id,cmr_682785369aa2b3971943559ce4e3b0ca,3,3,3,3,2,2,2,2,1.0,0.6666666666666666,0.6666666666666666,0.6666666666666666,0.6666666666666666,0.6666666666666666,0.6666666666666666,"{""Ba|Ti"": 1, ""Ba|Zr"": 2}",0,0.0,0,0.0,0,0.0,{},0,0,0,0,True
joint_perturb_0p01,material_id,cmr_78c26d513a55ceb0d9345ce3cdf39c24,3,3,3,3,1,1,1,1,1.0,0.3333333333333333,0.3333333333333333,0.3333333333333333,0.3333333333333333,1.0,1.0,"{""La|Fe"": 3}",0,0.0,0,0.0,0,0.0,{},0,0,0,0,True
joint_perturb_0p01,material_id,cmr_898ee445e8ccfce566bb0883e7821189,3,36,0,0,0,0,0,0,0.0,0.0,0.0,,,,,{},0,0.0,0,0.0,0,0.0,"{""charge_compatible_A"": 36}",0,0,0,0,True
joint_perturb_0p01,material_id,cmr_92838ea148c813c166057e99bfae3d39,3,36,0,0,0,0,0,0,0.0,0.0,0.0,,,,,{},0,0.0,0,0.0,0,0.0,"{""charge_compatible_A"": 36}",0,0,0,0,True
joint_perturb_0p01,material_id,cmr_9747df17e8f2ed98427d905413929dd6,3,36,0,0,0,0,0,0,0.0,0.0,0.0,,,,,{},0,0.0,0,0.0,0,0.0,"{""charge_compatible_A"": 36}",0,0,0,0,True
joint_perturb_0p01,material_id,cmr_98f26503186c693384501157616036cb,3,36,0,0,0,0,0,0,0.0,0.0,0.0,,,,,{},0,0.0,0,0.0,0,0.0,"{""charge_compatible_A"": 36}",0,0,0,0,True
joint_perturb_0p01,material_id,cmr_a36c62d0c7f3713321685a5cb6488f21,3,3,3,3,1,1,1,1,1.0,0.3333333333333333,0.3333333333333333,0.3333333333333333,0.3333333333333333,1.0,1.0,"{""Ba|Mn"": 3}",0,0.0,0,0.0,0,0.0,{},0,0,0,0,True
joint_perturb_0p01,material_id,cmr_bd8c8bb480ad1e9422f4b5cd79215eba,3,3,3,3,1,1,1,1,1.0,0.3333333333333333,0.3333333333333333,0.3333333333333333,0.3333333333333333,1.0,1.0,"{""Ba|V"": 3}",0,0.0,0,0.0,0,0.0,{},0,0,0,0,True
joint_perturb_0p01,material_id,cmr_bf604be7ac3009a8fed955cf6716a2df,3,36,0,0,0,0,0,0,0.0,0.0,0.0,,,,,{},0,0.0,0,0.0,0,0.0,"{""charge_compatible_A"": 36}",0,0,0,0,True
joint_perturb_0p01,material_id,cmr_dbcef27061099822569740c11818d051,3,5,3,3,1,1,1,1,0.6,0.2,0.2,0.3333333333333333,0.3333333333333333,1.0,1.0,"{""Ba|Ti"": 3}",0,0.0,0,0.0,0,0.0,"{""charge_compatible_A"": 2}",0,0,0,0,True
joint_perturb_0p01,material_id,cmr_e8bb6f6ece3b11691f6fbdf699fa676a,3,36,0,0,0,0,0,0,0.0,0.0,0.0,,,,,{},0,0.0,0,0.0,0,0.0,"{""charge_compatible_A"": 36}",0,0,0,0,True
joint_perturb_0p01,material_id,cmr_fa3beecfda0e2ee6c4c5dd7cb9227cca,3,36,0,0,0,0,0,0,0.0,0.0,0.0,,,,,{},0,0.0,0,0.0,0,0.0,"{""charge_compatible_A"": 36}",0,0,0,0,True
joint_perturb_0p05,pooled,all,60,363,36,33,6,6,6,6,0.09090909090909091,0.01652892561983471,0.01652892561983471,0.18181818181818182,0.18181818181818182,0.42424242424242425,0.42424242424242425,"{""Ba|Mn"": 3, ""Ba|Ti"": 9, ""Ba|V"": 14, ""La|Fe"": 5, ""La|Ni"": 1, ""Na|Nb"": 1}",0,0.0,0,0.0,0,0.0,"{""charge_compatible_A"": 327, ""tolerance/mu"": 3}",4,3,0,0,True
joint_perturb_0p05,family,nitride,27,324,0,0,0,0,0,0,0.0,0.0,0.0,,,,,{},0,0.0,0,0.0,0,0.0,"{""charge_compatible_A"": 324}",0,0,0,0,True
joint_perturb_0p05,family,oxide,33,39,36,33,6,6,6,6,0.8461538461538461,0.15384615384615385,0.15384615384615385,0.18181818181818182,0.18181818181818182,0.42424242424242425,0.42424242424242425,"{""Ba|Mn"": 3, ""Ba|Ti"": 9, ""Ba|V"": 14, ""La|Fe"": 5, ""La|Ni"": 1, ""Na|Nb"": 1}",0,0.0,0,0.0,0,0.0,"{""charge_compatible_A"": 3, ""tolerance/mu"": 3}",4,3,0,0,True
joint_perturb_0p05,material_id,cmr_11dacddcba738021fcb7a8ad9b578f91,3,36,0,0,0,0,0,0,0.0,0.0,0.0,,,,,{},0,0.0,0,0.0,0,0.0,"{""charge_compatible_A"": 36}",0,0,0,0,True
joint_perturb_0p05,material_id,cmr_1ec1f206bf87de79380756d894cc7bc2,3,3,3,3,1,1,1,1,1.0,0.3333333333333333,0.3333333333333333,0.3333333333333333,0.3333333333333333,1.0,1.0,"{""Ba|V"": 3}",0,0.0,0,0.0,0,0.0,{},0,0,0,0,True
joint_perturb_0p05,material_id,cmr_20c9853b450e146b0e608362fc2f56d9,3,3,3,3,1,1,1,1,1.0,0.3333333333333333,0.3333333333333333,0.3333333333333333,0.3333333333333333,1.0,1.0,"{""Ba|V"": 3}",0,0.0,0,0.0,0,0.0,{},3,0,0,0,True
joint_perturb_0p05,material_id,cmr_46250f00f7e8fa01346da84ec7156cba,3,3,3,3,3,3,3,3,1.0,1.0,1.0,1.0,1.0,0.3333333333333333,0.3333333333333333,"{""Ba|Mn"": 1, ""La|Fe"": 1, ""La|Ni"": 1}",0,0.0,0,0.0,0,0.0,{},0,0,0,0,True
joint_perturb_0p05,material_id,cmr_48e3dd02e3ba06e1f0ac4ae4a0ccb197,3,3,3,3,2,2,2,2,1.0,0.6666666666666666,0.6666666666666666,0.6666666666666666,0.6666666666666666,0.6666666666666666,0.6666666666666666,"{""Ba|V"": 2, ""Na|Nb"": 1}",0,0.0,0,0.0,0,0.0,{},0,0,0,0,True
joint_perturb_0p05,material_id,cmr_4a1084fcbabc2f7e867be309d49cbe2b,3,5,5,3,1,1,1,1,0.6,0.2,0.2,0.3333333333333333,0.3333333333333333,1.0,1.0,"{""Ba|V"": 3}",0,0.0,0,0.0,0,0.0,"{""tolerance/mu"": 2}",0,3,0,0,True
joint_perturb_0p05,material_id,cmr_5a86c2636813d6b401520d96410cc7c7,3,36,0,0,0,0,0,0,0.0,0.0,0.0,,,,,{},0,0.0,0,0.0,0,0.0,"{""charge_compatible_A"": 36}",0,0,0,0,True
joint_perturb_0p05,material_id,cmr_64d9953c18e416a7e01500249a2bbe8d,3,3,3,3,1,1,1,1,1.0,0.3333333333333333,0.3333333333333333,0.3333333333333333,0.3333333333333333,1.0,1.0,"{""Ba|Ti"": 3}",0,0.0,0,0.0,0,0.0,{},0,0,0,0,True
joint_perturb_0p05,material_id,cmr_682785369aa2b3971943559ce4e3b0ca,3,3,3,3,1,1,1,1,1.0,0.3333333333333333,0.3333333333333333,0.3333333333333333,0.3333333333333333,1.0,1.0,"{""Ba|Ti"": 3}",0,0.0,0,0.0,0,0.0,{},0,0,0,0,True
joint_perturb_0p05,material_id,cmr_78c26d513a55ceb0d9345ce3cdf39c24,3,3,3,3,1,1,1,1,1.0,0.3333333333333333,0.3333333333333333,0.3333333333333333,0.3333333333333333,1.0,1.0,"{""La|Fe"": 3}",0,0.0,0,0.0,0,0.0,{},0,0,0,0,True
joint_perturb_0p05,material_id,cmr_898ee445e8ccfce566bb0883e7821189,3,36,0,0,0,0,0,0,0.0,0.0,0.0,,,,,{},0,0.0,0,0.0,0,0.0,"{""charge_compatible_A"": 36}",0,0,0,0,True
joint_perturb_0p05,material_id,cmr_92838ea148c813c166057e99bfae3d39,3,36,0,0,0,0,0,0,0.0,0.0,0.0,,,,,{},0,0.0,0,0.0,0,0.0,"{""charge_compatible_A"": 36}",0,0,0,0,True
joint_perturb_0p05,material_id,cmr_9747df17e8f2ed98427d905413929dd6,3,36,0,0,0,0,0,0,0.0,0.0,0.0,,,,,{},0,0.0,0,0.0,0,0.0,"{""charge_compatible_A"": 36}",0,0,0,0,True
joint_perturb_0p05,material_id,cmr_98f26503186c693384501157616036cb,3,36,0,0,0,0,0,0,0.0,0.0,0.0,,,,,{},0,0.0,0,0.0,0,0.0,"{""charge_compatible_A"": 36}",0,0,0,0,True
joint_perturb_0p05,material_id,cmr_a36c62d0c7f3713321685a5cb6488f21,3,3,3,3,2,2,2,2,1.0,0.6666666666666666,0.6666666666666666,0.6666666666666666,0.6666666666666666,0.6666666666666666,0.6666666666666666,"{""Ba|Mn"": 2, ""La|Fe"": 1}",0,0.0,0,0.0,0,0.0,{},1,0,0,0,True
joint_perturb_0p05,material_id,cmr_bd8c8bb480ad1e9422f4b5cd79215eba,3,4,4,3,1,1,1,1,0.75,0.25,0.25,0.3333333333333333,0.3333333333333333,1.0,1.0,"{""Ba|V"": 3}",0,0.0,0,0.0,0,0.0,"{""tolerance/mu"": 1}",0,0,0,0,True
joint_perturb_0p05,material_id,cmr_bf604be7ac3009a8fed955cf6716a2df,3,36,0,0,0,0,0,0,0.0,0.0,0.0,,,,,{},0,0.0,0,0.0,0,0.0,"{""charge_compatible_A"": 36}",0,0,0,0,True
joint_perturb_0p05,material_id,cmr_dbcef27061099822569740c11818d051,3,6,3,3,1,1,1,1,0.5,0.16666666666666666,0.16666666666666666,0.3333333333333333,0.3333333333333333,1.0,1.0,"{""Ba|Ti"": 3}",0,0.0,0,0.0,0,0.0,"{""charge_compatible_A"": 3}",0,0,0,0,True
joint_perturb_0p05,material_id,cmr_e8bb6f6ece3b11691f6fbdf699fa676a,3,36,0,0,0,0,0,0,0.0,0.0,0.0,,,,,{},0,0.0,0,0.0,0,0.0,"{""charge_compatible_A"": 36}",0,0,0,0,True
joint_perturb_0p05,material_id,cmr_fa3beecfda0e2ee6c4c5dd7cb9227cca,3,36,0,0,0,0,0,0,0.0,0.0,0.0,,,,,{},0,0.0,0,0.0,0,0.0,"{""charge_compatible_A"": 36}",0,0,0,0,True
